course_id,course_number,total_students,AP,A,AM,BP,B,BM,CP,C,CM,DP,D,DM,F,A_count,B_count,C_count,D_count,F_count,avg_gpa
AA 508,508,16,2,1,7,6,0,0,0,0,0,0,0,0,0,10,6,0,0,0,3.606
AAA 321,321,44,2,13,9,3,9,4,1,1,1,0,0,0,1,24,16,3,0,1,3.341
AAA 399,399,15,0,6,2,7,0,0,0,0,0,0,0,0,0,8,7,0,0,0,3.633
AAA 408,408,19,6,3,1,1,0,0,3,1,1,0,0,0,3,10,1,5,0,3,2.821
AAA 608,608,11,0,1,3,4,2,1,0,0,0,0,0,0,0,4,7,0,0,0,3.364
AAAP 410,410,12,0,3,3,4,1,1,0,0,0,0,0,0,0,6,6,0,0,0,3.5
AAAP 411,411,9,4,1,0,2,1,0,1,0,0,0,0,0,0,5,3,1,0,0,3.544
AAAP 510,510,105,20,45,23,10,3,4,0,0,0,0,0,0,0,88,17,0,0,0,3.79
AAAP 511,511,66,5,26,16,9,5,2,0,3,0,0,0,0,0,47,16,3,0,0,3.626
AAAP 521,521,24,0,7,12,5,0,0,0,0,0,0,0,0,0,19,5,0,0,0,3.704
AAAP 522,522,26,0,13,12,0,1,0,0,0,0,0,0,0,0,25,1,0,0,0,3.823
AAAP 531,531,23,2,11,1,0,6,2,0,1,0,0,0,0,0,14,8,1,0,0,3.526
AAAP 538,538,9,1,3,3,2,0,0,0,0,0,0,0,0,0,7,2,0,0,0,3.744
AAAP 551,551,36,3,18,10,3,1,0,0,1,0,0,0,0,0,31,4,1,0,0,3.775
AAD 199,199,32,2,16,6,2,2,1,0,0,2,0,0,0,1,24,5,2,0,1,3.528
AAD 250,250,1550,0,933,252,110,123,48,14,28,12,5,2,1,22,1185,281,54,8,22,3.641
AAD 251,251,1328,11,740,221,93,87,48,27,35,27,6,4,3,26,972,228,89,13,26,3.548
AAD 252,252,1065,0,350,260,107,109,95,35,34,25,5,6,7,32,610,311,94,18,32,3.293
AAD 301,301,302,0,125,56,23,24,23,14,12,9,1,4,2,9,181,70,35,7,9,3.296
AAD 312,312,184,0,96,43,21,9,5,4,1,2,0,1,0,2,139,35,7,1,2,3.633
AAD 315,315,71,0,28,21,10,8,2,1,0,0,0,0,0,1,49,20,1,0,1,3.583
AAD 410,410,37,0,21,9,1,1,1,1,1,1,0,0,0,1,30,3,3,0,1,3.576
AAD 420,420,51,1,26,11,4,2,4,2,0,0,1,0,0,0,38,10,2,1,0,3.62
AAD 421,421,30,0,5,7,3,8,1,1,0,2,1,1,1,0,12,12,3,3,0,3.04
AAD 425,425,13,2,4,0,2,2,2,0,0,0,0,0,0,1,6,6,0,0,1,3.231
AAD 430,430,186,0,60,48,36,21,9,6,1,1,0,1,0,3,108,66,8,1,3,3.453
AAD 434,434,21,0,10,1,4,3,1,2,0,0,0,0,0,0,11,8,2,0,0,3.486
AAD 510,510,28,14,9,1,1,0,0,1,1,0,0,1,0,0,24,1,2,1,0,3.725
AAD 612,612,39,0,21,13,5,0,0,0,0,0,0,0,0,0,34,5,0,0,0,3.81
ACTG 211,211,8875,243,779,843,1050,1340,1075,942,1220,796,23,337,6,221,1865,3465,2958,366,221,2.696
ACTG 213,213,6990,198,820,799,861,1204,897,693,627,497,64,160,28,142,1817,2962,1817,252,142,2.841
ACTG 340,340,1962,50,285,242,276,488,200,155,169,57,5,21,2,12,577,964,381,28,12,3.043
ACTG 350,350,1802,103,212,270,275,309,197,137,142,89,1,21,2,44,585,781,368,24,44,2.996
ACTG 351,351,1402,54,256,170,186,259,146,122,138,50,1,12,0,8,480,591,310,13,8,3.073
ACTG 352,352,1310,51,249,148,163,235,145,96,95,72,0,42,0,14,448,543,263,42,14,3.021
ACTG 360,360,1383,41,175,216,243,281,190,89,75,46,0,11,2,14,432,714,210,13,14,3.085
ACTG 410,410,398,6,157,115,51,28,23,12,5,0,0,0,0,1,278,102,17,0,1,3.592
ACTG 425,425,54,0,10,13,12,12,3,3,1,0,0,0,0,0,23,27,4,0,0,3.346
ACTG 440,440,1168,38,213,194,213,266,102,70,48,19,0,2,1,2,445,581,137,3,2,3.245
ACTG 450,450,1209,56,205,92,124,230,108,105,132,84,0,33,0,40,353,462,321,33,40,2.859
ACTG 460,460,37,0,3,11,19,4,0,0,0,0,0,0,0,0,14,23,0,0,0,3.443
ACTG 470,470,1224,27,145,120,178,228,144,136,109,86,2,33,1,15,292,550,331,36,15,2.864
ACTG 480,480,78,0,23,15,22,9,6,1,1,0,0,0,0,1,38,37,2,0,1,3.431
ACTG 510,510,328,19,127,86,52,31,9,3,1,0,0,0,0,0,232,92,4,0,0,3.659
ACTG 525,525,23,2,8,4,6,2,1,0,0,0,0,0,0,0,14,9,0,0,0,3.622
ACTG 560,560,22,0,10,11,0,1,0,0,0,0,0,0,0,0,21,1,0,0,0,3.805
ACTG 580,580,147,0,73,49,17,8,0,0,0,0,0,0,0,0,122,25,0,0,0,3.765
ACTG 608,608,425,19,186,113,60,38,7,1,1,0,0,0,0,0,318,105,2,0,0,3.702
ACTG 610,610,408,16,160,89,61,65,10,3,2,2,0,0,0,0,265,136,7,0,0,3.605
ACTG 612,612,1167,28,243,302,212,260,111,6,4,0,0,0,0,1,573,583,10,0,1,3.43
ACTG 616,616,21,0,3,8,6,4,0,0,0,0,0,0,0,0,11,10,0,0,0,3.495
ACTG 617,617,330,8,35,78,64,88,46,7,3,1,0,0,0,0,121,198,11,0,0,3.284
ACTG 618,618,316,18,57,43,37,71,34,7,18,20,0,10,0,1,118,142,45,10,1,3.108
ACTG 619,619,25,2,9,4,5,4,1,0,0,0,0,0,0,0,15,10,0,0,0,3.6
ACTG 620,620,46,0,18,9,8,10,0,0,0,0,0,0,0,1,27,18,0,0,1,3.515
ACTG 625,625,185,9,41,17,19,40,27,11,12,5,0,4,0,0,67,86,28,4,0,3.137
ACTG 630,630,336,8,71,93,57,73,28,3,3,0,0,0,0,0,172,158,6,0,0,3.44
ACTG 631,631,509,20,140,74,103,109,36,9,13,4,0,0,0,1,234,248,26,0,1,3.402
ACTG 642,642,186,0,37,95,38,13,3,0,0,0,0,0,0,0,132,54,0,0,0,3.613
ACTG 662,662,509,10,142,124,111,70,38,8,6,0,0,0,0,0,276,219,14,0,0,3.489
ACTG 681,681,60,0,20,17,12,11,0,0,0,0,0,0,0,0,37,23,0,0,0,3.592
ACTG 682,682,33,2,15,10,4,1,1,0,0,0,0,0,0,0,27,6,0,0,0,3.755
AEII 013,013,12,0,6,0,0,3,1,0,0,1,0,1,0,0,6,4,1,1,0,3.2
AEII 014,014,71,4,19,18,5,9,10,0,1,0,2,2,0,1,41,24,1,4,1,3.32
AEII 015,015,154,24,54,20,17,22,5,0,0,1,1,1,0,9,98,44,1,2,9,3.413
AEII 016,016,68,6,25,14,6,6,4,2,2,0,0,0,0,3,45,16,4,0,3,3.426
AEII 024,024,38,1,7,5,7,10,4,0,0,1,0,1,0,2,13,21,1,1,2,3.082
AEII 025,025,142,6,18,32,21,27,19,1,4,3,1,2,0,8,56,67,8,3,8,3.061
AEII 026,026,93,12,30,15,8,10,2,3,2,0,0,1,1,9,57,20,5,2,9,3.203
AEII 033,033,11,1,5,2,0,0,1,0,0,1,0,0,0,1,8,1,1,0,1,3.255
AEII 034,034,38,7,11,4,3,7,3,0,0,2,1,0,0,0,22,13,2,1,0,3.434
AEII 035,035,124,15,33,19,15,15,13,2,3,2,0,3,0,4,67,43,7,3,4,3.298
AEII 036,036,104,6,30,24,10,14,11,2,0,0,2,1,0,4,60,35,2,3,4,3.324
AEII 064,064,43,11,10,9,2,7,4,0,0,0,0,0,0,0,30,13,0,0,0,3.621
AEIP 060,060,46,6,19,8,4,4,3,0,1,1,0,0,0,0,33,11,2,0,0,3.622
AEIS 101,101,1252,136,309,256,112,163,87,43,49,36,8,7,10,36,701,362,128,25,36,3.277
AEIS 102,102,1584,204,369,349,184,160,119,51,56,43,5,8,5,31,922,463,150,18,31,3.354
AEIS 107,107,1542,54,211,318,251,218,196,75,64,70,15,14,7,49,583,665,209,36,49,3.052
AEIS 108,108,428,17,59,101,70,52,39,24,25,20,3,2,1,15,177,161,69,6,15,3.074
AEIS 110,110,1286,58,205,272,210,170,124,67,53,43,18,19,10,37,535,504,163,47,37,3.094
AEIS 111,111,1822,87,267,380,261,280,228,107,69,58,18,18,7,42,734,769,234,43,42,3.111
AEIS 112,112,2030,125,420,472,256,262,206,92,79,41,9,12,9,47,1017,724,212,30,47,3.243
AFR 199,199,15,1,2,6,3,0,1,0,1,0,1,0,0,0,9,4,1,1,0,3.34
AFR 215,215,599,77,198,96,81,39,32,24,15,9,1,3,3,21,371,152,48,7,21,3.394
AIM 607,607,37,1,15,9,7,3,2,0,0,0,0,0,0,0,25,12,0,0,0,3.643
AIM 610,610,13,1,7,3,0,2,0,0,0,0,0,0,0,0,11,2,0,0,0,3.777
AIM 642,642,33,0,14,7,5,4,3,0,0,0,0,0,0,0,21,12,0,0,0,3.591
AIM 654,654,12,3,4,4,0,0,0,0,1,0,0,0,0,0,11,0,1,0,0,3.733
AIM 656,656,20,0,13,6,1,0,0,0,0,0,0,0,0,0,19,1,0,0,0,3.875
AIM 665,665,34,0,13,17,2,1,0,1,0,0,0,0,0,0,30,3,1,0,0,3.729
ANTH 110,110,636,0,32,85,89,131,86,65,45,28,13,13,6,43,117,306,138,32,43,2.646
ANTH 114,114,2225,208,537,371,240,345,179,98,88,36,21,16,7,79,1116,764,222,44,79,3.224
ANTH 119,119,2114,99,488,439,272,283,188,97,88,40,11,12,13,84,1026,743,225,36,84,3.183
ANTH 145,145,4583,411,1133,733,568,672,331,201,192,91,38,65,23,125,2277,1571,484,126,125,3.23
ANTH 150,150,3020,175,698,495,340,406,292,164,173,96,37,45,28,71,1368,1038,433,110,71,3.129
ANTH 161,161,5615,555,921,1083,713,695,578,310,294,148,48,66,33,171,2559,1986,752,147,171,3.137
ANTH 162,162,624,10,78,130,104,111,69,31,35,14,6,10,2,24,218,284,80,18,24,3.012
ANTH 163,163,2911,17,456,586,444,544,293,184,163,73,25,38,11,77,1059,1281,420,74,77,3.057
ANTH 165,165,2993,84,807,672,378,388,239,126,118,47,9,14,6,105,1563,1005,291,29,105,3.255
ANTH 170,170,1713,24,77,108,149,247,218,192,234,134,68,74,35,153,209,614,560,177,153,2.305
ANTH 171,171,2695,78,453,303,308,380,279,258,220,130,70,88,40,88,834,967,608,198,88,2.826
ANTH 173,173,5132,169,471,347,488,1340,389,452,697,180,122,162,28,287,987,2217,1329,312,287,2.651
ANTH 175,175,1901,200,293,300,277,329,167,91,102,55,26,26,7,28,793,773,248,59,28,3.159
ANTH 176,176,1368,76,136,132,142,161,137,111,144,92,48,58,37,94,344,440,347,143,94,2.561
ANTH 199,199,84,6,15,14,21,10,5,2,2,3,2,1,1,2,35,36,7,4,2,3.174
ANTH 199L,199L,86,2,39,4,11,8,2,6,4,2,3,0,0,5,45,21,12,3,5,3.181
ANTH 220,220,3275,381,638,585,405,471,241,149,164,68,28,31,27,87,1604,1117,381,86,87,3.21
ANTH 223,223,392,40,86,73,64,65,26,12,9,5,1,0,2,9,199,155,26,3,9,3.335
ANTH 224M,224M,41,2,8,6,6,7,1,4,1,0,1,1,1,3,16,14,5,3,3,2.924
ANTH 243,243,60,3,3,10,11,13,14,2,1,0,2,0,0,1,16,38,3,2,1,3.055
ANTH 248,248,279,6,39,37,24,59,23,21,35,11,6,8,1,9,82,106,67,15,9,2.827
ANTH 250,250,180,9,31,33,18,45,17,1,10,3,1,4,0,8,73,80,14,5,8,3.084
ANTH 255,255,376,71,167,74,32,14,6,2,4,1,2,1,0,2,312,52,7,3,2,3.743
ANTH 260,260,899,39,213,142,123,178,55,39,53,27,6,9,2,13,394,356,119,17,13,3.205
ANTH 270,270,2150,133,290,257,253,314,209,159,184,118,56,56,27,94,680,776,461,139,94,2.821
ANTH 274,274,1825,217,307,246,203,281,186,110,104,50,22,31,23,45,770,670,264,76,45,3.092
ANTH 278,278,2369,109,355,352,327,414,200,142,164,77,42,55,23,109,816,941,383,120,109,2.926
ANTH 280,280,58,2,12,7,5,5,5,3,7,2,4,1,0,5,21,15,12,5,5,2.714
ANTH 310,310,109,13,36,20,18,9,4,1,3,3,0,0,1,1,69,31,7,1,1,3.498
ANTH 311,311,112,19,40,19,7,9,5,5,1,0,0,1,1,5,78,21,6,2,5,3.438
ANTH 314,314,65,0,9,10,12,7,9,4,2,2,2,3,0,5,19,28,8,5,5,2.771
ANTH 315,315,587,63,108,106,67,73,54,27,34,24,4,3,3,21,277,194,85,10,21,3.14
ANTH 320,320,106,46,39,4,1,10,0,0,5,0,0,1,0,0,89,11,5,1,0,3.765
ANTH 322,322,262,27,35,31,32,45,33,8,18,10,1,4,2,16,93,110,36,7,16,2.941
ANTH 326,326,109,0,18,14,15,16,13,9,3,5,4,3,3,6,32,44,17,10,6,2.77
ANTH 328,328,16,1,1,6,2,0,3,2,0,1,0,0,0,0,8,5,3,0,0,3.2
ANTH 329,329,516,88,175,85,42,45,27,19,8,7,0,0,0,20,348,114,34,0,20,3.459
ANTH 330,330,2133,30,480,260,237,455,181,113,174,70,16,36,10,71,770,873,357,62,71,3.014
ANTH 331,331,480,1,67,118,97,67,54,25,9,8,5,4,0,25,186,218,42,9,25,3.073
ANTH 332,332,1565,22,337,129,168,390,83,82,185,48,16,39,6,60,488,641,315,61,60,2.918
ANTH 340,340,91,12,34,19,8,5,1,4,2,1,1,0,0,4,65,14,7,1,4,3.457
ANTH 341,341,1096,44,134,154,142,197,126,77,74,79,9,12,13,35,332,465,230,34,35,2.896
ANTH 342,342,611,44,142,94,71,105,39,24,39,11,2,7,3,30,280,215,74,12,30,3.126
ANTH 343,343,453,28,60,60,71,83,51,27,19,15,3,3,3,30,148,205,61,9,30,2.935
ANTH 344,344,1533,119,360,271,206,197,100,84,61,51,12,10,11,51,750,503,196,33,51,3.193
ANTH 345,345,215,13,40,35,12,34,17,9,17,23,2,2,1,10,88,63,49,5,10,2.921
ANTH 346,346,60,12,26,8,1,5,2,2,2,2,0,0,0,0,46,8,6,0,0,3.622
ANTH 347,347,155,3,18,25,23,35,16,13,7,5,3,3,0,4,46,74,25,6,4,2.967
ANTH 349,349,962,5,198,162,106,150,88,50,94,44,11,16,7,31,365,344,188,34,31,2.975
ANTH 361,361,273,15,27,18,40,36,30,24,31,16,5,8,5,18,60,106,71,18,18,2.63
ANTH 362,362,1570,103,381,269,226,239,129,70,58,33,11,10,6,35,753,594,161,27,35,3.251
ANTH 365,365,2916,354,528,572,335,343,234,135,106,90,25,21,9,164,1454,912,331,55,164,3.136
ANTH 366,366,266,5,23,22,23,51,31,30,42,11,6,9,4,9,50,105,83,19,9,2.621
ANTH 369,369,2132,163,421,366,275,359,193,78,120,65,17,21,7,47,950,827,263,45,47,3.177
ANTH 373,373,363,1,37,46,40,86,46,27,31,10,6,11,4,18,84,172,68,21,18,2.752
ANTH 375,375,43,4,10,4,5,8,1,2,2,2,0,0,0,5,18,14,6,0,5,2.93
ANTH 376,376,403,20,47,63,43,73,43,24,38,15,7,11,1,18,130,159,77,19,18,2.867
ANTH 399,399,84,32,15,5,10,12,4,3,0,1,0,0,0,2,52,26,4,0,2,3.511
ANTH 399L,399L,20,3,11,1,2,1,1,0,0,0,0,0,0,1,15,4,0,0,1,3.6
ANTH 400M,400M,33,5,8,6,4,8,0,0,2,0,0,0,0,0,19,12,2,0,0,3.497
ANTH 408,408,16,3,10,1,2,0,0,0,0,0,0,0,0,0,14,2,0,0,0,3.894
ANTH 410,410,637,148,187,92,54,52,30,16,20,8,2,2,2,24,427,136,44,6,24,3.441
ANTH 411,411,47,3,33,7,1,1,0,1,0,0,0,0,0,1,43,2,1,0,1,3.798
ANTH 413,413,305,17,50,38,33,66,36,17,16,6,1,5,0,20,105,135,39,6,20,2.952
ANTH 414,414,10,0,1,2,2,2,1,0,0,1,0,0,0,1,3,5,1,0,1,2.84
ANTH 415,415,30,0,11,3,1,11,2,1,0,0,0,0,0,1,14,14,1,0,1,3.303
ANTH 420,420,151,47,38,30,17,7,6,2,1,1,0,1,0,1,115,30,4,1,1,3.666
ANTH 427M,427M,13,1,4,6,1,1,0,0,0,0,0,0,0,0,11,2,0,0,0,3.731
ANTH 428M,428M,13,0,7,5,0,1,0,0,0,0,0,0,0,0,12,1,0,0,0,3.808
ANTH 429,429,73,0,12,9,8,12,14,7,4,4,0,0,0,3,21,34,15,0,3,2.91
ANTH 430,430,47,0,4,3,7,7,8,6,5,1,1,2,0,3,7,22,12,3,3,2.587
ANTH 431,431,54,2,6,16,14,11,2,0,2,1,0,0,0,0,24,27,3,0,0,3.361
ANTH 434,434,39,0,15,9,2,7,0,0,1,0,0,1,0,4,24,9,1,1,4,3.177
ANTH 438,438,81,7,29,15,10,5,5,4,1,1,0,0,1,3,51,20,6,1,3,3.39
ANTH 441,441,285,21,89,58,32,32,21,8,6,3,0,1,2,12,168,85,17,3,12,3.336
ANTH 442,442,156,11,38,13,16,21,16,10,16,5,2,2,0,6,62,53,31,4,6,3.021
ANTH 443,443,53,0,13,8,6,8,7,4,3,1,0,1,1,1,21,21,8,2,1,3.074
ANTH 444,444,19,4,10,2,0,0,1,1,1,0,0,0,0,0,16,1,2,0,0,3.705
ANTH 446,446,24,1,4,5,5,3,3,0,2,0,0,0,0,1,10,11,2,0,1,3.171
ANTH 448,448,55,20,9,7,5,5,2,2,2,0,0,0,0,3,36,12,4,0,3,3.407
ANTH 449,449,76,29,21,11,4,6,2,1,0,1,0,0,0,1,61,12,2,0,1,3.701
ANTH 450,450,22,2,8,5,0,5,0,1,0,1,0,0,0,0,15,5,2,0,0,3.523
ANTH 453,453,163,5,46,28,23,20,10,2,7,5,0,0,2,15,79,53,14,2,15,3.061
ANTH 456,456,290,74,94,17,21,30,14,3,10,4,1,1,6,15,185,65,17,8,15,3.352
ANTH 459,459,99,8,30,19,15,16,3,2,2,0,1,1,1,1,57,34,4,3,1,3.429
ANTH 462,462,32,0,5,6,8,10,1,1,0,0,0,0,1,0,11,19,1,1,0,3.259
ANTH 463,463,330,31,76,48,44,48,29,14,10,7,3,0,2,18,155,121,31,5,18,3.159
ANTH 466,466,52,3,11,13,10,4,3,0,1,0,0,0,0,7,27,17,1,0,7,3.062
ANTH 467,467,91,3,19,16,14,15,10,2,4,0,0,2,1,5,38,39,6,3,5,3.085
ANTH 468,468,34,2,11,3,4,6,0,1,1,1,2,0,0,3,16,10,3,2,3,3.026
ANTH 470,470,135,24,34,16,12,21,4,3,3,1,1,0,0,16,74,37,7,1,16,3.115
ANTH 471,471,55,7,24,3,9,8,2,0,1,0,0,1,0,0,34,19,1,1,0,3.585
ANTH 472,472,195,16,74,30,26,22,4,5,10,1,0,0,1,6,120,52,16,1,6,3.423
ANTH 473,473,48,8,10,5,6,8,3,2,2,0,2,1,0,1,23,17,4,3,1,3.221
ANTH 474,474,18,0,9,5,1,3,0,0,0,0,0,0,0,0,14,4,0,0,0,3.711
ANTH 475,475,57,14,17,7,6,4,3,1,3,0,0,0,1,1,38,13,4,1,1,3.488
ANTH 479,479,127,17,29,28,17,10,16,3,0,0,0,1,1,5,74,43,3,2,5,3.35
ANTH 481,481,103,0,54,14,10,14,0,0,4,0,0,0,0,7,68,24,4,0,7,3.406
ANTH 487,487,110,6,20,18,17,21,7,5,6,0,4,2,1,3,44,45,11,7,3,3.091
ANTH 488,488,67,2,9,20,18,7,5,1,0,2,1,1,0,1,31,30,3,2,1,3.282
ANTH 493,493,19,2,6,7,0,1,2,0,1,0,0,0,0,0,15,3,1,0,0,3.595
ANTH 610,610,9,0,4,5,0,0,0,0,0,0,0,0,0,0,9,0,0,0,0,3.833
ANTH 611,611,30,9,16,4,1,0,0,0,0,0,0,0,0,0,29,1,0,0,0,3.937
ANTH 689,689,11,4,3,3,1,0,0,0,0,0,0,0,0,0,10,1,0,0,0,3.855
ANTM 408,408,13,4,6,0,1,0,1,0,1,0,0,0,0,0,10,2,1,0,0,3.692
ARB 101,101,408,101,138,69,31,20,25,13,3,0,0,0,0,8,308,76,16,0,8,3.62
ARB 102,102,244,59,54,33,29,23,19,10,10,2,0,0,0,5,146,71,22,0,5,3.428
ARB 103,103,179,44,46,26,16,14,5,11,8,3,0,3,0,3,116,35,22,3,3,3.43
ARB 199,199,9,3,0,3,2,0,1,0,0,0,0,0,0,0,6,3,0,0,0,3.6
ARB 201,201,93,24,21,19,11,3,8,2,3,0,0,0,0,2,64,22,5,0,2,3.525
ARB 202,202,71,6,17,17,9,6,10,4,2,0,0,0,0,0,40,25,6,0,0,3.42
ARB 203,203,81,12,17,10,12,13,4,5,4,2,0,0,0,2,39,29,11,0,2,3.275
ARB 301,301,60,12,17,6,6,7,8,1,3,0,0,0,0,0,35,21,4,0,0,3.482
ARB 302,302,58,16,14,7,4,4,6,6,1,0,0,0,0,0,37,14,7,0,0,3.502
ARB 303,303,25,6,11,5,0,0,1,1,0,0,0,0,0,1,22,1,1,0,1,3.66
ARB 331,331,33,1,10,9,5,5,2,1,0,0,0,0,0,0,20,12,1,0,0,3.53
ARB 353,353,127,38,48,30,3,3,1,2,1,0,0,0,0,1,116,7,3,0,1,3.805
ARB 399,399,28,1,7,5,8,2,4,0,0,1,0,0,0,0,13,14,1,0,0,3.407
ARB 410,410,37,4,11,7,7,5,2,0,1,0,0,0,0,0,22,14,1,0,0,3.551
ARCH 201,201,1770,83,390,343,189,274,105,98,106,47,17,54,9,55,816,568,251,80,55,3.102
ARCH 222,222,1054,83,488,190,123,53,28,22,19,12,4,3,2,27,761,204,53,9,27,3.554
ARCH 405,405,9,2,3,1,1,1,0,1,0,0,0,0,0,0,6,2,1,0,0,3.589
ARCH 407,407,161,6,44,45,24,22,9,2,1,4,1,1,0,2,95,55,7,2,2,3.427
ARCH 410,410,309,44,107,73,28,34,12,2,4,1,0,0,1,3,224,74,7,1,3,3.611
ARCH 410L,410L,9,1,1,3,1,2,0,0,0,0,0,1,0,0,5,3,0,1,0,3.267
ARCH 417,417,496,25,60,71,66,126,52,33,42,7,2,6,0,6,156,244,82,8,6,3.063
ARCH 423,423,359,42,128,74,52,26,13,5,10,1,0,0,0,8,244,91,16,0,8,3.542
ARCH 430,430,730,65,171,107,85,128,57,34,55,19,2,2,0,5,343,270,108,4,5,3.265
ARCH 431,431,69,2,27,24,13,1,1,0,1,0,0,0,0,0,53,15,1,0,0,3.701
ARCH 435,435,96,5,49,24,11,0,3,0,1,0,0,0,0,3,78,14,1,0,3,3.658
ARCH 438,438,97,0,29,35,22,3,4,1,0,2,0,0,0,1,64,29,3,0,1,3.542
ARCH 439,439,71,0,34,21,11,0,3,0,0,1,0,1,0,0,55,14,1,1,0,3.673
ARCH 440,440,913,78,268,191,115,108,78,20,23,18,4,1,0,9,537,301,61,5,9,3.432
ARCH 450,450,925,37,144,155,174,193,103,44,46,13,1,3,2,10,336,470,103,6,10,3.189
ARCH 458,458,15,1,9,2,1,1,0,0,0,0,0,0,0,1,12,2,0,0,1,3.58
ARCH 461,461,515,81,66,81,68,67,62,35,20,20,7,3,3,2,228,197,75,13,2,3.202
ARCH 462,462,447,106,91,87,54,34,26,20,6,5,2,4,1,11,284,114,31,7,11,3.432
ARCH 470,470,928,146,147,149,107,142,106,46,43,19,4,7,1,11,442,355,108,12,11,3.26
ARCH 471,471,433,7,53,66,45,102,46,36,42,17,5,6,2,6,126,193,95,13,6,2.939
ARCH 472,472,15,2,1,5,4,2,1,0,0,0,0,0,0,0,8,7,0,0,0,3.493
ARCH 476,476,38,11,8,8,4,2,2,1,1,1,0,0,0,0,27,8,3,0,0,3.584
ARCH 491,491,747,113,278,126,57,103,26,20,14,4,1,0,2,3,517,186,38,3,3,3.589
ARCH 492,492,868,173,186,146,110,110,79,28,12,13,1,3,0,7,505,299,53,4,7,3.453
ARCH 493M,493M,34,5,8,5,4,7,1,1,1,2,0,0,0,0,18,12,4,0,0,3.385
ARCH 495,495,12,0,1,5,3,2,0,0,0,0,0,0,0,1,6,5,0,0,1,3.2
ARCH 500M,500M,10,0,2,3,3,1,0,1,0,0,0,0,0,0,5,4,1,0,0,3.43
ARCH 507,507,240,34,87,67,30,13,7,1,1,0,0,0,0,0,188,50,2,0,0,3.721
ARCH 510,510,277,48,122,62,29,15,1,0,0,0,0,0,0,0,232,45,0,0,0,3.801
ARCH 517,517,291,40,82,61,36,51,14,4,3,0,0,0,0,0,183,101,7,0,0,3.569
ARCH 523,523,95,12,20,36,17,9,1,0,0,0,0,0,0,0,68,27,0,0,0,3.653
ARCH 530,530,183,44,52,45,16,16,7,0,1,0,0,0,0,2,141,39,1,0,2,3.673
ARCH 531,531,12,2,5,1,0,1,2,1,0,0,0,0,0,0,8,3,1,0,0,3.533
ARCH 535,535,57,0,32,19,1,3,1,0,1,0,0,0,0,0,51,5,1,0,0,3.777
ARCH 537,537,69,6,25,20,13,5,0,0,0,0,0,0,0,0,51,18,0,0,0,3.709
ARCH 538,538,83,5,35,21,16,3,3,0,0,0,0,0,0,0,61,22,0,0,0,3.706
ARCH 539,539,48,1,24,22,0,0,0,0,1,0,0,0,0,0,47,0,1,0,0,3.821
ARCH 540,540,326,43,133,74,35,21,13,2,1,1,0,1,1,1,250,69,4,2,1,3.685
ARCH 550,550,228,36,53,59,31,24,12,4,3,2,1,1,0,2,148,67,9,2,2,3.517
ARCH 558,558,51,1,24,25,1,0,0,0,0,0,0,0,0,0,50,1,0,0,0,3.839
ARCH 561,561,157,48,22,23,17,17,21,3,5,1,0,0,0,0,93,55,9,0,0,3.487
ARCH 562,562,223,60,42,44,31,22,10,5,4,4,1,0,0,0,146,63,13,1,0,3.559
ARCH 570,570,207,53,45,43,20,22,15,1,2,1,0,0,1,4,141,57,4,1,4,3.538
ARCH 571,571,339,14,82,53,34,99,30,7,17,1,0,0,0,2,149,163,25,0,2,3.31
ARCH 576,576,35,4,14,4,6,4,1,0,2,0,0,0,0,0,22,11,2,0,0,3.58
ARCH 591,591,202,46,90,33,15,13,4,1,0,0,0,0,0,0,169,32,1,0,0,3.8
ARCH 592,592,302,115,74,53,28,23,9,0,0,0,0,0,0,0,242,60,0,0,0,3.768
ARCH 593M,593M,22,4,7,3,3,3,2,0,0,0,0,0,0,0,14,8,0,0,0,3.609
ARCH 594M,594M,10,4,3,1,0,1,1,0,0,0,0,0,0,0,8,2,0,0,0,3.74
ARCH 595,595,22,6,8,8,0,0,0,0,0,0,0,0,0,0,22,0,0,0,0,3.891
ARCH 596,596,8,3,4,0,0,0,0,0,0,1,0,0,0,0,7,0,1,0,0,3.712
ARCH 607,607,141,0,56,46,30,8,1,0,0,0,0,0,0,0,102,39,0,0,0,3.687
ARCH 610,610,90,19,24,31,13,1,0,0,0,0,0,0,0,2,74,14,0,0,2,3.696
ARCH 631,631,19,1,5,7,5,0,0,0,0,0,0,0,0,1,13,5,0,0,1,3.495
ARCH 633,633,19,12,5,2,0,0,0,0,0,0,0,0,0,0,19,0,0,0,0,3.968
ARCH 661,661,12,0,12,0,0,0,0,0,0,0,0,0,0,0,12,0,0,0,0,4.0
ARH 101,101,357,24,58,60,54,62,32,19,14,7,3,3,4,17,142,148,40,10,17,3.064
ARH 150,150,818,76,167,125,104,136,58,39,35,19,9,12,7,31,368,298,93,28,31,3.133
ARH 199,199,86,15,17,14,8,8,8,2,6,3,0,0,1,4,46,24,11,1,4,3.188
ARH 204,204,977,32,289,158,102,123,66,30,56,38,15,28,7,33,479,291,124,50,33,3.122
ARH 205,205,937,49,194,138,121,154,73,40,55,26,10,16,6,55,381,348,121,32,55,3.01
ARH 206,206,820,16,151,144,91,102,98,56,50,36,8,12,17,39,311,291,142,37,39,2.922
ARH 208,208,974,33,153,163,135,128,105,78,51,55,16,15,6,36,349,368,184,37,36,2.952
ARH 209,209,716,114,116,142,55,70,55,27,28,29,13,11,9,47,372,180,84,33,47,3.054
ARH 210,210,530,92,153,84,62,47,34,12,15,8,1,5,5,12,329,143,35,11,12,3.414
ARH 211,211,651,35,145,143,78,92,58,27,21,14,4,4,7,23,323,228,62,15,23,3.197
ARH 300,300,57,0,19,19,4,4,3,0,2,0,0,0,2,4,38,11,2,2,4,3.246
ARH 314,314,1696,34,258,366,259,229,252,104,74,47,15,13,8,37,658,740,225,36,37,3.095
ARH 315,315,1551,65,436,324,165,249,116,43,68,24,7,17,4,33,825,530,135,28,33,3.296
ARH 316,316,63,0,12,17,11,12,6,0,1,3,1,0,0,0,29,29,4,1,0,3.298
ARH 317,317,90,0,7,24,13,16,16,4,3,3,0,1,1,2,31,45,10,2,2,3.032
ARH 321,321,33,6,21,0,2,1,1,1,0,0,0,0,0,1,27,4,1,0,1,3.715
ARH 322,322,257,24,112,38,27,25,12,4,6,2,2,1,0,4,174,64,12,3,4,3.538
ARH 323,323,183,15,59,23,25,28,8,6,7,5,0,1,1,5,97,61,18,2,5,3.318
ARH 324,324,14,1,3,2,3,2,0,2,0,1,0,0,0,0,6,5,3,0,0,3.257
ARH 325,325,92,10,29,17,7,8,7,4,3,2,1,0,1,3,56,22,9,2,3,3.321
ARH 326,326,74,3,16,16,15,4,7,5,2,2,0,1,0,3,35,26,9,1,3,3.182
ARH 327,327,95,1,16,17,17,13,9,11,5,3,0,0,0,3,34,39,19,0,3,3.06
ARH 341,341,237,16,83,41,24,25,20,7,8,2,0,2,1,8,140,69,17,3,8,3.351
ARH 343,343,105,0,18,19,20,13,11,8,4,3,2,4,1,2,37,44,15,7,2,3.008
ARH 344,344,31,1,3,6,5,3,5,4,2,0,1,0,0,1,10,13,6,1,1,2.958
ARH 348,348,155,3,14,33,29,32,15,13,4,4,2,0,0,6,50,76,21,2,6,3.03
ARH 350,350,154,30,16,23,22,10,17,5,8,5,1,1,3,13,69,49,18,5,13,2.974
ARH 351,351,169,3,17,39,22,21,21,13,9,5,4,3,4,8,59,64,27,11,8,2.864
ARH 352,352,135,0,26,24,16,22,24,6,1,1,0,2,4,9,50,62,8,6,9,2.953
ARH 353,353,807,62,130,105,82,109,81,62,65,29,11,11,10,50,297,272,156,32,50,2.884
ARH 354,354,1127,45,283,226,148,116,108,49,40,25,6,16,12,53,554,372,114,34,53,3.144
ARH 358,358,1613,65,306,327,264,212,168,85,64,36,8,18,9,51,698,644,185,35,51,3.146
ARH 359,359,923,40,153,178,126,118,105,68,39,34,12,11,2,37,371,349,141,25,37,3.038
ARH 368,368,268,50,72,43,26,34,21,8,1,3,3,1,2,4,165,81,12,6,4,3.446
ARH 372,372,129,3,55,33,15,12,5,2,4,0,0,0,0,0,91,32,6,0,0,3.61
ARH 373,373,60,2,15,19,12,7,0,1,0,1,0,1,1,1,36,19,2,2,1,3.41
ARH 382,382,27,2,6,2,1,3,2,1,2,2,0,2,1,3,10,6,5,3,3,2.574
ARH 387,387,313,8,45,35,50,40,39,32,20,13,8,4,8,11,88,129,65,20,11,2.835
ARH 399,399,798,67,201,171,97,91,61,30,20,22,4,5,6,23,439,249,72,15,23,3.287
ARH 407,407,101,1,49,35,9,2,0,1,0,0,0,0,0,4,85,11,1,0,4,3.639
ARH 410,410,413,21,81,94,62,51,34,21,11,9,1,4,3,21,196,147,41,8,21,3.143
ARH 421,421,67,2,17,12,3,10,8,5,3,2,0,0,0,5,31,21,10,0,5,3.027
ARH 424,424,25,3,2,6,2,5,2,1,3,0,0,0,0,1,11,9,4,0,1,3.1
ARH 425,425,118,0,33,29,18,16,7,6,1,1,1,3,0,3,62,41,8,4,3,3.283
ARH 440,440,39,1,7,12,10,4,3,1,0,0,0,0,0,1,20,17,1,0,1,3.379
ARH 450,450,22,1,6,5,5,1,1,2,0,0,0,0,1,0,12,7,2,1,0,3.364
ARH 453,453,64,0,14,7,9,7,7,2,2,1,2,1,3,9,21,23,5,6,9,2.617
ARH 456,456,17,0,5,4,2,1,3,1,0,0,1,0,0,0,9,6,1,1,0,3.3
ARH 457,457,115,10,18,22,14,13,14,9,4,2,1,0,2,6,50,41,15,3,6,3.054
ARH 462,462,39,4,11,8,0,8,2,0,4,1,0,0,0,1,23,10,5,0,1,3.3
ARH 465,465,109,0,24,31,10,21,9,7,2,3,0,1,0,1,55,40,12,1,1,3.277
ARH 466,466,97,2,21,22,17,19,8,0,3,2,1,0,0,2,45,44,5,1,2,3.287
ARH 471,471,28,1,9,7,5,0,1,0,0,0,0,2,0,3,17,6,0,2,3,3.111
ARH 481,481,62,6,10,7,16,9,3,1,3,3,0,2,1,1,23,28,7,3,1,3.127
ARH 485,485,67,17,10,15,6,2,8,1,3,0,1,0,0,4,42,16,4,1,4,3.291
ARH 488,488,12,1,1,3,2,1,3,0,0,1,0,0,0,0,5,6,1,0,0,3.208
ARH 510,510,10,0,1,3,4,2,0,0,0,0,0,0,0,0,4,6,0,0,0,3.43
ARH 540,540,11,0,6,3,2,0,0,0,0,0,0,0,0,0,9,2,0,0,0,3.791
ARH 557,557,7,5,1,0,1,0,0,0,0,0,0,0,0,0,6,1,0,0,0,3.9
ARH 607,607,54,15,23,10,5,1,0,0,0,0,0,0,0,0,48,6,0,0,0,3.861
ART 101,101,2859,290,944,534,244,264,222,115,82,56,19,28,11,50,1768,730,253,58,50,3.39
ART 111,111,2970,207,974,594,319,264,158,118,108,79,21,23,13,92,1775,741,305,57,92,3.325
ART 115,115,3415,86,1007,808,446,376,248,97,105,70,20,37,13,102,1901,1070,272,70,102,3.296
ART 116,116,1840,109,578,494,253,169,115,32,39,22,3,6,5,15,1181,537,93,14,15,3.495
ART 199,199,50,8,20,14,3,2,0,0,2,0,0,0,0,1,42,5,2,0,1,3.674
ART 233,233,2363,175,827,411,341,267,129,60,64,35,3,9,5,37,1413,737,159,17,37,3.447
ART 333,333,1318,81,463,271,171,167,66,34,30,15,6,1,1,12,815,404,79,8,12,3.487
ART 381,381,405,1,152,119,68,38,15,1,3,5,0,1,0,2,272,121,9,1,2,3.578
ART 407,407,38,12,8,6,6,3,1,0,0,0,0,0,1,1,26,10,0,1,1,3.537
ART 408,408,82,14,34,16,6,3,2,1,3,0,0,1,1,1,64,11,4,2,1,3.602
ART 410,410,123,6,58,21,10,11,6,3,2,3,0,2,0,1,85,27,8,2,1,3.528
ART 412,412,84,2,37,17,14,6,3,2,0,0,0,2,0,1,56,23,2,2,1,3.545
ART 507,507,9,2,3,4,0,0,0,0,0,0,0,0,0,0,9,0,0,0,0,3.867
ART 612,612,44,4,24,7,1,4,2,0,0,0,0,1,0,1,35,7,0,1,1,3.627
ARTC 199,199,52,7,14,9,3,7,3,0,3,5,0,1,0,0,30,13,8,1,0,3.304
ARTC 255,255,280,24,90,56,29,39,14,12,9,3,1,1,0,2,170,82,24,2,2,3.452
ARTC 354,354,289,69,110,17,12,42,16,1,17,4,0,0,0,1,196,70,22,0,1,3.567
ARTC 355,355,216,21,92,35,17,30,8,6,5,1,0,0,0,1,148,55,12,0,1,3.587
ARTC 408,408,33,11,15,2,1,3,0,0,0,0,0,0,0,1,28,4,0,0,1,3.748
ARTC 410,410,16,5,7,0,0,0,2,0,1,1,0,0,0,0,12,2,2,0,0,3.569
ARTC 455,455,68,12,22,9,0,10,3,2,6,4,0,0,0,0,43,13,12,0,0,3.394
ARTD 199,199,78,0,26,16,12,9,6,3,1,1,0,0,0,4,42,27,5,0,4,3.29
ARTD 250,250,2267,167,1145,167,141,447,45,21,65,9,9,16,2,33,1479,633,95,27,33,3.536
ARTD 251,251,2023,115,819,145,110,554,49,13,115,7,2,29,2,63,1079,713,135,33,63,3.329
ARTD 252,252,2016,139,975,226,128,230,67,46,71,27,10,15,4,78,1340,425,144,29,78,3.428
ARTD 256,256,125,1,55,18,12,27,3,1,3,3,0,1,0,1,74,42,7,1,1,3.47
ARTD 350,350,759,47,232,237,133,62,15,10,9,1,1,2,1,9,516,210,20,4,9,3.564
ARTD 360,360,1189,103,410,276,149,137,49,24,17,10,4,3,0,7,789,335,51,7,7,3.551
ARTD 361,361,554,7,98,239,133,33,22,2,6,2,1,0,0,11,344,188,10,1,11,3.471
ARTD 362,362,274,15,129,64,38,18,4,0,4,1,0,0,0,1,208,60,5,0,1,3.696
ARTD 370,370,174,16,71,32,19,21,7,2,2,2,0,0,0,2,119,47,6,0,2,3.58
ARTD 378,378,181,0,99,28,24,15,6,5,1,1,0,0,0,2,127,45,7,0,2,3.62
ARTD 379,379,257,16,70,80,44,28,8,0,4,4,0,2,0,1,166,80,8,2,1,3.532
ARTD 409,409,12,1,6,2,1,2,0,0,0,0,0,0,0,0,9,3,0,0,0,3.725
ARTD 410,410,1161,107,412,303,159,85,39,15,14,8,0,1,1,17,822,283,37,2,17,3.583
ARTD 412,412,135,8,51,34,21,11,2,3,1,0,1,1,0,2,93,34,4,2,2,3.561
ARTD 413,413,21,2,9,7,2,1,0,0,0,0,0,0,0,0,18,3,0,0,0,3.786
ARTD 415,415,134,5,47,32,12,21,5,2,4,0,1,0,1,4,84,38,6,2,4,3.411
ARTD 416,416,39,1,15,6,4,6,4,0,0,0,0,0,0,3,22,14,0,0,3,3.287
ARTD 463,463,230,41,80,46,33,14,7,2,3,3,0,1,0,0,167,54,8,1,0,3.655
ARTD 471,471,208,0,39,99,57,11,0,0,1,0,0,0,0,1,138,68,1,0,1,3.584
ARTD 472,472,42,4,11,13,5,4,1,2,1,0,0,1,0,0,28,10,3,1,0,3.498
ARTD 490,490,26,4,10,6,5,1,0,0,0,0,0,0,0,0,20,6,0,0,0,3.758
ARTF 270,270,313,17,114,65,31,23,33,10,5,1,1,2,2,9,196,87,16,5,9,3.4
ARTF 368,368,64,8,16,4,12,11,5,2,5,1,0,0,0,0,28,28,8,0,0,3.331
ARTF 369,369,14,4,7,0,2,1,0,0,0,0,0,0,0,0,11,3,0,0,0,3.829
ARTF 370,370,46,7,13,8,4,8,3,1,1,1,0,0,0,0,28,15,3,0,0,3.498
ARTF 410,410,82,7,37,12,12,9,0,3,1,0,0,1,0,0,56,21,4,1,0,3.621
ARTF 456,456,31,9,13,2,4,2,0,1,0,0,0,0,0,0,24,6,1,0,0,3.771
ARTM 257,257,392,64,129,71,47,27,18,4,12,4,1,1,0,14,264,92,20,2,14,3.474
ARTM 357,357,261,58,71,55,26,18,8,6,9,6,0,0,0,4,184,52,21,0,4,3.536
ARTM 459,459,71,3,25,19,10,4,2,1,2,2,1,0,0,2,47,16,5,1,2,3.432
ARTO 199,199,90,5,29,17,12,9,2,2,5,2,0,0,1,6,51,23,9,1,6,3.218
ARTO 250,250,454,20,140,109,53,76,30,9,9,2,2,0,0,4,269,159,20,2,4,3.462
ARTO 350,350,248,0,84,74,43,28,7,3,3,1,0,2,0,3,158,78,7,2,3,3.513
ARTO 351,351,125,4,56,36,13,9,2,2,2,0,0,0,0,1,96,24,4,0,1,3.657
ARTO 352,352,50,0,19,13,7,5,4,1,0,1,0,0,0,0,32,16,2,0,0,3.54
ARTO 408,408,11,2,5,1,2,0,0,0,0,0,0,0,0,1,8,2,0,0,1,3.482
ARTO 410,410,111,2,36,20,19,18,9,1,1,4,0,0,1,0,58,46,6,1,0,3.413
ARTO 450,450,41,0,19,13,6,3,0,0,0,0,0,0,0,0,32,9,0,0,0,3.729
ARTO 455,455,62,2,17,18,9,10,2,3,0,0,0,0,0,1,37,21,3,0,1,3.461
ARTO 476,476,25,0,5,8,4,6,0,2,0,0,0,0,0,0,13,10,2,0,0,3.416
ARTO 484,484,21,0,5,6,1,5,4,0,0,0,0,0,0,0,11,10,0,0,0,3.395
ARTP 281,281,380,26,169,74,36,51,11,1,8,0,0,0,0,4,269,98,9,0,4,3.615
ARTP 381,381,330,42,146,36,21,58,13,2,7,3,0,0,0,2,224,92,12,0,2,3.598
ARTP 390,390,288,44,118,28,26,39,17,1,11,3,0,0,0,1,190,82,15,0,1,3.575
ARTP 391,391,452,50,201,71,37,47,21,4,10,7,0,1,0,3,322,105,21,1,3,3.603
ARTP 401,401,117,3,45,7,15,31,2,1,10,2,0,0,0,1,55,48,13,0,1,3.346
ARTP 408,408,32,0,15,5,4,5,0,1,2,0,0,0,0,0,20,9,3,0,0,3.531
ARTR 245,245,349,52,125,66,34,32,23,7,2,4,1,0,0,3,243,89,13,1,3,3.584
ARTR 346,346,114,1,49,28,14,7,8,3,1,1,1,1,0,0,78,29,5,2,0,3.555
ARTR 347,347,111,0,49,23,13,11,6,4,1,0,1,0,1,2,72,30,5,2,2,3.481
ARTR 348,348,59,4,26,9,10,3,5,0,2,0,0,0,0,0,39,18,2,0,0,3.607
ARTR 410,410,14,0,7,6,0,1,0,0,0,0,0,0,0,0,13,1,0,0,0,3.8
ARTR 446,446,13,0,6,3,0,2,1,1,0,0,0,0,0,0,9,3,1,0,0,3.546
ARTS 288,288,246,38,75,34,44,22,13,9,4,1,0,0,2,4,147,79,14,2,4,3.479
ARTS 393,393,283,19,95,67,41,29,16,7,1,3,1,1,1,2,181,86,11,3,2,3.518
ARTS 491,491,21,0,7,7,4,1,0,1,1,0,0,0,0,0,14,5,2,0,0,3.543
ARTS 493,493,31,1,12,7,6,1,1,0,1,1,0,0,0,1,20,8,2,0,1,3.455
ASIA 111,111,401,18,188,58,30,34,15,14,12,3,4,3,2,20,264,79,29,9,20,3.369
ASIA 199,199,45,3,19,1,5,6,1,2,3,1,2,1,0,1,23,12,6,3,1,3.218
ASIA 350,350,308,20,116,42,35,39,16,10,12,5,1,2,1,9,178,90,27,4,9,3.359
ASIA 399,399,182,19,81,21,8,24,5,2,13,4,0,1,0,4,121,37,19,1,4,3.451
ASIA 410,410,49,13,14,5,1,12,1,1,2,0,0,0,0,0,32,14,3,0,0,3.567
ASIA 425,425,156,1,45,34,17,23,8,7,10,2,2,0,0,7,80,48,19,2,7,3.196
ASIA 480,480,113,5,31,19,19,22,4,3,8,0,0,0,0,2,55,45,11,0,2,3.334
ASL 101,101,1254,176,350,297,102,105,87,39,34,30,3,10,0,21,823,294,103,13,21,3.439
ASL 102,102,1149,125,376,226,109,134,83,32,22,23,1,1,2,15,727,326,77,4,15,3.469
ASL 103,103,1005,141,302,174,95,117,73,34,34,18,3,5,1,8,617,285,86,9,8,3.447
ASL 201,201,915,131,241,145,92,105,66,41,41,25,0,4,1,23,517,263,107,5,23,3.328
ASL 202,202,883,158,220,129,72,102,68,48,41,25,2,1,2,15,507,242,114,5,15,3.348
ASL 203,203,824,141,204,135,77,68,67,38,52,27,4,1,3,7,480,212,117,8,7,3.354
ASL 301,301,450,239,101,40,19,24,8,3,4,3,2,0,1,6,380,51,10,3,6,3.75
ASL 311,311,111,6,82,14,2,2,2,0,2,1,0,0,0,0,102,6,3,0,0,3.851
ASTR 121,121,5330,501,957,707,639,668,518,421,456,208,11,63,9,172,2165,1825,1085,83,172,3.054
ASTR 122,122,6797,658,1241,1243,1011,918,501,345,367,205,54,40,24,190,3142,2430,917,118,190,3.184
ASTR 123,123,5478,539,1160,719,752,759,506,362,313,129,12,39,16,172,2418,2017,804,67,172,3.163
ASTR 321,321,27,0,14,1,3,7,1,0,1,0,0,0,0,0,15,11,1,0,0,3.53
BA 101,101,21326,441,2860,2248,1774,5521,2230,1684,2347,860,319,446,110,486,5549,9525,4891,875,486,2.857
BA 101Z,101Z,2893,80,397,350,195,769,267,230,284,119,43,64,18,77,827,1231,633,125,77,2.871
BA 199,199,475,3,89,86,61,111,48,20,29,5,3,4,1,15,178,220,54,8,15,3.097
BA 211Z,211Z,1282,25,101,154,184,219,154,178,110,64,0,63,0,30,280,557,352,63,30,2.773
BA 213Z,213Z,1103,24,166,101,96,167,90,90,136,82,32,58,19,42,291,353,308,109,42,2.653
BA 215,215,4114,133,713,379,468,838,384,350,497,155,2,88,5,102,1225,1690,1002,95,102,2.926
BA 252,252,995,9,44,157,113,168,168,81,82,72,6,39,10,46,210,449,235,55,46,2.663
BA 308,308,5040,10,159,755,1237,1877,733,165,61,26,0,7,3,7,924,3847,252,10,7,3.118
BA 308H,308H,254,0,35,110,87,18,2,0,0,2,0,0,0,0,145,107,2,0,0,3.531
BA 315,315,1508,39,247,142,169,277,156,148,171,79,18,25,5,32,428,602,398,48,32,2.883
BA 316,316,7620,75,1165,1283,1499,1513,840,520,368,213,23,40,11,70,2523,3852,1101,74,70,3.128
BA 317,317,7832,100,843,1272,1253,1852,993,621,437,197,71,65,19,109,2215,4098,1255,155,109,3.021
BA 318,318,5198,232,772,714,698,737,625,414,383,295,21,89,14,204,1718,2060,1092,124,204,2.925
BA 322,322,335,1,39,61,85,89,34,9,3,1,1,1,1,10,101,208,13,3,10,3.153
BA 325,325,4594,59,374,660,707,1081,695,402,292,160,11,76,13,64,1093,2483,854,100,64,2.94
BA 325H,325H,42,5,33,4,0,0,0,0,0,0,0,0,0,0,42,0,0,0,0,3.971
BA 352,352,2062,0,82,364,488,792,260,53,17,4,0,1,0,1,446,1540,74,1,1,3.165
BA 352H,352H,104,0,11,38,45,10,0,0,0,0,0,0,0,0,49,55,0,0,0,3.491
BA 361,361,887,27,98,150,182,229,104,31,29,21,3,6,2,5,275,515,81,11,5,3.156
BA 362,362,51,0,8,5,4,18,8,3,4,0,0,0,0,1,13,30,7,0,1,3.024
BA 363,363,47,0,12,11,3,13,4,1,3,0,0,0,0,0,23,20,4,0,0,3.334
BA 364,364,33,1,3,6,5,5,6,3,1,1,0,0,0,2,10,16,5,0,2,2.924
BA 365,365,466,11,105,103,69,97,32,23,17,6,0,0,0,3,219,198,46,0,3,3.32
BA 410,410,153,52,28,16,11,10,7,5,5,7,0,2,2,8,96,28,17,4,8,3.276
BA 425,425,15,0,1,5,4,3,2,0,0,0,0,0,0,0,6,9,0,0,0,3.34
BA 453,453,6309,66,735,1225,1557,1823,608,151,99,27,4,5,1,8,2026,3988,277,10,8,3.263
BA 453H,453H,324,25,101,85,71,37,5,0,0,0,0,0,0,0,211,113,0,0,0,3.634
BA 525,525,12,0,1,3,4,4,0,0,0,0,0,0,0,0,4,8,0,0,0,3.358
BA 610,610,71,12,29,15,12,2,0,0,1,0,0,0,0,0,56,14,1,0,0,3.762
BA 661,661,206,8,59,116,21,1,0,0,0,1,0,0,0,0,183,22,1,0,0,3.744
BA 680,680,110,4,19,29,23,22,11,0,1,1,0,0,0,0,52,56,2,0,0,3.405
BA 708,708,32,0,9,6,3,8,3,2,1,0,0,0,0,0,15,14,3,0,0,3.337
BA 710,710,1170,44,397,406,191,97,27,3,3,2,0,0,0,0,847,315,8,0,0,3.655
BA 711,711,397,44,135,95,58,53,10,0,2,0,0,0,0,0,274,121,2,0,0,3.65
BA 712,712,415,26,103,139,62,58,20,2,0,1,0,0,0,4,268,140,3,0,4,3.54
BA 713,713,453,1,113,141,119,60,16,0,2,0,0,0,0,1,255,195,2,0,1,3.527
BA 714,714,458,5,262,40,37,77,28,0,8,0,0,0,0,1,307,142,8,0,1,3.626
BA 715,715,432,3,160,121,90,42,15,1,0,0,0,0,0,0,284,147,1,0,0,3.624
BA 716,716,369,39,183,82,30,29,2,1,1,1,0,0,0,1,304,61,3,0,1,3.764
BA 717,717,311,18,165,100,20,4,4,0,0,0,0,0,0,0,283,28,0,0,0,3.829
BA 718,718,358,19,125,101,49,33,18,8,1,1,0,0,0,3,245,100,10,0,3,3.578
BA 719,719,393,34,196,94,40,21,5,1,1,1,0,0,0,0,324,66,3,0,0,3.772
BA 720,720,342,19,92,71,49,78,33,0,0,0,0,0,0,0,182,160,0,0,0,3.484
BA 723,723,442,20,123,139,109,33,12,3,2,0,0,0,0,1,282,154,5,0,1,3.593
BA 725,725,393,38,117,184,53,1,0,0,0,0,0,0,0,0,339,54,0,0,0,3.763
BA 726,726,415,63,182,126,23,20,1,0,0,0,0,0,0,0,371,44,0,0,0,3.819
BA 727,727,375,0,118,98,125,26,5,0,1,1,0,0,0,1,216,156,2,0,1,3.579
BA 729,729,225,6,51,86,43,27,8,2,1,0,0,1,0,0,143,78,3,1,0,3.548
BA 731,731,265,0,70,94,93,7,1,0,0,0,0,0,0,0,164,101,0,0,0,3.617
BA 732,732,224,9,90,37,23,47,18,0,0,0,0,0,0,0,136,88,0,0,0,3.564
BA 734,734,81,0,47,18,12,3,1,0,0,0,0,0,0,0,65,16,0,0,0,3.777
BA 735,735,363,30,71,159,78,22,2,1,0,0,0,0,0,0,260,102,1,0,0,3.646
BA 736,736,364,4,79,78,138,55,4,3,3,0,0,0,0,0,161,197,6,0,0,3.474
BA 740,740,44,9,11,13,0,7,4,0,0,0,0,0,0,0,33,11,0,0,0,3.634
BE 325,325,2017,23,147,207,226,499,376,223,219,67,4,18,0,8,377,1101,509,22,8,2.872
BE 610,610,99,5,34,32,20,8,0,0,0,0,0,0,0,0,71,28,0,0,0,3.681
BE 625,625,452,11,147,125,87,64,12,2,4,0,0,0,0,0,283,163,6,0,0,3.581
BEHT 320,320,17,1,10,5,1,0,0,0,0,0,0,0,0,0,16,1,0,0,0,3.871
BEHT 350,350,19,5,12,2,0,0,0,0,0,0,0,0,0,0,19,0,0,0,0,3.968
BEHT 410,410,51,12,23,10,3,2,0,0,0,1,0,0,0,0,45,5,1,0,0,3.816
BEHT 412,412,19,10,8,0,0,1,0,0,0,0,0,0,0,0,18,1,0,0,0,3.947
BEHT 471,471,18,5,11,2,0,0,0,0,0,0,0,0,0,0,18,0,0,0,0,3.967
BEHT 472,472,18,0,9,4,3,0,1,0,0,1,0,0,0,0,13,4,1,0,0,3.617
BEHT 610,610,168,58,53,17,13,5,9,0,1,0,0,0,0,12,128,27,1,0,12,3.518
BEHT 621,621,98,65,13,11,4,0,2,0,1,0,0,0,0,2,89,6,1,0,2,3.809
BEHT 622,622,75,33,30,5,3,2,1,0,0,0,0,0,0,1,68,6,0,0,1,3.855
BEHT 623,623,102,51,23,13,6,2,2,0,0,0,0,1,0,4,87,10,0,1,4,3.689
BI 100,100,40,3,8,6,1,6,4,4,0,5,0,2,0,1,17,11,9,2,1,2.95
BI 121,121,1658,30,90,162,224,283,223,181,195,107,60,33,18,52,282,730,483,111,52,2.643
BI 122,122,367,59,49,55,38,34,35,31,28,16,5,4,0,13,163,107,75,9,13,3.058
BI 123,123,925,2,83,79,96,129,103,107,117,116,0,50,0,43,164,328,340,50,43,2.531
BI 125,125,39,0,6,1,9,14,0,2,3,4,0,0,0,0,7,23,9,0,0,2.995
BI 130,130,534,13,129,34,29,125,40,21,70,16,2,20,4,31,176,194,107,26,31,2.834
BI 131,131,123,0,3,9,16,29,18,17,11,7,3,3,1,6,12,63,35,7,6,2.555
BI 132,132,1047,47,213,133,149,181,84,78,77,25,16,19,4,21,393,414,180,39,21,3.068
BI 140,140,526,56,191,100,49,58,23,9,11,12,0,4,1,12,347,130,32,5,12,3.467
BI 140M,140M,51,2,12,2,8,17,5,3,2,0,0,0,0,0,16,30,5,0,0,3.239
BI 150,150,622,33,316,16,19,141,6,12,37,15,0,8,1,18,365,166,64,9,18,3.365
BI 160,160,127,17,13,25,15,16,16,7,6,6,0,4,0,2,55,47,19,4,2,3.114
BI 170,170,2173,566,661,364,205,164,75,39,36,19,9,12,4,19,1591,444,94,25,19,3.611
BI 199,199,165,26,69,16,13,19,3,1,13,1,0,0,2,2,111,35,15,2,2,3.507
BI 199L,199L,115,37,34,11,7,16,4,0,6,0,0,0,0,0,82,27,6,0,0,3.64
BI 211,211,5616,143,722,458,496,1248,511,382,857,326,14,248,24,187,1323,2255,1565,286,187,2.732
BI 212,212,5019,109,678,160,236,968,269,299,1257,482,15,308,35,203,947,1473,2038,358,203,2.495
BI 213,213,2992,55,440,259,222,661,311,186,575,105,10,101,4,63,754,1194,866,115,63,2.796
BI 214,214,3843,103,533,435,376,555,464,321,387,331,3,232,4,99,1071,1395,1039,239,99,2.765
BI 281H,281H,656,17,194,75,72,136,50,26,53,17,2,8,2,4,286,258,96,12,4,3.215
BI 282H,282H,613,17,147,87,72,145,38,25,50,23,0,7,0,2,251,255,98,7,2,3.192
BI 283H,283H,498,19,146,99,66,79,38,16,25,7,0,3,0,0,264,183,48,3,0,3.384
BI 306,306,46,0,10,2,6,12,6,1,6,1,0,1,0,1,12,24,8,1,1,2.965
BI 307,307,221,11,74,28,12,46,6,8,25,5,0,3,0,3,113,64,38,3,3,3.246
BI 309,309,580,61,130,72,64,123,27,33,45,13,2,5,0,5,263,214,91,7,5,3.24
BI 320,320,1765,112,468,196,160,308,132,72,153,95,9,26,7,27,776,600,320,42,27,3.133
BI 322,322,1483,147,273,263,211,290,123,74,49,20,10,13,2,8,683,624,143,25,8,3.291
BI 326,326,232,10,52,42,26,30,31,14,12,9,2,0,0,4,104,87,35,2,4,3.177
BI 328,328,585,58,99,108,83,87,52,32,21,29,2,6,1,7,265,222,82,9,7,3.209
BI 330,330,1008,61,292,173,139,130,83,47,41,14,5,8,5,10,526,352,102,18,10,3.33
BI 331,331,778,10,142,159,167,174,71,18,27,7,0,2,0,1,311,412,52,2,1,3.304
BI 353,353,336,20,41,31,45,54,34,25,35,31,3,7,2,8,92,133,91,12,8,2.838
BI 356,356,217,9,35,41,34,55,15,9,16,2,0,1,0,0,85,104,27,1,0,3.237
BI 357,357,670,21,260,97,80,121,34,23,18,6,3,3,0,4,378,235,47,6,4,3.444
BI 358,358,623,11,110,154,137,108,54,24,12,7,5,0,1,0,275,299,43,6,0,3.329
BI 359,359,571,19,130,53,57,86,53,42,43,47,4,16,0,21,202,196,132,20,21,2.916
BI 360,360,1189,49,157,220,199,225,133,88,58,28,12,4,2,14,426,557,174,18,14,3.125
BI 370,370,546,17,179,41,49,130,43,22,47,9,1,7,0,1,237,222,78,8,1,3.245
BI 372,372,38,4,13,5,5,6,0,0,2,2,0,0,0,1,22,11,4,0,1,3.379
BI 374,374,537,62,120,89,82,82,35,27,23,9,1,4,0,3,271,199,59,5,3,3.347
BI 375,375,63,0,14,20,17,7,1,3,0,1,0,0,0,0,34,25,4,0,0,3.467
BI 380,380,920,46,134,150,136,160,100,76,64,29,3,9,1,12,330,396,169,13,12,3.086
BI 390,390,928,34,184,220,137,132,87,45,41,21,7,5,2,13,438,356,107,14,13,3.239
BI 395,395,120,0,53,15,13,22,9,2,3,1,1,0,0,1,68,44,6,1,1,3.452
BI 399,399,343,18,84,63,50,51,30,12,13,10,2,4,0,6,165,131,35,6,6,3.257
BI 399L,399L,168,35,16,27,18,17,13,15,6,8,1,6,3,3,78,48,29,10,3,3.089
BI 408,408,61,19,31,8,2,0,0,0,0,0,0,0,0,1,58,2,0,0,1,3.872
BI 410,410,1586,220,592,253,170,161,81,26,29,19,2,10,0,23,1065,412,74,12,23,3.537
BI 410L,410L,165,18,69,18,19,16,3,3,6,3,0,2,0,8,105,38,12,2,8,3.39
BI 421,421,10,2,4,4,0,0,0,0,0,0,0,0,0,0,10,0,0,0,0,3.88
BI 422,422,317,20,67,88,58,56,19,2,3,1,0,0,0,3,175,133,6,0,3,3.459
BI 423,423,104,12,43,20,10,8,5,1,3,1,0,1,0,0,75,23,5,1,0,3.611
BI 424,424,55,6,11,10,11,7,5,1,2,2,0,0,0,0,27,23,5,0,0,3.373
BI 425,425,10,1,3,0,4,2,0,0,0,0,0,0,0,0,4,6,0,0,0,3.52
BI 426,426,248,13,46,37,44,43,16,12,15,18,0,1,0,3,96,103,45,1,3,3.143
BI 427,427,152,1,85,20,9,26,9,1,0,0,0,0,0,1,106,44,1,0,1,3.634
BI 428,428,15,1,2,4,6,1,1,0,0,0,0,0,0,0,7,8,0,0,0,3.487
BI 430,430,15,6,5,2,0,2,0,0,0,0,0,0,0,0,13,2,0,0,0,3.827
BI 432,432,116,2,33,28,6,31,2,1,9,1,0,1,0,2,63,39,11,1,2,3.317
BI 433,433,216,10,72,60,34,20,11,6,2,1,0,0,0,0,142,65,9,0,0,3.571
BI 442,442,164,14,47,15,13,34,11,4,21,1,0,3,0,1,76,58,26,3,1,3.232
BI 448,448,193,16,72,24,13,37,9,6,10,4,1,0,0,1,112,59,20,1,1,3.424
BI 451,451,300,21,94,42,40,59,24,4,11,3,0,2,0,0,157,123,18,2,0,3.425
BI 452,452,64,8,17,17,9,9,1,2,0,0,0,0,0,1,42,19,2,0,1,3.545
BI 454,454,124,2,29,24,25,20,13,4,4,3,0,0,0,0,55,58,11,0,0,3.328
BI 455,455,124,3,50,40,21,7,1,1,1,0,0,0,0,0,93,29,2,0,0,3.688
BI 457,457,668,122,188,134,92,76,19,15,4,8,2,4,3,1,444,187,27,9,1,3.568
BI 458,458,117,0,26,42,27,13,5,1,1,0,0,0,0,2,68,45,2,0,2,3.464
BI 461,461,91,9,7,16,13,12,15,7,4,4,1,0,0,3,32,40,15,1,3,3.02
BI 463,463,115,5,27,26,22,24,3,2,5,0,0,0,0,1,58,49,7,0,1,3.404
BI 464,464,20,2,10,1,1,6,0,0,0,0,0,0,0,0,13,7,0,0,0,3.65
BI 466,466,35,0,14,11,5,3,0,0,1,1,0,0,0,0,25,8,2,0,0,3.597
BI 468,468,92,4,20,18,5,22,5,3,7,7,0,0,0,1,42,32,17,0,1,3.167
BI 471,471,65,15,24,8,8,3,2,1,2,1,0,0,0,1,47,13,4,0,1,3.606
BI 472,472,36,0,10,17,6,2,1,0,0,0,0,0,0,0,27,9,0,0,0,3.65
BI 474,474,119,41,53,11,9,5,0,0,0,0,0,0,0,0,105,14,0,0,0,3.877
BI 476,476,21,0,4,2,6,2,4,1,0,2,0,0,0,0,6,12,3,0,0,3.129
BI 484,484,133,25,53,22,14,12,3,2,1,0,0,0,0,1,100,29,3,0,1,3.686
BI 485,485,36,8,4,7,1,7,1,2,3,3,0,0,0,0,19,9,8,0,0,3.239
BI 486,486,20,0,0,2,1,3,6,2,4,0,0,2,0,0,2,10,6,2,0,2.525
BI 488,488,94,0,15,7,17,18,17,7,5,7,0,0,0,1,22,52,19,0,1,2.978
BI 493,493,45,1,24,10,6,2,2,0,0,0,0,0,0,0,35,10,0,0,0,3.738
BI 610,610,645,59,303,129,74,64,12,0,2,0,0,1,0,1,491,150,2,1,1,3.719
BI 620,620,98,21,44,19,3,5,4,1,1,0,0,0,0,0,84,12,2,0,0,3.779
BI 621,621,184,6,113,38,14,11,1,0,1,0,0,0,0,0,157,26,1,0,0,3.807
BI 622,622,114,1,67,30,11,3,1,1,0,0,0,0,0,0,98,15,1,0,0,3.801
BI 623,623,92,5,50,25,5,6,1,0,0,0,0,0,0,0,80,12,0,0,0,3.801
BI 624,624,22,0,16,4,2,0,0,0,0,0,0,0,0,0,20,2,0,0,0,3.882
BIOE 251,251,42,14,15,4,2,3,2,0,1,0,0,1,0,0,33,7,1,1,0,3.686
BIOE 252,252,37,2,10,5,5,8,2,3,1,0,0,0,0,1,17,15,4,0,1,3.278
BIOE 253,253,44,8,22,3,2,6,1,0,0,0,0,2,0,0,33,9,0,2,0,3.645
BIOE 399,399,10,4,3,2,1,0,0,0,0,0,0,0,0,0,9,1,0,0,0,3.87
BIOE 410,410,44,6,18,6,5,3,0,0,2,0,1,1,0,2,30,8,2,2,2,3.409
BIOE 510,510,13,7,6,0,0,0,0,0,0,0,0,0,0,0,13,0,0,0,0,4.0
BIOE 610,610,74,13,39,15,6,1,0,0,0,0,0,0,0,0,67,7,0,0,0,3.869
BLST 141,141,70,7,44,6,8,3,1,0,0,0,0,0,0,1,57,12,0,0,1,3.776
BRIN 221,221,11,5,2,1,1,1,0,0,0,0,0,0,0,1,8,2,0,0,1,3.455
CAS 101H,101H,146,9,55,26,11,27,5,3,3,1,0,3,0,3,90,43,7,3,3,3.429
CAS 407,407,131,25,60,17,5,12,1,0,7,0,0,0,0,4,102,18,7,0,4,3.604
CAS 410,410,92,58,9,4,5,6,1,1,1,0,1,1,5,0,71,12,2,7,0,3.588
CAS 417,417,462,47,129,53,28,54,27,24,21,13,7,14,11,34,229,109,58,32,34,2.982
CDS 201,201,893,0,258,166,136,138,75,38,29,14,8,9,1,21,424,349,81,18,21,3.248
CDS 442,442,690,2,131,90,78,94,73,50,51,49,14,14,10,34,223,245,150,38,34,2.813
CDS 443,443,147,0,35,49,26,15,12,6,2,1,0,1,0,0,84,53,9,1,0,3.435
CDS 444,444,599,5,238,121,86,54,33,23,14,6,6,6,2,5,364,173,43,14,5,3.441
CDS 446,446,51,0,45,0,0,5,0,0,1,0,0,0,0,0,45,5,1,0,0,3.863
CDS 450,450,640,0,233,95,64,100,43,32,32,13,9,9,4,6,328,207,77,22,6,3.272
CDS 451,451,231,0,65,52,34,30,26,11,8,5,0,0,0,0,117,90,24,0,0,3.353
CDS 455,455,411,0,273,21,33,45,6,5,11,3,1,5,2,6,294,84,19,8,6,3.591
CDS 457,457,673,13,409,77,71,47,20,13,8,1,0,4,0,10,499,138,22,4,10,3.646
CDS 458,458,254,0,195,23,14,9,2,2,2,5,1,0,0,1,218,25,9,1,1,3.788
CDS 459,459,55,0,15,13,16,8,2,1,0,0,0,0,0,0,28,26,1,0,0,3.502
CDS 460,460,489,0,290,65,31,61,17,5,13,1,1,4,0,1,355,109,19,5,1,3.632
CDS 462,462,512,28,159,100,75,67,35,20,16,4,2,3,0,3,287,177,40,5,3,3.421
CDS 470,470,537,0,131,77,63,89,49,36,46,32,0,9,0,5,208,201,114,9,5,3.081
CDS 607,607,24,0,13,11,0,0,0,0,0,0,0,0,0,0,24,0,0,0,0,3.863
CDS 608,608,110,2,67,23,15,3,0,0,0,0,0,0,0,0,92,18,0,0,0,3.815
CDS 610,610,123,13,68,23,6,12,1,0,0,0,0,0,0,0,104,19,0,0,0,3.802
CDS 627,627,197,8,112,56,8,11,2,0,0,0,0,0,0,0,176,21,0,0,0,3.817
CDS 631,631,133,28,80,15,5,4,1,0,0,0,0,0,0,0,123,10,0,0,0,3.9
CDS 632,632,18,0,8,3,1,5,0,0,0,0,0,1,0,0,11,6,0,1,0,3.467
CDS 649,649,156,0,103,30,7,15,1,0,0,0,0,0,0,0,133,23,0,0,0,3.806
CDS 651,651,291,0,59,81,63,48,29,9,1,1,0,0,0,0,140,140,11,0,0,3.403
CDS 652,652,319,0,141,86,54,26,11,0,0,0,0,0,0,1,227,91,0,0,1,3.662
CDS 654,654,286,0,130,74,48,30,4,0,0,0,0,0,0,0,204,82,0,0,0,3.682
CDS 656,656,266,0,162,28,11,60,2,0,3,0,0,0,0,0,190,73,3,0,0,3.682
CDS 660,660,192,0,108,21,15,40,4,0,3,0,0,0,0,1,129,59,3,0,1,3.625
CDS 663,663,319,5,84,124,66,17,14,7,1,1,0,0,0,0,213,97,9,0,0,3.577
CDS 665,665,339,4,212,40,31,45,4,0,1,0,0,0,0,2,256,80,1,0,2,3.723
CFT 410,410,69,18,13,16,7,7,5,1,2,0,0,0,0,0,47,19,3,0,0,3.581
CFT 412,412,93,61,17,5,3,2,2,0,0,0,0,0,0,3,83,7,0,0,3,3.783
CFT 610,610,25,15,8,1,1,0,0,0,0,0,0,0,0,0,24,1,0,0,0,3.96
CFT 612,612,40,18,21,1,0,0,0,0,0,0,0,0,0,0,40,0,0,0,0,3.992
CFT 614,614,88,22,56,4,2,4,0,0,0,0,0,0,0,0,82,6,0,0,0,3.925
CFT 615,615,42,27,11,4,0,0,0,0,0,0,0,0,0,0,42,0,0,0,0,3.971
CFT 620,620,164,43,101,16,3,1,0,0,0,0,0,0,0,0,160,4,0,0,0,3.952
CFT 622,622,45,16,19,8,1,0,1,0,0,0,0,0,0,0,43,2,0,0,0,3.902
CFT 624,624,32,17,8,6,0,0,1,0,0,0,0,0,0,0,31,1,0,0,0,3.903
CFT 625,625,46,31,12,3,0,0,0,0,0,0,0,0,0,0,46,0,0,0,0,3.98
CFT 626,626,108,65,19,12,3,5,3,0,1,0,0,0,0,0,96,11,1,0,0,3.846
CFT 627,627,107,47,39,11,6,3,1,0,0,0,0,0,0,0,97,10,0,0,0,3.89
CFT 628,628,91,68,20,2,0,1,0,0,0,0,0,0,0,0,90,1,0,0,0,3.982
CFT 629,629,63,39,16,4,1,3,0,0,0,0,0,0,0,0,59,4,0,0,0,3.922
CFT 630,630,87,65,15,5,0,1,1,0,0,0,0,0,0,0,85,2,0,0,0,3.956
CFT 632,632,133,92,31,9,1,0,0,0,0,0,0,0,0,0,132,1,0,0,0,3.974
CH 111,111,4445,162,800,441,536,762,435,327,394,239,95,101,33,120,1403,1733,960,229,120,2.903
CH 113,113,341,0,88,22,17,115,29,17,42,1,0,3,0,7,110,161,60,3,7,3.052
CH 114,114,262,4,110,3,11,104,3,2,23,0,0,2,0,0,117,118,25,2,0,3.344
CH 140M,140M,43,1,4,1,5,13,5,8,2,2,1,0,0,1,6,23,12,1,1,2.786
CH 221,221,8597,99,988,668,850,1428,786,822,1300,578,316,259,101,402,1755,3064,2700,676,402,2.587
CH 222,222,7314,93,703,571,757,1290,738,713,1298,497,163,217,75,199,1367,2785,2508,455,199,2.628
CH 223,223,6004,63,697,541,543,905,664,685,999,377,110,225,13,182,1301,2112,2061,348,182,2.654
CH 224H,224H,431,18,126,39,50,95,9,19,39,9,0,13,0,14,183,154,67,13,14,3.12
CH 225H,225H,307,17,89,40,44,56,34,18,5,1,1,1,0,1,146,134,24,2,1,3.363
CH 226H,226H,295,59,64,39,47,42,21,2,13,5,0,1,0,2,162,110,20,1,2,3.438
CH 227,227,7407,96,1263,1060,1129,1298,670,568,600,288,86,115,36,198,2419,3097,1456,237,198,2.975
CH 228,228,6035,69,1253,963,978,935,659,426,382,174,42,56,12,86,2285,2572,982,110,86,3.119
CH 229,229,4954,85,1165,674,737,817,539,355,299,135,22,59,11,56,1924,2093,789,92,56,3.143
CH 237,237,289,14,63,59,38,40,26,11,16,6,2,3,1,10,136,104,33,6,10,3.169
CH 238,238,231,10,56,38,38,35,25,11,11,6,0,0,0,1,104,98,28,0,1,3.29
CH 239,239,150,12,38,26,21,26,7,9,5,5,0,0,0,1,76,54,19,0,1,3.344
CH 331,331,3376,60,578,319,265,648,323,259,482,245,13,79,7,98,957,1236,986,99,98,2.814
CH 335,335,2642,67,309,277,279,362,315,284,309,204,69,66,17,84,653,956,797,152,84,2.714
CH 336,336,2055,130,478,217,169,394,156,103,237,100,7,22,12,30,825,719,440,41,30,3.074
CH 337,337,2890,71,867,543,297,578,180,96,151,42,3,35,4,23,1481,1055,289,42,23,3.321
CH 338,338,1867,40,526,307,200,369,147,83,122,34,3,26,1,9,873,716,239,30,9,3.26
CH 341,341,706,17,120,79,92,154,64,51,71,35,3,10,4,6,216,310,157,17,6,2.995
CH 342,342,628,17,83,59,69,119,66,63,78,47,0,21,0,6,159,254,188,21,6,2.839
CH 343,343,564,45,133,75,52,102,40,37,27,22,0,20,1,10,253,194,86,21,10,3.142
CH 348,348,561,22,209,99,56,80,30,15,30,10,0,4,2,4,330,166,55,6,4,3.41
CH 349,349,253,34,97,35,27,29,14,1,8,3,0,1,0,4,166,70,12,1,4,3.525
CH 360,360,1071,53,401,113,60,204,35,33,142,15,2,7,0,6,567,299,190,9,6,3.299
CH 399,399,58,5,27,18,6,1,1,0,0,0,0,0,0,0,50,8,0,0,0,3.795
CH 399L,399L,84,4,46,24,3,3,1,0,2,0,0,0,0,1,74,7,2,0,1,3.743
CH 401,401,22,9,7,6,0,0,0,0,0,0,0,0,0,0,22,0,0,0,0,3.918
CH 410,410,86,5,29,8,5,15,8,1,13,0,0,1,0,1,42,28,14,1,1,3.233
CH 411,411,518,58,121,51,47,109,46,34,31,10,1,8,1,1,230,202,75,10,1,3.24
CH 412,412,504,20,71,66,74,85,79,36,36,24,1,3,0,9,157,238,96,4,9,3.017
CH 413,413,265,29,57,36,47,38,18,21,13,4,0,2,0,0,122,103,38,2,0,3.313
CH 417,417,355,26,59,52,40,68,36,12,23,18,0,11,0,10,137,144,53,11,10,3.045
CH 418,418,266,17,44,37,32,36,22,19,23,22,0,9,0,5,98,90,64,9,5,2.97
CH 419,419,244,48,49,40,29,16,21,8,14,7,2,1,0,9,137,66,29,3,9,3.272
CH 420,420,76,2,20,12,10,19,4,5,3,1,0,0,0,0,34,33,9,0,0,3.321
CH 421,421,12,1,2,2,2,3,2,0,0,0,0,0,0,0,5,7,0,0,0,3.367
CH 429,429,228,26,51,31,39,34,18,15,1,9,1,0,0,3,108,91,25,1,3,3.312
CH 431,431,198,21,34,20,19,20,14,9,18,14,0,18,0,11,75,53,41,18,11,2.793
CH 432,432,106,2,19,18,14,18,14,7,10,2,0,1,1,0,39,46,19,2,0,3.111
CH 433,433,41,3,10,6,8,2,2,0,5,2,0,0,0,3,19,12,7,0,3,3.059
CH 451,451,50,5,10,10,8,3,5,4,3,1,0,0,0,1,25,16,8,0,1,3.256
CH 452,452,11,0,0,2,1,3,3,0,1,0,0,0,0,1,2,7,1,0,1,2.709
CH 461,461,585,22,123,57,55,88,43,42,62,39,0,39,0,15,202,186,143,39,15,2.869
CH 462,462,410,12,114,22,28,89,16,12,109,2,0,3,0,3,148,133,123,3,3,3.024
CH 463,463,447,12,105,32,44,112,41,19,52,15,1,5,0,9,149,197,86,6,9,3.038
CH 464,464,16,0,6,2,2,4,0,1,1,0,0,0,0,0,8,6,2,0,0,3.394
CH 465,465,38,3,11,7,8,4,4,0,0,1,0,0,0,0,21,16,1,0,0,3.495
CH 466,466,49,3,12,7,11,12,3,0,1,0,0,0,0,0,22,26,1,0,0,3.435
CH 467,467,275,2,72,26,27,92,15,4,28,7,0,1,0,1,100,134,39,1,1,3.185
CH 468,468,90,1,14,23,14,19,9,5,4,1,0,0,0,0,38,42,10,0,0,3.264
CH 510,510,127,3,42,22,17,32,7,3,1,0,0,0,0,0,67,56,4,0,0,3.475
CH 520,520,83,6,31,14,19,12,1,0,0,0,0,0,0,0,51,32,0,0,0,3.629
CH 521,521,45,1,17,8,5,11,2,1,0,0,0,0,0,0,26,18,1,0,0,3.529
CH 531,531,115,11,23,29,17,28,2,0,3,1,0,0,0,1,63,47,4,0,1,3.448
CH 532,532,42,2,13,12,8,5,0,1,0,0,0,0,0,1,27,13,1,0,1,3.526
CH 533,533,36,2,11,10,7,6,0,0,0,0,0,0,0,0,23,13,0,0,0,3.614
CH 541,541,20,3,4,2,3,5,3,0,0,0,0,0,0,0,9,11,0,0,0,3.42
CH 545,545,8,0,2,4,1,1,0,0,0,0,0,0,0,0,6,2,0,0,0,3.638
CH 546,546,12,3,4,3,0,2,0,0,0,0,0,0,0,0,10,2,0,0,0,3.758
CH 547,547,51,4,19,6,7,11,0,1,2,0,0,1,0,0,29,18,3,1,0,3.482
CH 551,551,71,2,15,27,11,8,7,1,0,0,0,0,0,0,44,26,1,0,0,3.513
CH 552,552,33,3,9,5,9,3,4,0,0,0,0,0,0,0,17,16,0,0,0,3.515
CH 554,554,147,19,31,31,35,22,4,3,1,0,0,0,0,1,81,61,4,0,1,3.51
CH 610,610,442,68,174,78,48,48,13,3,9,0,0,1,0,0,320,109,12,1,0,3.665
CH 613,613,10,0,4,2,4,0,0,0,0,0,0,0,0,0,6,4,0,0,0,3.66
CH 662,662,51,0,29,4,1,17,0,0,0,0,0,0,0,0,33,18,0,0,0,3.629
CH 667,667,132,11,51,26,17,22,5,0,0,0,0,0,0,0,88,44,0,0,0,3.635
CH 668,668,73,8,35,27,1,2,0,0,0,0,0,0,0,0,70,3,0,0,0,3.852
CH 669,669,130,38,55,21,12,3,1,0,0,0,0,0,0,0,114,16,0,0,0,3.854
CH 670,670,70,11,33,14,12,0,0,0,0,0,0,0,0,0,58,12,0,0,0,3.82
CH 677M,677M,21,0,5,3,5,7,1,0,0,0,0,0,0,0,8,13,0,0,0,3.395
CH 678M,678M,10,1,2,3,2,2,0,0,0,0,0,0,0,0,6,4,0,0,0,3.57
CH 679M,679M,10,0,4,2,4,0,0,0,0,0,0,0,0,0,6,4,0,0,0,3.66
CH 681,681,101,1,9,18,22,19,22,6,2,1,0,0,1,0,28,63,9,1,0,3.127
CH 683,683,90,4,19,27,18,14,6,0,1,0,0,1,0,0,50,38,1,1,0,3.472
CH 690,690,95,17,49,11,14,4,0,0,0,0,0,0,0,0,77,18,0,0,0,3.82
CH 692,692,102,12,29,24,18,14,4,0,1,0,0,0,0,0,65,36,1,0,0,3.598
CH 693,693,86,10,28,23,5,15,3,0,1,0,0,0,0,1,61,23,1,0,1,3.59
CH 694,694,36,6,9,13,4,4,0,0,0,0,0,0,0,0,28,8,0,0,0,3.703
CHN 101,101,551,10,228,113,61,52,30,28,12,6,2,2,0,7,351,143,46,4,7,3.469
CHN 102,102,251,4,62,49,37,22,25,21,10,9,2,1,3,6,115,84,40,6,6,3.148
CHN 103,103,175,7,36,34,24,19,22,8,5,9,2,3,1,5,77,65,22,6,5,3.105
CHN 105,105,58,2,28,16,8,1,1,1,1,0,0,0,0,0,46,10,2,0,0,3.717
CHN 106,106,60,3,28,18,2,4,3,1,1,0,0,0,0,0,49,9,2,0,0,3.693
CHN 150,150,709,106,127,147,92,72,61,26,30,20,1,10,1,16,380,225,76,12,16,3.281
CHN 151,151,970,74,216,249,126,97,79,39,40,23,8,0,3,16,539,302,102,11,16,3.322
CHN 152,152,864,106,163,179,131,97,76,45,27,15,4,2,4,15,448,304,87,10,15,3.31
CHN 200M,200M,23,2,9,3,0,4,3,1,0,0,0,0,0,1,14,7,1,0,1,3.37
CHN 201,201,255,51,91,48,23,12,16,4,7,2,0,0,0,1,190,51,13,0,1,3.636
CHN 202,202,223,27,74,43,29,17,15,3,6,6,0,0,2,1,144,61,15,2,1,3.501
CHN 203,203,210,28,72,29,27,15,22,4,4,7,0,0,0,2,129,64,15,0,2,3.476
CHN 204,204,58,19,19,6,9,2,1,2,0,0,0,0,0,0,44,12,2,0,0,3.745
CHN 205,205,113,24,36,29,10,6,4,0,1,1,0,1,0,1,89,20,2,1,1,3.662
CHN 206,206,96,30,34,16,6,4,3,0,2,1,0,0,0,0,80,13,3,0,0,3.758
CHN 301,301,153,29,71,32,16,4,0,1,0,0,0,0,0,0,132,20,1,0,0,3.827
CHN 302,302,136,30,59,24,13,8,2,0,0,0,0,0,0,0,113,23,0,0,0,3.802
CHN 303,303,116,32,42,21,9,5,4,1,2,0,0,0,0,0,95,18,3,0,0,3.754
CHN 305,305,384,50,79,74,37,47,36,15,16,16,5,1,2,6,203,120,47,8,6,3.262
CHN 306,306,370,43,72,79,50,37,32,19,18,10,4,1,0,5,194,119,47,5,5,3.291
CHN 307,307,376,62,85,77,39,31,36,17,8,9,1,3,1,7,224,106,34,5,7,3.37
CHN 308,308,192,20,34,44,41,21,15,4,4,5,0,0,1,3,98,77,13,1,3,3.354
CHN 350,350,145,13,24,26,22,15,15,8,6,5,1,3,0,7,63,52,19,4,7,3.072
CHN 351,351,175,36,40,51,18,19,4,3,0,0,0,2,0,2,127,41,3,2,2,3.593
CHN 380,380,44,9,10,12,4,1,1,0,2,1,1,1,1,1,31,6,3,3,1,3.364
CHN 399,399,30,4,15,5,1,4,0,0,1,0,0,0,0,0,24,5,1,0,0,3.727
CHN 407,407,17,2,5,6,3,0,0,0,0,0,0,0,0,1,13,3,0,0,1,3.535
CHN 410,410,97,5,61,19,7,3,1,0,0,0,0,0,0,1,85,11,0,0,1,3.805
CHN 411,411,15,1,5,3,4,1,0,0,0,1,0,0,0,0,9,5,1,0,0,3.533
CHN 412,412,11,2,3,2,2,2,0,0,0,0,0,0,0,0,7,4,0,0,0,3.636
CHN 413,413,9,0,3,2,1,3,0,0,0,0,0,0,0,0,5,4,0,0,0,3.522
CHN 420,420,12,0,7,3,0,0,1,0,0,0,0,0,0,1,10,1,0,0,1,3.483
CHN 422,422,11,4,5,2,0,0,0,0,0,0,0,0,0,0,11,0,0,0,0,3.945
CHN 436,436,130,38,34,31,14,7,3,0,0,2,0,0,1,0,103,24,2,1,0,3.708
CHN 437,437,69,13,26,12,9,4,5,0,0,0,0,0,0,0,51,18,0,0,0,3.704
CHN 439,439,14,2,9,2,0,1,0,0,0,0,0,0,0,0,13,1,0,0,0,3.886
CHN 445,445,22,1,9,5,4,2,1,0,0,0,0,0,0,0,15,7,0,0,0,3.655
CHN 452,452,26,9,3,8,2,1,3,0,0,0,0,0,0,0,20,6,0,0,0,3.665
CHN 480,480,103,20,39,23,8,6,2,1,1,0,1,1,0,1,82,16,2,2,1,3.665
CHN 482,482,16,1,7,4,0,0,0,1,1,1,0,0,0,1,12,0,3,0,1,3.3
CINE 110M,110M,355,43,135,57,31,37,11,5,14,9,0,2,0,11,235,79,28,2,11,3.444
CINE 111,111,371,107,108,41,32,26,14,8,8,5,6,4,1,11,256,72,21,11,11,3.473
CINE 112,112,37,2,17,9,4,2,1,0,0,0,1,0,0,1,28,7,0,1,1,3.581
CINE 121,121,31,13,3,3,4,3,1,1,0,0,0,0,0,3,19,8,1,0,3,3.3
CINE 151M,151M,224,7,67,29,30,28,26,11,10,5,1,1,2,7,103,84,26,4,7,3.187
CINE 198,198,18,0,11,2,0,1,1,0,1,0,0,0,0,2,13,2,1,0,2,3.283
CINE 199,199,38,1,6,4,5,5,4,2,4,0,0,2,0,5,11,14,6,2,5,2.624
CINE 230,230,2192,1,919,425,246,217,194,63,48,33,7,5,7,27,1345,657,144,19,27,3.447
CINE 260M,260M,856,38,175,150,147,138,73,42,32,20,5,6,4,26,363,358,94,15,26,3.17
CINE 265,265,1354,107,549,173,108,188,55,24,54,30,10,21,5,30,829,351,108,36,30,3.386
CINE 266,266,1325,9,426,280,169,136,88,49,52,26,16,18,12,44,715,393,127,46,44,3.236
CINE 267,267,1280,101,407,202,184,149,83,43,39,17,6,12,4,33,710,416,99,22,33,3.349
CINE 268,268,371,17,126,82,44,32,23,10,6,4,1,1,3,22,225,99,20,5,22,3.302
CINE 270,270,436,18,165,119,62,39,17,5,7,1,1,0,0,2,302,118,13,1,2,3.597
CINE 303,303,27,3,10,7,3,1,1,1,1,0,0,0,0,0,20,5,2,0,0,3.622
CINE 320,320,380,33,90,103,56,42,33,7,8,4,0,1,0,3,226,131,19,1,3,3.455
CINE 330,330,39,0,9,18,9,2,1,0,0,0,0,0,0,0,27,12,0,0,0,3.615
CINE 335,335,124,5,56,22,12,16,4,1,4,0,0,1,0,3,83,32,5,1,3,3.509
CINE 340,340,208,0,51,66,46,20,10,4,4,3,2,1,0,1,117,76,11,3,1,3.427
CINE 345,345,133,11,37,30,28,15,3,4,1,0,0,1,1,2,78,46,5,2,2,3.469
CINE 350,350,133,8,37,29,17,16,12,9,5,0,0,0,0,0,74,45,14,0,0,3.417
CINE 360,360,232,0,90,63,34,21,12,4,0,0,1,0,1,6,153,67,4,2,6,3.5
CINE 362M,362M,81,6,21,23,19,4,4,2,1,0,0,0,0,1,50,27,3,0,1,3.521
CINE 365,365,258,10,73,79,49,23,14,4,0,0,0,0,2,4,162,86,4,2,4,3.502
CINE 370,370,27,0,12,9,1,2,0,3,0,0,0,0,0,0,21,3,3,0,0,3.611
CINE 381M,381M,526,37,198,120,72,32,22,9,8,4,2,3,0,19,355,126,21,5,19,3.472
CINE 399,399,1860,60,562,483,301,188,110,54,40,18,5,3,3,33,1105,599,112,11,33,3.428
CINE 404,404,22,4,8,5,1,3,0,0,0,1,0,0,0,0,17,4,1,0,0,3.659
CINE 408,408,391,40,153,87,38,29,17,11,8,3,0,1,1,3,280,84,22,2,3,3.581
CINE 410,410,752,24,295,160,99,76,39,16,15,6,0,4,1,17,479,214,37,5,17,3.47
CINE 411M,411M,165,4,46,57,24,17,4,5,1,2,1,0,2,2,107,45,8,3,2,3.464
CINE 415,415,12,2,2,0,2,3,2,1,0,0,0,0,0,0,4,7,1,0,0,3.275
CINE 420,420,65,0,13,16,12,11,9,1,1,2,0,0,0,0,29,32,4,0,0,3.32
CINE 425,425,227,1,29,72,68,34,17,5,0,1,0,0,0,0,102,119,6,0,0,3.4
CINE 426,426,56,17,29,2,8,0,0,0,0,0,0,0,0,0,48,8,0,0,0,3.889
CINE 430,430,30,5,22,2,1,0,0,0,0,0,0,0,0,0,29,1,0,0,0,3.957
CINE 440,440,479,27,179,119,61,40,16,15,5,5,3,0,1,8,325,117,25,4,8,3.521
CINE 470,470,19,2,5,5,2,3,2,0,0,0,0,0,0,0,12,7,0,0,0,3.553
CINE 490,490,432,34,199,76,42,29,19,10,3,3,1,1,2,13,309,90,16,4,13,3.537
CIT 281,281,649,194,217,54,29,104,16,5,10,8,0,1,0,11,465,149,23,1,11,3.607
CIT 381,381,601,92,242,103,57,40,35,13,10,5,2,0,1,1,437,132,28,3,1,3.63
CIT 382,382,564,80,244,72,58,46,23,12,18,6,0,1,0,4,396,127,36,1,4,3.597
CIT 383,383,556,108,291,59,38,34,10,6,5,5,0,0,0,0,458,82,16,0,0,3.779
CLAS 110,110,3712,131,801,565,390,519,376,219,240,159,52,66,46,148,1497,1285,618,164,148,2.99
CLAS 111,111,25,1,0,5,1,4,7,0,2,2,0,0,0,3,6,12,4,0,3,2.564
CLAS 188,188,201,16,53,17,11,37,12,8,17,10,3,3,3,11,86,60,35,9,11,2.97
CLAS 199,199,11,0,2,0,1,1,3,1,2,0,0,0,0,1,2,5,3,0,1,2.609
CLAS 201,201,1028,34,113,124,136,174,124,79,71,48,12,31,7,75,271,434,198,50,75,2.733
CLAS 202,202,815,20,178,140,94,155,63,42,40,24,9,11,2,37,338,312,106,22,37,3.064
CLAS 301,301,300,7,77,40,29,56,31,15,18,5,1,3,2,16,124,116,38,6,16,3.054
CLAS 302,302,385,8,34,32,41,66,60,38,34,24,1,10,0,37,74,167,96,11,37,2.569
CLAS 303,303,192,1,18,22,32,29,29,18,15,9,0,5,1,13,41,90,42,6,13,2.712
CLAS 310,310,130,3,17,15,12,24,17,4,10,4,2,4,3,15,35,53,18,9,15,2.598
CLAS 311,311,172,12,30,37,22,10,27,11,7,2,4,2,4,4,79,59,20,10,4,3.099
CLAS 314,314,334,26,58,55,46,30,43,28,11,11,10,4,1,11,139,119,50,15,11,3.054
CLAS 330,330,96,8,26,10,7,11,6,4,6,7,2,1,0,8,44,24,17,3,8,2.938
CLAS 407,407,33,0,7,3,6,4,3,1,1,3,0,1,0,4,10,13,5,1,4,2.709
COLT 101,101,786,62,263,98,89,118,38,27,33,26,3,7,2,20,423,245,86,12,20,3.305
COLT 102,102,886,43,371,95,69,131,41,28,37,7,7,6,4,47,509,241,72,17,47,3.281
COLT 103,103,843,57,297,159,99,97,38,18,27,15,3,4,1,28,513,234,60,8,28,3.386
COLT 211,211,1928,301,476,379,280,189,107,48,43,31,6,11,8,49,1156,576,122,25,49,3.404
COLT 212,212,1487,204,397,322,209,111,89,38,36,21,11,9,5,35,923,409,95,25,35,3.416
COLT 231,231,482,21,129,92,57,78,32,20,17,9,4,3,1,19,242,167,46,8,19,3.222
COLT 232,232,1402,110,310,220,162,202,95,57,81,37,16,23,13,76,640,459,175,52,76,3.067
COLT 301,301,455,32,152,90,54,65,16,12,14,0,5,2,0,13,274,135,26,7,13,3.405
COLT 302,302,104,20,56,20,1,5,0,0,0,1,0,0,0,1,96,6,1,0,1,3.827
COLT 303,303,136,9,45,22,15,11,7,4,2,3,1,4,2,11,76,33,9,7,11,3.116
COLT 304,304,24,7,10,3,1,3,0,0,0,0,0,0,0,0,20,4,0,0,0,3.808
COLT 305,305,261,25,81,51,30,29,16,11,1,4,1,1,0,11,157,75,16,2,11,3.365
COLT 360,360,2197,203,683,358,247,283,124,80,64,50,9,9,13,74,1244,654,194,31,74,3.32
COLT 370,370,555,34,184,87,73,63,44,23,14,14,1,4,1,13,305,180,51,6,13,3.339
COLT 380,380,1327,166,596,165,207,98,34,4,13,5,1,13,6,19,927,339,22,20,19,3.609
COLT 390,390,23,2,14,0,4,1,0,2,0,0,0,0,0,0,16,5,2,0,0,3.687
COLT 415,415,77,18,28,11,10,4,3,1,0,0,0,0,0,2,57,17,1,0,2,3.638
COLT 450,450,113,17,58,13,8,9,5,0,0,0,0,0,0,3,88,22,0,0,3,3.673
COLT 461,461,10,0,4,0,2,2,1,0,1,0,0,0,0,0,4,5,1,0,0,3.33
COLT 470,470,13,2,6,1,0,1,1,1,1,0,0,0,0,0,9,2,2,0,0,3.515
COLT 616,616,19,3,14,2,0,0,0,0,0,0,0,0,0,0,19,0,0,0,0,3.968
CPSY 410,410,507,122,166,84,40,47,15,10,9,4,2,0,0,8,372,102,23,2,8,3.603
CPSY 417,417,159,49,58,24,6,8,7,1,4,0,0,0,0,2,131,21,5,0,2,3.709
CPSY 609,609,12,5,7,0,0,0,0,0,0,0,0,0,0,0,12,0,0,0,0,4.0
CPSY 610,610,64,24,34,5,1,0,0,0,0,0,0,0,0,0,63,1,0,0,0,3.966
CPSY 614,614,201,40,109,34,8,6,4,0,0,0,0,0,0,0,183,18,0,0,0,3.866
CPSY 615,615,33,0,26,5,0,2,0,0,0,0,0,0,0,0,31,2,0,0,0,3.894
CPSY 617,617,156,62,76,10,3,5,0,0,0,0,0,0,0,0,148,8,0,0,0,3.935
CPSY 618,618,35,4,30,1,0,0,0,0,0,0,0,0,0,0,35,0,0,0,0,3.991
CPSY 621,621,258,128,103,20,3,4,0,0,0,0,0,0,0,0,251,7,0,0,0,3.953
CPSY 625,625,47,17,18,9,1,1,0,0,0,1,0,0,0,0,44,2,1,0,0,3.857
CPSY 635,635,28,16,8,2,0,1,1,0,0,0,0,0,0,0,26,2,0,0,0,3.896
CPSY 642,642,213,69,91,23,13,10,6,0,0,0,0,1,0,0,183,29,0,1,0,3.827
CPSY 643,643,21,7,11,1,0,1,1,0,0,0,0,0,0,0,19,2,0,0,0,3.876
CPSY 645,645,72,8,26,18,7,11,2,0,0,0,0,0,0,0,52,20,0,0,0,3.668
CRES 101,101,867,208,202,169,66,54,44,22,22,22,3,7,10,38,579,164,66,20,38,3.361
CRES 351,351,60,1,29,13,7,6,0,1,0,0,0,0,1,2,43,13,1,1,2,3.537
CRES 399,399,16,1,9,3,1,1,0,0,0,0,0,0,0,1,13,2,0,0,1,3.588
CRES 410,410,131,9,53,17,9,22,5,3,1,2,0,0,0,10,79,36,6,0,10,3.301
CRES 415,415,203,59,49,29,18,16,5,8,3,4,0,1,0,11,137,39,15,1,11,3.411
CRES 430,430,61,8,17,14,4,7,6,1,1,0,0,0,0,3,39,17,2,0,3,3.385
CRES 435,435,181,17,67,45,16,27,2,2,3,0,0,0,0,2,129,45,5,0,2,3.604
CRES 445,445,214,19,93,32,16,22,11,8,7,1,0,2,0,3,144,49,16,2,3,3.509
CRES 610,610,152,8,62,53,14,11,4,0,0,0,0,0,0,0,123,29,0,0,0,3.724
CRES 612,612,123,18,43,24,14,16,4,3,0,1,0,0,0,0,85,34,4,0,0,3.629
CRES 613,613,117,8,26,30,28,18,5,1,1,0,0,0,0,0,64,51,2,0,0,3.515
CRES 614,614,106,4,32,24,25,17,3,1,0,0,0,0,0,0,60,45,1,0,0,3.554
CRES 615,615,24,0,7,10,7,0,0,0,0,0,0,0,0,0,17,7,0,0,0,3.671
CRES 616,616,85,7,24,13,13,17,6,2,2,0,0,0,0,1,44,36,4,0,1,3.421
CRES 617,617,37,0,12,19,6,0,0,0,0,0,0,0,0,0,31,6,0,0,0,3.732
CRES 618,618,99,8,17,25,26,17,1,0,4,1,0,0,0,0,50,44,5,0,0,3.452
CRES 621,621,15,0,6,5,1,1,2,0,0,0,0,0,0,0,11,4,0,0,0,3.613
CRES 625,625,138,2,54,28,26,24,2,1,1,0,0,0,0,0,84,52,2,0,0,3.588
CRES 631,631,44,18,10,8,6,2,0,0,0,0,0,0,0,0,36,8,0,0,0,3.805
CRES 632,632,99,6,42,14,15,14,7,0,1,0,0,0,0,0,62,36,1,0,0,3.598
CRES 660,660,9,1,4,1,1,2,0,0,0,0,0,0,0,0,6,3,0,0,0,3.667
CRES 670,670,25,0,9,3,10,1,1,0,0,0,0,0,0,1,12,12,0,0,1,3.432
CRWR 199,199,12,2,1,2,0,2,3,0,0,1,1,0,0,0,5,5,1,1,0,3.042
CRWR 225,225,353,52,132,82,36,21,22,1,0,0,0,2,0,5,266,79,1,2,5,3.64
CRWR 230,230,1846,272,585,504,194,103,69,24,16,18,3,4,1,53,1361,366,58,8,53,3.551
CRWR 235,235,53,9,16,14,10,1,1,0,2,0,0,0,0,0,39,12,2,0,0,3.67
CRWR 240,240,1892,314,477,385,236,159,145,46,27,36,4,13,5,45,1176,540,109,22,45,3.424
CRWR 244,244,83,6,23,17,7,12,7,4,2,1,1,0,1,2,46,26,7,2,2,3.299
CRWR 245,245,34,1,7,7,6,6,7,0,0,0,0,0,0,0,15,19,0,0,0,3.371
CRWR 330,330,460,66,163,88,62,49,16,4,4,1,0,0,0,7,317,127,9,0,7,3.598
CRWR 335,335,31,10,10,2,3,1,2,0,0,0,0,0,0,3,22,6,0,0,3,3.41
CRWR 336,336,99,9,31,27,7,8,7,2,1,4,0,0,1,2,67,22,7,1,2,3.434
CRWR 340,340,533,89,205,98,56,42,26,7,2,3,0,2,0,3,392,124,12,2,3,3.653
CRWR 345,345,42,3,12,9,11,4,2,0,0,0,0,0,0,1,24,17,0,0,1,3.5
CRWR 407,407,78,16,23,22,7,4,2,0,0,0,0,1,0,3,61,13,0,1,3,3.576
CRWR 413,413,54,3,15,17,10,6,0,2,0,0,0,0,1,0,35,16,2,1,0,3.541
CRWR 414,414,27,2,7,10,2,2,3,0,0,0,0,0,0,1,19,7,0,0,1,3.47
CRWR 417,417,21,6,4,2,3,2,4,0,0,0,0,0,0,0,12,9,0,0,0,3.529
CRWR 418,418,11,4,1,3,1,0,1,0,0,0,1,0,0,0,8,2,0,1,0,3.491
CRWR 419,419,11,4,1,2,1,0,2,0,0,0,0,0,0,1,7,3,0,0,1,3.282
CRWR 435,435,242,32,81,51,40,26,4,3,2,2,1,0,0,0,164,70,7,1,0,3.624
CRWR 445,445,263,25,95,69,28,31,11,1,0,0,0,0,0,3,189,70,1,0,3,3.622
CRWR 607,607,10,2,2,4,2,0,0,0,0,0,0,0,0,0,8,2,0,0,0,3.74
CS 102,102,945,309,193,160,77,54,61,23,17,19,2,5,5,20,662,192,59,12,20,3.504
CS 105,105,59,36,10,3,1,3,2,1,0,0,0,0,0,3,49,6,1,0,3,3.646
CS 110,110,4885,575,1436,583,379,708,343,178,291,121,36,55,24,156,2594,1430,590,115,156,3.238
CS 111,111,3997,511,942,440,273,641,256,163,329,118,25,75,17,207,1893,1170,610,117,207,3.079
CS 115,115,173,25,24,22,14,24,21,11,10,5,6,4,0,7,71,59,26,10,7,2.994
CS 122,122,3797,356,1137,433,301,467,243,138,256,112,32,84,40,198,1926,1011,506,156,198,3.107
CS 199,199,309,81,105,33,25,30,11,5,8,1,0,2,1,7,219,66,14,3,7,3.561
CS 210,210,2736,246,467,203,258,404,281,178,231,138,42,85,30,173,916,943,547,157,173,2.811
CS 211,211,1960,100,592,147,162,302,185,51,216,60,5,62,3,75,839,649,327,70,75,3.048
CS 212,212,1832,184,370,200,215,218,207,81,87,68,34,42,23,103,754,640,236,99,103,2.978
CS 313,313,1332,66,221,197,180,207,159,99,105,44,15,9,3,27,484,546,248,27,27,3.051
CS 314,314,1382,102,384,219,195,162,116,50,47,38,1,13,6,49,705,473,135,20,49,3.248
CS 315,315,1177,62,223,132,132,205,141,87,78,51,10,13,9,34,417,478,216,32,34,3.003
CS 322,322,490,69,94,48,45,46,55,27,31,19,9,13,12,22,211,146,77,34,22,2.968
CS 330,330,1184,152,199,120,139,154,100,74,84,46,15,17,7,77,471,393,204,39,77,2.953
CS 333,333,169,5,30,45,21,21,23,13,4,2,1,0,0,4,80,65,19,1,4,3.216
CS 399,399,472,93,114,49,41,53,32,13,24,19,2,10,3,19,256,126,56,15,19,3.21
CS 410,410,783,78,340,129,88,70,24,14,16,11,2,0,4,7,547,182,41,6,7,3.58
CS 413,413,116,14,28,13,17,16,11,1,6,3,0,2,0,5,55,44,10,2,5,3.201
CS 415,415,962,36,143,95,114,169,125,84,84,57,12,13,6,24,274,408,225,31,24,2.889
CS 420,420,114,5,35,8,15,17,14,6,5,4,0,3,0,2,48,46,15,3,2,3.171
CS 422,422,900,46,159,171,157,158,80,55,41,11,0,7,0,15,376,395,107,7,15,3.217
CS 423,423,53,11,18,8,2,7,4,0,2,1,0,0,0,0,37,13,3,0,0,3.579
CS 425,425,1026,48,122,91,141,169,87,71,99,89,1,60,5,43,261,397,259,66,43,2.73
CS 427,427,21,0,3,2,8,5,2,0,0,1,0,0,0,0,5,15,1,0,0,3.233
CS 429,429,49,3,14,11,7,7,1,1,3,0,0,2,0,0,28,15,4,2,0,3.384
CS 431,431,59,0,11,8,9,10,8,3,4,4,0,0,0,2,19,27,11,0,2,2.993
CS 432,432,221,6,18,29,29,42,30,22,13,11,4,2,3,12,53,101,46,9,12,2.763
CS 433,433,316,6,64,106,82,36,14,2,2,0,1,1,0,2,176,132,4,2,2,3.479
CS 436,436,58,1,15,14,10,5,7,1,2,2,0,0,0,1,30,22,5,0,1,3.317
CS 441,441,157,22,72,12,17,15,1,3,5,3,0,1,0,6,106,33,11,1,6,3.485
CS 443,443,126,8,13,20,19,18,16,13,9,4,0,3,0,3,41,53,26,3,3,2.981
CS 445,445,32,2,4,3,4,1,6,4,2,0,1,0,0,5,9,11,6,1,5,2.562
CS 451,451,378,15,190,51,41,45,15,12,4,1,0,3,0,1,256,101,17,3,1,3.597
CS 452,452,17,0,9,3,2,3,0,0,0,0,0,0,0,0,12,5,0,0,0,3.688
CS 453,453,67,4,27,14,15,3,0,2,0,0,1,1,0,0,45,18,2,2,0,3.6
CS 454,454,19,2,13,2,0,1,0,0,1,0,0,0,0,0,17,1,1,0,0,3.811
CS 471,471,346,4,93,72,77,45,26,12,4,3,2,5,1,2,169,148,19,8,2,3.36
CS 472,472,298,26,64,52,41,50,21,12,11,6,2,1,0,12,142,112,29,3,12,3.214
CS 473,473,66,1,10,5,11,10,9,7,3,5,1,0,0,4,16,30,15,1,4,2.803
CS 490,490,27,0,5,6,10,6,0,0,0,0,0,0,0,0,11,16,0,0,0,3.452
CS 510,510,52,12,15,13,4,3,3,0,2,0,0,0,0,0,40,10,2,0,0,3.662
CS 513,513,9,3,1,1,1,2,1,0,0,0,0,0,0,0,5,4,0,0,0,3.522
CS 531,531,25,3,10,4,3,1,2,1,0,0,0,0,0,1,17,6,1,0,1,3.496
CS 532,532,12,3,2,1,2,3,0,1,0,0,0,0,0,0,6,5,1,0,0,3.467
CS 533,533,29,1,10,12,5,0,0,0,0,0,0,0,0,1,23,5,0,0,1,3.617
CS 541,541,11,4,3,1,1,1,0,0,0,0,0,1,0,0,8,2,0,1,0,3.545
CS 551,551,31,1,16,2,4,4,0,3,0,0,0,0,0,1,19,8,3,0,1,3.468
CS 561,561,16,2,7,2,0,5,0,0,0,0,0,0,0,0,11,5,0,0,0,3.65
CS 571,571,99,5,32,20,19,11,5,3,1,1,0,0,0,2,57,35,5,0,2,3.453
CS 572,572,137,22,44,21,15,19,8,0,4,0,0,0,1,3,87,42,4,1,3,3.493
CS 573,573,25,1,6,6,3,4,3,0,2,0,0,0,0,0,13,10,2,0,0,3.368
CS 607,607,12,0,6,1,1,0,1,0,1,0,0,0,0,2,7,2,1,0,2,2.975
CS 610,610,25,2,13,4,1,4,0,0,0,1,0,0,0,0,19,5,1,0,0,3.672
CS 621,621,178,17,64,32,24,18,15,3,2,1,0,1,0,1,113,57,6,1,1,3.538
CS 624,624,91,33,39,7,2,7,2,0,0,1,0,0,0,0,79,11,1,0,0,3.831
CS 630,630,119,7,21,24,17,17,24,2,2,1,0,2,1,1,52,58,5,3,1,3.241
CS 631,631,62,4,15,12,11,14,2,0,2,1,0,1,0,0,31,27,3,1,0,3.4
CS 632,632,10,2,1,1,3,0,0,0,2,0,0,0,0,1,4,3,2,0,1,2.96
CS 650,650,27,14,7,6,0,0,0,0,0,0,0,0,0,0,27,0,0,0,0,3.933
CS 670,670,114,2,51,28,12,10,5,0,1,0,0,0,0,5,81,27,1,0,5,3.515
DAN 171,171,20,5,14,0,1,0,0,0,0,0,0,0,0,0,19,1,0,0,0,3.965
DAN 241,241,84,11,31,16,3,8,2,3,4,3,0,1,1,1,58,13,10,2,1,3.431
DAN 251,251,2405,194,882,509,275,256,80,49,60,23,6,17,5,49,1585,611,132,28,49,3.484
DAN 252,252,44,9,20,3,3,5,3,0,0,1,0,0,0,0,32,11,1,0,0,3.677
DAN 255,255,146,44,49,31,7,6,6,0,1,1,0,0,0,1,124,19,2,0,1,3.751
DAN 256,256,26,4,8,2,3,6,0,0,3,0,0,0,0,0,14,9,3,0,0,3.435
DAN 258,258,69,13,31,12,2,2,2,1,3,1,0,1,0,1,56,6,5,1,1,3.614
DAN 260,260,953,60,325,59,47,221,49,31,82,31,1,15,4,28,444,317,144,20,28,3.165
DAN 271,271,12,5,6,0,0,1,0,0,0,0,0,0,0,0,11,1,0,0,0,3.917
DAN 294,294,100,16,31,18,10,16,3,1,3,0,0,0,0,2,65,29,4,0,2,3.52
DAN 301,301,689,91,324,41,29,109,14,11,34,8,0,17,0,11,456,152,53,17,11,3.478
DAN 351,351,58,9,27,6,0,8,4,1,1,1,0,1,0,0,42,12,3,1,0,3.586
DAN 352,352,45,1,16,21,2,4,0,0,0,1,0,0,0,0,38,6,1,0,0,3.689
DAN 360,360,117,19,40,21,6,8,6,3,8,2,0,0,0,4,80,20,13,0,4,3.419
DAN 394,394,180,23,75,36,25,12,4,1,0,2,0,0,0,2,134,41,3,0,2,3.668
DAN 396,396,106,41,29,18,7,7,2,1,0,0,0,0,0,1,88,16,1,0,1,3.758
DAN 410,410,40,12,15,1,2,5,2,0,3,0,0,0,0,0,28,9,3,0,0,3.618
DAN 443,443,11,2,4,1,1,1,0,0,0,0,0,1,0,1,7,2,0,1,1,3.182
DAN 444,444,18,0,9,3,3,2,0,0,0,0,0,0,0,1,12,5,0,0,1,3.5
DAN 454,454,28,2,14,5,0,3,1,1,1,0,0,0,0,1,21,4,2,0,1,3.518
DAN 458,458,41,15,16,3,2,2,0,0,1,0,0,0,0,2,34,4,1,0,2,3.651
DAN 491,491,14,7,4,2,1,0,0,0,0,0,0,0,0,0,13,1,0,0,0,3.907
DAN 494,494,78,13,30,16,7,8,2,0,2,0,0,0,0,0,59,17,2,0,0,3.688
DANC 170,170,371,71,165,62,9,31,12,3,6,0,0,1,1,10,298,52,9,2,10,3.636
DANC 172,172,421,75,206,60,23,26,10,4,4,4,1,3,1,4,341,59,12,5,4,3.696
DANC 175,175,134,43,52,10,7,8,5,2,2,0,0,0,0,5,105,20,4,0,5,3.628
DANC 199,199,55,18,26,4,3,1,1,0,1,0,0,0,0,1,48,5,1,0,1,3.789
DANC 270,270,244,32,97,47,20,32,9,3,0,1,0,1,0,2,176,61,4,1,2,3.63
DANC 271,271,65,19,27,3,4,7,3,0,1,0,0,0,0,1,49,14,1,0,1,3.683
DANC 272,272,287,64,106,63,17,12,6,5,4,2,0,1,2,5,233,35,11,3,5,3.647
DANC 275,275,165,33,77,20,6,15,8,1,2,0,1,0,0,2,130,29,3,1,2,3.685
DANC 285,285,10,2,2,3,2,1,0,0,0,0,0,0,0,0,7,3,0,0,0,3.67
DANC 299,299,39,11,13,9,4,1,0,0,0,1,0,0,0,0,33,5,1,0,0,3.774
DANC 370,370,91,20,46,12,2,2,5,0,0,0,0,2,1,1,78,9,0,3,1,3.705
DANC 372,372,328,122,128,45,6,11,9,2,2,0,0,0,0,3,295,26,4,0,3,3.818
DANC 375,375,68,21,23,9,1,3,7,2,1,0,0,0,0,1,53,11,3,0,1,3.634
DANC 399,399,58,10,30,9,3,3,0,0,0,2,0,0,0,1,49,6,2,0,1,3.717
DSCI 101,101,1000,93,151,152,163,132,89,72,45,28,9,11,7,48,396,384,145,27,48,3.043
DSCI 102,102,473,69,114,94,66,45,30,18,12,13,1,1,0,10,277,141,43,2,10,3.39
DSCI 299,299,40,4,7,5,2,10,4,3,2,2,0,0,0,1,16,16,7,0,1,3.105
DSCI 311,311,176,28,44,43,17,14,7,6,4,5,0,1,2,5,115,38,15,3,5,3.391
DSCI 345M,345M,175,26,75,23,8,18,5,5,3,4,0,2,0,6,124,31,12,2,6,3.482
DSCI 372M,372M,155,0,51,39,34,15,8,3,2,0,0,0,0,3,90,57,5,0,3,3.471
DSCI 407,407,20,3,10,5,0,1,0,0,0,0,0,0,0,1,18,1,0,0,1,3.675
DSCI 410,410,42,10,13,10,1,1,4,1,0,1,0,0,0,1,33,6,2,0,1,3.574
DSCI 410L,410L,38,11,10,6,3,4,1,2,0,0,0,0,0,1,27,8,2,0,1,3.563
DSGN 321,321,25,0,3,8,4,3,2,3,1,0,0,0,0,1,11,9,4,0,1,3.124
DSGN 408,408,36,0,19,5,0,5,2,0,1,0,0,0,0,4,24,7,1,0,4,3.247
DSGN 608,608,11,0,5,3,2,1,0,0,0,0,0,0,0,0,8,3,0,0,0,3.7
EALL 109,109,80,25,27,11,3,9,1,0,0,1,0,3,0,0,63,13,1,3,0,3.662
EALL 199,199,69,16,14,5,8,8,9,1,2,1,0,0,1,4,35,25,4,1,4,3.216
EALL 209,209,516,45,141,107,70,68,36,21,11,5,1,2,3,6,293,174,37,6,6,3.404
EALL 210,210,74,1,12,27,13,8,5,5,2,0,0,1,0,0,40,26,7,1,0,3.362
EALL 211,211,63,23,14,6,4,9,2,1,0,0,0,0,1,3,43,15,1,1,3,3.473
EALL 360,360,17,0,2,3,5,3,1,0,1,0,0,1,0,1,5,9,1,1,1,2.959
EALL 399,399,15,1,4,5,4,0,0,1,0,0,0,0,0,0,10,4,1,0,0,3.6
EALL 407,407,11,3,3,0,1,2,0,2,0,0,0,0,0,0,6,3,2,0,0,3.445
EALL 410,410,34,6,8,6,6,2,2,0,1,1,0,0,0,2,20,10,2,0,2,3.326
EALL 441,441,12,0,4,2,2,2,0,2,0,0,0,0,0,0,6,4,2,0,0,3.383
EALL 442,442,29,6,7,3,6,2,0,3,2,0,0,0,0,0,16,8,5,0,0,3.441
EALL 443,443,11,5,3,1,0,0,0,0,0,0,0,0,2,0,9,0,0,2,0,3.373
EC 101,101,2022,27,202,203,262,383,235,208,207,196,23,39,5,32,432,880,611,67,32,2.776
EC 199,199,57,0,36,6,10,2,3,0,0,0,0,0,0,0,42,15,0,0,0,3.742
EC 201,201,19217,344,2411,1972,2039,2935,2214,2184,2422,1395,271,418,50,562,4727,7188,6001,739,562,2.751
EC 202,202,16311,219,2119,1603,1869,2683,1722,2025,1860,1208,181,293,84,445,3941,6274,5093,558,445,2.769
EC 311,311,8772,330,1430,919,1082,1482,898,775,938,421,44,200,20,233,2679,3462,2134,264,233,2.91
EC 313,313,6383,183,980,795,753,1017,691,604,633,366,18,176,20,147,1958,2461,1603,214,147,2.896
EC 320,320,3113,87,520,365,356,468,302,267,346,238,9,69,3,83,972,1126,851,81,83,2.88
EC 327,327,2177,75,332,240,256,335,230,196,217,148,18,61,8,61,647,821,561,87,61,2.854
EC 328,328,78,1,19,9,7,9,6,7,9,7,0,1,1,2,29,22,23,2,2,2.914
EC 330,330,1737,72,331,222,221,280,160,139,146,90,6,19,4,47,625,661,375,29,47,3.01
EC 333,333,1417,56,235,172,152,233,146,110,151,81,6,21,5,49,463,531,342,32,49,2.908
EC 340,340,1025,33,211,99,135,153,95,113,98,53,6,8,3,18,343,383,264,17,18,2.992
EC 350,350,1772,55,291,195,208,324,184,182,169,80,13,23,4,44,541,716,431,40,44,2.932
EC 360,360,933,11,173,112,116,160,105,77,76,55,7,24,0,17,296,381,208,31,17,2.95
EC 370,370,1970,73,265,253,258,331,220,217,168,105,9,29,0,42,591,809,490,38,42,2.934
EC 380,380,2404,48,347,217,249,475,247,205,354,115,17,34,7,89,612,971,674,58,89,2.801
EC 390,390,1032,26,181,86,116,204,96,88,131,39,9,28,3,25,293,416,258,40,25,2.881
EC 399,399,415,13,68,46,64,59,48,34,23,32,1,12,0,15,127,171,89,13,15,2.901
EC 408,408,38,0,9,1,5,4,0,2,6,2,3,1,1,4,10,9,10,5,4,2.468
EC 410,410,1129,48,202,139,155,175,122,98,112,43,1,9,1,24,389,452,253,11,24,3.024
EC 411,411,54,1,16,4,4,12,1,1,1,7,1,2,0,4,21,17,9,3,4,2.856
EC 413,413,16,1,3,2,3,3,2,1,0,0,0,0,0,1,6,8,1,0,1,3.125
EC 421,421,2777,85,454,264,286,555,236,202,311,149,10,90,6,129,803,1077,662,106,129,2.818
EC 422,422,269,1,69,29,25,56,20,15,24,11,0,8,0,11,99,101,50,8,11,2.978
EC 423,423,9,0,2,1,0,3,2,0,0,0,0,1,0,0,3,5,0,1,0,3.011
EC 427,427,866,21,103,94,108,135,112,89,65,62,4,40,3,30,218,355,216,47,30,2.766
EC 428,428,446,13,72,40,37,110,37,28,62,35,0,1,0,11,125,184,125,1,11,2.89
EC 430,430,580,29,165,44,48,71,33,61,70,53,0,0,0,6,238,152,184,0,6,3.051
EC 432,432,131,5,20,11,16,21,11,16,13,8,0,3,0,7,36,48,37,3,7,2.791
EC 434,434,643,18,105,64,85,87,62,54,72,64,0,10,1,21,187,234,190,11,21,2.839
EC 435,435,396,11,84,40,46,62,21,49,55,18,1,5,0,4,135,129,122,6,4,2.985
EC 440,440,617,34,49,57,50,73,100,63,60,40,18,14,13,46,140,223,163,45,46,2.555
EC 441,441,183,3,27,22,18,36,18,25,18,12,0,0,0,4,52,72,55,0,4,2.903
EC 443,443,754,27,94,95,120,95,92,78,78,55,2,8,0,10,216,307,211,10,10,2.924
EC 448,448,252,8,14,37,33,40,36,27,18,13,5,7,1,13,59,109,58,13,13,2.72
EC 450,450,900,13,140,98,90,130,106,71,106,95,10,13,5,23,251,326,272,28,23,2.793
EC 451,451,753,27,96,86,76,117,75,97,100,47,0,10,0,22,209,268,244,10,22,2.825
EC 460,460,694,25,79,68,92,118,92,47,69,74,10,6,0,14,172,302,190,16,14,2.831
EC 461,461,131,1,18,12,21,29,13,14,16,3,0,1,0,3,31,63,33,1,3,2.917
EC 462,462,185,7,16,23,18,29,33,14,11,23,2,1,0,8,46,80,48,3,8,2.754
EC 470,470,560,11,88,49,69,84,63,71,61,28,6,14,3,13,148,216,160,23,13,2.828
EC 471,471,309,3,114,28,24,43,22,13,29,12,0,15,0,6,145,89,54,15,6,3.115
EC 480,480,860,16,66,60,101,144,165,98,103,64,3,3,1,36,142,410,265,7,36,2.684
EC 481,481,865,24,121,73,107,194,68,51,141,55,3,11,2,15,218,369,247,16,15,2.865
EC 482,482,431,14,70,22,21,124,29,23,75,28,0,4,0,21,106,174,126,4,21,2.765
EC 484,484,203,4,40,17,15,43,16,12,34,17,0,0,1,4,61,74,63,1,4,2.886
EC 490,490,493,15,64,49,73,65,64,45,48,31,2,24,0,13,128,202,124,26,13,2.809
EC 491,491,272,10,42,26,34,44,25,25,38,18,0,2,0,8,78,103,81,2,8,2.875
EC 493,493,87,0,9,12,6,14,18,14,9,2,0,0,0,3,21,38,25,0,3,2.809
EC 510,510,86,1,35,22,16,9,1,2,0,0,0,0,0,0,58,26,2,0,0,3.634
EC 511,511,74,5,18,11,9,15,4,1,7,1,0,3,0,0,34,28,9,3,0,3.232
EC 512,512,18,2,8,5,0,2,0,0,0,0,0,1,0,0,15,2,0,1,0,3.639
EC 513,513,76,2,25,20,16,8,2,2,0,0,0,0,0,1,47,26,2,0,1,3.537
EC 523,523,199,3,97,7,10,63,11,4,4,0,0,0,0,0,107,84,8,0,0,3.491
EC 524,524,181,23,64,18,31,26,13,4,0,0,0,0,0,2,105,70,4,0,2,3.531
EC 525,525,179,25,70,42,23,13,4,1,0,0,0,0,0,1,137,40,1,0,1,3.706
EC 528,528,35,1,16,7,7,4,0,0,0,0,0,0,0,0,24,11,0,0,0,3.686
EC 530,530,8,4,0,0,3,1,0,0,0,0,0,0,0,0,4,4,0,0,0,3.612
EC 607,607,1170,42,260,230,227,265,117,11,10,1,0,0,0,7,532,609,22,0,7,3.39
EDLD 211,211,172,1,115,20,8,9,6,2,3,3,1,0,1,3,136,23,8,2,3,3.635
EDLD 311,311,79,2,25,25,11,8,3,2,0,0,0,0,0,3,52,22,2,0,3,3.462
EDLD 312,312,17,0,11,0,0,3,0,0,3,0,0,0,0,0,11,3,3,0,0,3.471
EDLD 410,410,25,0,18,2,1,1,2,0,1,0,0,0,0,0,20,4,1,0,0,3.724
EDLD 411,411,152,0,86,21,5,9,6,2,11,5,0,0,2,5,107,20,18,2,5,3.407
EDLD 560,560,34,14,8,8,3,1,0,0,0,0,0,0,0,0,30,4,0,0,0,3.838
EDLD 604,604,22,8,10,2,2,0,0,0,0,0,0,0,0,0,20,2,0,0,0,3.909
EDLD 605,605,70,38,28,3,0,1,0,0,0,0,0,0,0,0,69,1,0,0,0,3.973
EDLD 607,607,749,4,496,170,52,25,2,0,0,0,0,0,0,0,670,79,0,0,0,3.846
EDLD 609,609,25,0,24,0,0,1,0,0,0,0,0,0,0,0,24,1,0,0,0,3.96
EDLD 610,610,211,104,82,13,4,3,2,0,0,1,0,0,0,2,199,9,1,0,2,3.893
EDLD 611,611,30,13,16,1,0,0,0,0,0,0,0,0,0,0,30,0,0,0,0,3.99
EDLD 613,613,171,103,58,4,3,0,1,0,0,0,0,0,0,2,165,4,0,0,2,3.926
EDLD 614,614,194,91,73,9,4,8,1,0,1,0,0,2,0,5,173,13,1,2,5,3.779
EDLD 616,616,172,93,57,12,4,4,1,0,0,0,0,0,0,1,162,9,0,0,1,3.909
EDLD 617,617,48,30,16,1,0,0,0,0,0,0,0,0,0,1,47,0,0,0,1,3.91
EDLD 621,621,20,4,14,2,0,0,0,0,0,0,0,0,0,0,20,0,0,0,0,3.97
EDLD 623,623,20,2,13,3,2,0,0,0,0,0,0,0,0,0,18,2,0,0,0,3.885
EDLD 624,624,115,47,63,1,1,1,1,0,0,0,0,0,0,1,111,3,0,0,1,3.937
EDLD 625,625,84,14,34,24,5,1,5,1,0,0,0,0,0,0,72,11,1,0,0,3.763
EDLD 628,628,113,28,58,16,8,3,0,0,0,0,0,0,0,0,102,11,0,0,0,3.881
EDLD 629,629,26,6,11,6,2,0,0,0,0,0,0,0,0,1,23,2,0,0,1,3.723
EDLD 631,631,17,7,10,0,0,0,0,0,0,0,0,0,0,0,17,0,0,0,0,4.0
EDLD 632,632,50,6,21,12,5,2,2,0,1,0,0,0,0,1,39,9,1,0,1,3.646
EDLD 633,633,96,31,28,15,10,9,3,0,0,0,0,0,0,0,74,22,0,0,0,3.746
EDLD 634,634,11,2,2,4,3,0,0,0,0,0,0,0,0,0,8,3,0,0,0,3.7
EDLD 635,635,114,62,39,8,0,1,2,0,0,0,1,0,0,1,109,3,0,1,1,3.889
EDLD 638,638,80,14,41,12,4,8,0,0,0,0,0,0,0,1,67,12,0,0,1,3.77
EDLD 643,643,143,52,61,14,6,3,3,1,1,1,0,0,0,1,127,12,3,0,1,3.823
EDLD 644,644,67,25,34,4,2,2,0,0,0,0,0,0,0,0,63,4,0,0,0,3.931
EDLD 649,649,72,19,32,16,2,2,1,0,0,0,0,0,0,0,67,5,0,0,0,3.868
EDLD 651,651,58,37,13,5,0,1,2,0,0,0,0,0,0,0,55,3,0,0,0,3.912
EDLD 652,652,37,23,13,1,0,0,0,0,0,0,0,0,0,0,37,0,0,0,0,3.992
EDLD 653,653,17,8,5,2,0,0,2,0,0,0,0,0,0,0,15,2,0,0,0,3.812
EDLD 654,654,15,6,6,0,0,3,0,0,0,0,0,0,0,0,12,3,0,0,0,3.8
EDLD 655,655,8,3,5,0,0,0,0,0,0,0,0,0,0,0,8,0,0,0,0,4.0
EDLD 657,657,10,3,4,1,1,1,0,0,0,0,0,0,0,0,8,2,0,0,0,3.8
EDLD 663,663,93,13,58,14,5,2,1,0,0,0,0,0,0,0,85,8,0,0,0,3.882
EDLD 675,675,132,91,29,4,2,4,0,0,0,2,0,0,0,0,124,6,2,0,0,3.915
EDLD 683,683,108,23,53,24,5,0,2,1,0,0,0,0,0,0,100,7,1,0,0,3.861
EDLD 686,686,163,82,64,6,7,3,0,0,0,0,0,0,0,1,152,10,0,0,1,3.916
EDLD 687,687,38,16,14,5,2,1,0,0,0,0,0,0,0,0,35,3,0,0,0,3.897
EDLD 692,692,14,4,7,2,1,0,0,0,0,0,0,0,0,0,13,1,0,0,0,3.907
EDLD 696,696,123,29,67,10,4,9,1,1,1,0,0,0,0,1,106,14,2,0,1,3.807
EDLD 697,697,36,18,12,4,1,1,0,0,0,0,0,0,0,0,34,2,0,0,0,3.919
EDLD 698,698,72,20,23,19,4,5,1,0,0,0,0,0,0,0,62,10,0,0,0,3.794
EDST 111,111,2295,298,1089,277,115,258,57,29,97,13,5,14,0,43,1664,430,139,19,43,3.566
EDST 211,211,636,91,317,62,33,60,28,8,11,8,0,3,1,14,470,121,27,4,14,3.591
EDST 220,220,420,114,98,113,40,24,14,4,3,2,3,0,1,4,325,78,9,4,4,3.645
EDST 225,225,1539,217,783,203,93,107,35,26,25,9,6,7,3,25,1203,235,60,16,25,3.649
EDST 231,231,247,79,106,23,8,18,3,3,5,0,0,0,0,2,208,29,8,0,2,3.767
EDST 331,331,937,109,532,151,40,39,26,13,14,5,1,1,1,5,792,105,32,3,5,3.747
EDST 332,332,917,127,459,174,46,38,25,14,9,2,1,2,0,20,760,109,25,3,20,3.684
EDST 333,333,894,135,448,150,38,37,24,18,18,5,1,3,0,17,733,99,41,4,17,3.667
EDST 342,342,810,174,460,108,25,17,10,2,7,1,2,0,0,4,742,52,10,2,4,3.851
EDST 343,343,756,187,345,129,36,28,11,8,6,3,0,0,0,3,661,75,17,0,3,3.801
EDST 410,410,177,66,84,14,2,2,0,1,3,4,0,0,0,1,164,4,8,0,1,3.839
EDST 411,411,344,50,216,30,16,11,13,4,1,0,0,0,0,3,296,40,5,0,3,3.8
EDST 420,420,900,11,607,97,68,53,21,9,20,4,0,2,2,6,715,142,33,4,6,3.713
EDST 422,422,516,136,247,43,27,26,9,6,9,1,0,5,0,7,426,62,16,5,7,3.723
EDST 440,440,207,65,92,22,8,10,4,2,2,0,0,0,1,1,179,22,4,1,1,3.797
EDST 448,448,222,49,110,19,17,16,5,2,0,0,0,0,0,4,178,38,2,0,4,3.732
EDST 450,450,31,0,24,2,3,0,1,0,0,0,0,0,0,1,26,4,0,0,1,3.742
EDST 451,451,13,0,5,2,3,2,0,0,1,0,0,0,0,0,7,5,1,0,0,3.485
EDST 452,452,121,56,39,11,6,4,1,1,0,0,0,0,0,3,106,11,1,0,3,3.781
EDST 453,453,83,39,17,10,7,3,1,2,2,0,0,0,0,2,66,11,4,0,2,3.667
EDST 454,454,190,68,84,22,4,8,1,0,1,0,0,0,0,2,174,13,1,0,2,3.849
EDST 455,455,51,16,29,0,0,2,0,0,2,0,0,0,0,2,45,2,2,0,2,3.725
EDST 456,456,184,17,106,28,13,7,3,1,6,1,0,1,0,1,151,23,8,1,1,3.721
EDST 457,457,254,12,120,42,19,26,11,4,3,2,1,4,2,8,174,56,9,7,8,3.461
EDST 463,463,845,54,454,164,76,31,28,7,16,10,0,1,0,4,672,135,33,1,4,3.697
EDST 464,464,872,96,401,176,58,48,27,20,24,8,2,1,1,10,673,133,52,4,10,3.623
EDST 471,471,228,41,111,17,13,27,6,4,4,1,1,1,0,2,169,46,9,2,2,3.65
EDST 472,472,217,68,83,7,14,24,3,3,10,4,0,0,0,1,158,41,17,0,1,3.64
EDST 611,611,50,7,43,0,0,0,0,0,0,0,0,0,0,0,50,0,0,0,0,4.0
EDST 614,614,153,0,116,13,5,13,6,0,0,0,0,0,0,0,129,24,0,0,0,3.816
EDST 616,616,792,80,578,98,18,9,2,1,4,0,0,0,0,2,756,29,5,0,2,3.91
EDST 618,618,28,0,13,14,0,1,0,0,0,0,0,0,0,0,27,1,0,0,0,3.814
EDST 619,619,17,0,11,1,1,4,0,0,0,0,0,0,0,0,12,5,0,0,0,3.706
EDST 620,620,229,69,105,32,12,9,2,0,0,0,0,0,0,0,206,23,0,0,0,3.871
EDST 621,621,25,14,5,6,0,0,0,0,0,0,0,0,0,0,25,0,0,0,0,3.928
EDST 623,623,49,14,27,5,3,0,0,0,0,0,0,0,0,0,46,3,0,0,0,3.927
EDST 624,624,12,5,3,3,1,0,0,0,0,0,0,0,0,0,11,1,0,0,0,3.867
EDST 627,627,93,74,9,8,1,1,0,0,0,0,0,0,0,0,91,2,0,0,0,3.956
EDST 628,628,213,20,156,21,8,5,2,1,0,0,0,0,0,0,197,15,1,0,0,3.9
EDST 630,630,45,33,6,2,3,1,0,0,0,0,0,0,0,0,41,4,0,0,0,3.918
EDST 631,631,94,31,49,8,2,2,1,0,1,0,0,0,0,0,88,5,1,0,0,3.903
EDST 632,632,37,18,15,4,0,0,0,0,0,0,0,0,0,0,37,0,0,0,0,3.968
EDST 635,635,134,40,77,10,1,4,1,1,0,0,0,0,0,0,127,6,1,0,0,3.92
EDST 636,636,22,0,17,4,0,0,0,1,0,0,0,0,0,0,21,0,1,0,0,3.868
EDST 638,638,147,61,67,11,2,4,0,1,1,0,0,0,0,0,139,6,2,0,0,3.916
EDST 640,640,27,0,17,0,9,0,0,0,1,0,0,0,0,0,17,9,1,0,0,3.693
EDST 642,642,39,7,24,5,0,0,2,0,0,1,0,0,0,0,36,2,1,0,0,3.836
EDST 643,643,185,55,75,34,8,7,3,0,2,1,0,0,0,0,164,18,3,0,0,3.822
EDST 645,645,156,39,87,16,6,5,1,1,1,0,0,0,0,0,142,12,2,0,0,3.878
EDST 646,646,225,93,98,20,8,2,3,0,0,0,0,0,0,1,211,13,0,0,1,3.904
EDUC 610,610,145,71,59,6,2,5,2,0,0,0,0,0,0,0,136,9,0,0,0,3.926
EDUC 610L,610L,101,38,38,14,9,2,0,0,0,0,0,0,0,0,90,11,0,0,0,3.876
EDUC 611,611,730,295,314,54,24,21,5,1,1,1,0,1,0,13,663,50,3,1,13,3.834
EDUC 612,612,295,102,130,38,12,11,1,1,0,0,0,0,0,0,270,24,1,0,0,3.885
EDUC 614,614,562,119,255,93,48,28,15,1,0,1,0,0,0,2,467,91,2,0,2,3.785
EDUC 620,620,87,11,56,9,4,6,0,0,0,0,0,0,0,1,76,10,0,0,1,3.822
EDUC 621,621,45,7,21,7,3,6,1,0,0,0,0,0,0,0,35,10,0,0,0,3.744
EDUC 630,630,51,3,39,4,2,3,0,0,0,0,0,0,0,0,46,5,0,0,0,3.89
EDUC 640,640,398,65,207,78,21,13,10,1,0,0,0,0,0,3,350,44,1,0,3,3.805
EDUC 641,641,72,18,39,11,2,1,0,0,0,0,0,0,0,1,68,3,0,0,1,3.865
EDUC 642,642,221,106,71,20,8,9,6,0,0,0,0,0,0,1,197,23,0,0,1,3.853
EDUC 643,643,70,1,38,17,8,3,2,1,0,0,0,0,0,0,56,13,1,0,0,3.743
EDUC 644,644,122,19,54,23,18,7,1,0,0,0,0,0,0,0,96,26,0,0,0,3.772
EDUC 646,646,14,3,7,1,3,0,0,0,0,0,0,0,0,0,11,3,0,0,0,3.829
EDUC 650,650,59,15,23,12,7,1,0,1,0,0,0,0,0,0,50,8,1,0,0,3.81
EDUC 652,652,23,3,9,5,4,2,0,0,0,0,0,0,0,0,17,6,0,0,0,3.726
EDUC 654,654,18,5,12,1,0,0,0,0,0,0,0,0,0,0,18,0,0,0,0,3.983
ENG 104,104,2543,124,641,496,362,332,216,95,81,72,8,30,4,82,1261,910,248,42,82,3.23
ENG 104Z,104Z,261,95,92,27,14,11,3,3,2,2,0,0,0,12,214,28,7,0,12,3.638
ENG 105,105,402,16,96,81,71,64,28,16,12,6,0,2,2,8,193,163,34,4,8,3.294
ENG 105Z,105Z,77,60,4,3,1,2,0,2,1,0,0,0,0,4,67,3,3,0,4,3.675
ENG 106,106,1061,123,258,200,145,144,74,17,39,22,2,3,0,34,581,363,78,5,34,3.331
ENG 106Z,106Z,154,33,45,22,13,16,6,4,3,4,1,1,0,6,100,35,11,2,6,3.408
ENG 107,107,332,20,77,54,67,56,19,12,8,8,2,0,1,8,151,142,28,3,8,3.279
ENG 108,108,207,7,39,40,39,33,21,9,7,4,0,1,0,7,86,93,20,1,7,3.183
ENG 109,109,67,2,16,19,8,15,4,0,0,1,0,0,0,2,37,27,1,0,2,3.376
ENG 110,110,643,18,152,138,111,101,46,22,27,11,5,1,1,10,308,258,60,7,10,3.29
ENG 110M,110M,233,20,82,37,31,26,17,8,4,1,4,1,0,2,139,74,13,5,2,3.457
ENG 199,199,202,8,38,46,34,26,17,8,8,5,2,2,0,8,92,77,21,4,8,3.157
ENG 200,200,399,51,134,91,59,23,14,9,4,4,1,0,0,9,276,96,17,1,9,3.546
ENG 205,205,1823,110,670,329,207,198,111,64,46,21,5,5,3,54,1109,516,131,13,54,3.402
ENG 207,207,696,39,213,129,70,91,44,27,23,16,6,6,3,29,381,205,66,15,29,3.246
ENG 208,208,583,38,148,94,92,90,47,20,15,12,3,4,2,18,280,229,47,9,18,3.256
ENG 209,209,516,91,147,73,42,36,41,21,28,11,2,3,1,20,311,119,60,6,20,3.311
ENG 216,216,25,0,1,8,9,3,1,1,0,1,0,1,0,0,9,13,2,1,0,3.2
ENG 220,220,105,0,10,10,9,18,20,9,15,4,3,1,1,5,20,47,28,5,5,2.646
ENG 221,221,95,2,22,33,17,5,3,4,3,2,0,0,1,3,57,25,9,1,3,3.333
ENG 222,222,92,0,9,17,15,21,8,10,6,0,0,2,0,4,26,44,16,2,4,2.935
ENG 225,225,372,17,90,61,51,66,24,18,16,12,3,2,0,12,168,141,46,5,12,3.184
ENG 230,230,462,62,111,91,56,60,29,12,16,6,4,2,3,10,264,145,34,9,10,3.357
ENG 240,240,342,86,117,50,22,28,9,3,10,5,1,2,0,9,253,59,18,3,9,3.557
ENG 241,241,880,78,268,155,126,88,44,28,25,13,3,11,5,36,501,258,66,19,36,3.308
ENG 242,242,135,3,11,26,13,38,12,4,12,5,0,7,4,0,40,63,21,11,0,2.911
ENG 243,243,521,52,188,101,51,44,16,13,14,11,2,5,2,22,341,111,38,9,22,3.383
ENG 244,244,650,107,158,110,72,70,44,20,20,17,7,7,1,17,375,186,57,15,17,3.331
ENG 245,245,10,1,1,3,0,1,4,0,0,0,0,0,0,0,5,5,0,0,0,3.29
ENG 250,250,601,49,181,84,70,83,30,20,32,12,2,6,6,26,314,183,64,14,26,3.22
ENG 260,260,521,11,122,83,79,104,54,18,22,6,0,4,2,16,216,237,46,6,16,3.183
ENG 260M,260M,362,11,68,79,65,49,34,19,17,7,3,2,0,8,158,148,43,5,8,3.196
ENG 265,265,415,13,56,55,56,96,54,30,24,16,1,6,0,8,124,206,70,7,8,3.011
ENG 266,266,431,15,57,59,57,94,49,40,28,15,3,4,1,9,131,200,83,8,9,2.995
ENG 267,267,373,7,59,37,58,87,33,36,28,9,3,4,1,11,103,178,73,8,11,2.963
ENG 280,280,1148,45,395,208,125,132,86,44,32,27,3,11,0,40,648,343,103,14,40,3.307
ENG 300,300,177,4,67,31,20,22,10,3,6,4,0,0,0,10,102,52,13,0,10,3.296
ENG 301,301,232,0,50,56,32,30,23,10,15,5,3,2,1,5,106,85,30,6,5,3.159
ENG 302,302,206,0,32,55,31,36,23,9,8,1,2,1,0,8,87,90,18,3,8,3.135
ENG 303,303,694,20,217,157,93,84,51,20,18,8,5,0,2,19,394,228,46,7,19,3.356
ENG 304,304,270,5,97,40,33,47,11,13,10,1,4,0,0,9,142,91,24,4,9,3.305
ENG 305,305,235,6,105,43,17,32,11,5,6,0,1,1,0,8,154,60,11,2,8,3.45
ENG 308,308,29,9,9,5,1,3,1,1,0,0,0,0,0,0,23,5,1,0,0,3.717
ENG 313,313,235,20,87,52,39,22,6,1,4,3,0,0,0,1,159,67,8,0,1,3.603
ENG 315,315,146,14,63,33,13,9,3,3,1,2,2,1,0,2,110,25,6,3,2,3.589
ENG 316,316,799,76,312,135,80,99,30,12,14,9,5,3,0,24,523,209,35,8,24,3.472
ENG 321,321,486,6,92,110,97,80,40,17,15,6,1,2,0,20,208,217,38,3,20,3.189
ENG 322,322,230,6,40,48,46,39,23,5,4,6,1,1,0,11,94,108,15,2,11,3.15
ENG 323,323,151,11,33,24,16,25,9,11,15,1,0,1,0,5,68,50,27,1,5,3.145
ENG 325,325,197,18,59,42,27,22,14,1,4,2,0,2,0,6,119,63,7,2,6,3.411
ENG 330,330,254,53,54,68,37,20,8,6,5,1,0,0,0,2,175,65,12,0,2,3.578
ENG 335,335,465,95,174,70,47,38,14,5,7,0,0,1,0,14,339,99,12,1,14,3.588
ENG 340,340,213,12,116,40,15,15,4,3,1,1,0,1,0,5,168,34,5,1,5,3.647
ENG 352,352,53,0,24,7,5,3,3,4,1,0,0,1,0,5,31,11,5,1,5,3.164
ENG 360,360,451,62,157,80,61,45,14,6,7,3,1,1,1,13,299,120,16,3,13,3.508
ENG 361,361,267,30,91,54,18,27,15,5,6,4,1,1,0,15,175,60,15,2,15,3.361
ENG 362,362,48,1,8,5,6,8,7,2,1,2,2,2,0,4,14,21,5,4,4,2.746
ENG 363,363,148,22,37,35,17,13,10,4,3,0,0,0,1,6,94,40,7,1,6,3.402
ENG 364,364,47,0,10,7,5,10,5,1,4,1,1,1,0,2,17,20,6,2,2,2.983
ENG 365,365,173,30,53,20,14,15,7,6,5,4,1,1,0,17,103,36,15,2,17,3.173
ENG 380,380,195,1,50,32,31,48,11,5,11,3,0,1,0,2,83,90,19,1,2,3.272
ENG 381,381,423,12,126,79,56,72,46,9,9,2,1,3,1,7,217,174,20,5,7,3.348
ENG 381M,381M,506,43,208,89,64,36,14,10,9,5,0,1,0,27,340,114,24,1,27,3.44
ENG 385,385,491,12,211,84,56,62,23,13,8,2,1,3,0,16,307,141,23,4,16,3.441
ENG 386,386,261,7,55,81,51,36,18,8,0,1,0,0,0,4,143,105,9,0,4,3.42
ENG 391,391,520,14,159,111,79,96,28,7,7,4,2,0,0,13,284,203,18,2,13,3.397
ENG 392,392,604,42,182,103,81,84,34,12,18,7,5,7,4,25,327,199,37,16,25,3.278
ENG 394,394,194,7,43,25,33,37,22,9,10,1,0,0,0,7,75,92,20,0,7,3.166
ENG 395,395,362,14,98,68,62,49,17,10,14,7,0,1,0,22,180,128,31,1,22,3.207
ENG 399,399,335,17,117,67,42,42,17,9,9,3,1,0,2,9,201,101,21,3,9,3.406
ENG 407,407,213,23,79,42,23,30,7,3,1,1,0,0,0,4,144,60,5,0,4,3.562
ENG 410,410,150,18,52,31,19,12,6,2,2,2,1,0,1,4,101,37,6,2,4,3.491
ENG 413,413,10,0,2,4,1,0,1,0,1,1,0,0,0,0,6,2,2,0,0,3.25
ENG 419,419,51,12,14,4,7,5,1,1,0,0,0,0,0,7,30,13,1,0,7,3.175
ENG 420,420,304,19,103,63,35,25,19,9,10,2,2,4,3,10,185,79,21,9,10,3.341
ENG 423,423,164,6,45,22,24,19,16,8,10,4,2,2,0,6,73,59,22,4,6,3.138
ENG 425,425,133,6,28,21,17,24,16,7,10,1,0,0,0,3,55,57,18,0,3,3.179
ENG 427,427,292,5,81,41,36,55,30,15,15,0,1,1,0,12,127,121,30,2,12,3.176
ENG 428,428,280,21,57,34,23,40,22,22,32,14,2,8,0,5,112,85,68,10,5,3.008
ENG 429,429,93,7,15,16,13,11,7,4,9,5,0,2,0,4,38,31,18,2,4,3.008
ENG 430,430,73,9,14,12,11,5,16,0,3,0,0,1,0,2,35,32,3,1,2,3.259
ENG 434,434,100,4,24,28,16,13,3,9,2,0,0,0,0,1,56,32,11,0,1,3.402
ENG 436,436,235,26,73,43,30,29,9,6,5,4,2,0,0,8,142,68,15,2,8,3.398
ENG 440,440,23,3,5,3,2,4,0,0,1,0,0,0,0,5,11,6,1,0,5,2.77
ENG 442,442,25,0,10,6,5,3,1,0,0,0,0,0,0,0,16,9,0,0,0,3.616
ENG 448,448,75,6,28,21,8,6,0,0,2,0,0,0,0,4,55,14,2,0,4,3.495
ENG 454,454,26,0,17,2,2,4,0,0,0,0,0,0,0,1,19,6,0,0,1,3.615
ENG 455,455,110,23,46,8,5,15,9,2,0,0,0,0,0,2,77,29,2,0,2,3.6
ENG 457,457,56,2,15,12,8,7,8,1,2,1,0,0,0,0,29,23,4,0,0,3.382
ENG 461,461,72,0,7,19,6,14,11,6,4,0,0,0,0,5,26,31,10,0,5,2.939
ENG 467,467,33,0,15,9,5,1,2,0,1,0,0,0,0,0,24,8,1,0,0,3.642
ENG 468,468,58,5,24,16,2,2,3,1,0,0,1,1,0,3,45,7,1,2,3,3.457
ENG 469,469,95,7,29,21,13,14,6,1,1,0,0,1,1,1,57,33,2,2,1,3.461
ENG 470,470,65,2,24,16,6,7,3,4,1,0,0,2,0,0,42,16,5,2,0,3.466
ENG 475,475,14,0,3,5,3,0,2,1,0,0,0,0,0,0,8,5,1,0,0,3.436
ENG 479,479,119,2,18,21,27,16,21,7,2,0,0,0,0,5,41,64,9,0,5,3.123
ENG 480,480,208,8,57,57,44,19,9,7,2,0,0,0,1,4,122,72,9,1,4,3.453
ENG 485,485,21,0,7,3,1,3,1,0,1,0,0,2,0,3,10,5,1,2,3,2.767
ENG 486,486,71,6,17,13,13,13,3,1,1,0,0,0,0,4,36,29,2,0,4,3.301
ENG 486M,486M,11,0,4,1,2,3,0,1,0,0,0,0,0,0,5,5,1,0,0,3.418
ENG 488,488,131,4,26,37,15,27,12,3,3,0,0,2,0,2,67,54,6,2,2,3.318
ENG 491,491,54,26,10,5,6,3,0,3,1,0,0,0,0,0,41,9,4,0,0,3.707
ENG 492,492,66,15,21,9,10,3,2,2,1,1,0,0,0,2,45,15,4,0,2,3.53
ENG 493,493,46,3,19,11,9,3,0,0,0,0,0,0,0,1,33,12,0,0,1,3.639
ENG 494,494,23,1,9,10,2,0,1,0,0,0,0,0,0,0,20,3,0,0,0,3.752
ENG 496,496,78,6,51,5,3,2,3,0,2,2,0,0,0,4,62,8,4,0,4,3.563
ENG 611,611,92,0,52,29,11,0,0,0,0,0,0,0,0,0,81,11,0,0,0,3.822
ENG 612,612,74,13,41,12,8,0,0,0,0,0,0,0,0,0,66,8,0,0,0,3.876
ENG 614,614,20,7,9,4,0,0,0,0,0,0,0,0,0,0,20,0,0,0,0,3.94
ENG 620,620,27,2,15,9,1,0,0,0,0,0,0,0,0,0,26,1,0,0,0,3.874
ENG 630,630,10,0,4,1,4,1,0,0,0,0,0,0,0,0,5,5,0,0,0,3.59
ENG 645,645,12,5,5,1,1,0,0,0,0,0,0,0,0,0,11,1,0,0,0,3.917
ENG 650,650,14,4,8,2,0,0,0,0,0,0,0,0,0,0,14,0,0,0,0,3.957
ENG 660,660,106,35,45,18,5,1,0,0,0,1,0,0,0,1,98,6,1,0,1,3.847
ENG 690,690,37,0,16,16,5,0,0,0,0,0,0,0,0,0,32,5,0,0,0,3.776
ENVS 201,201,4337,133,1125,587,438,827,316,189,319,109,37,97,25,135,1845,1581,617,159,135,3.091
ENVS 202,202,3483,206,676,584,502,608,306,177,177,100,23,44,9,71,1466,1416,454,76,71,3.16
ENVS 203,203,4215,604,1100,799,500,461,278,153,100,48,31,27,15,99,2503,1239,301,73,99,3.385
ENVS 225,225,1613,97,533,325,171,222,93,51,43,27,13,9,3,26,955,486,121,25,26,3.398
ENVS 335,335,498,52,107,71,51,68,33,51,34,16,0,2,0,13,230,152,101,2,13,3.162
ENVS 345,345,1158,165,358,147,107,131,79,41,44,34,9,10,4,29,670,317,119,23,29,3.333
ENVS 350,350,75,3,10,11,13,14,10,7,3,3,0,0,0,1,24,37,13,0,1,3.091
ENVS 375,375,17,0,5,5,2,5,0,0,0,0,0,0,0,0,10,7,0,0,0,3.535
ENVS 400M,400M,39,2,6,12,6,7,4,0,1,1,0,0,0,0,20,17,2,0,0,3.377
ENVS 410,410,1340,155,481,242,152,133,65,24,48,10,3,3,0,24,878,350,82,6,24,3.5
ENVS 411,411,1086,110,361,233,123,89,63,36,20,15,3,3,1,29,704,275,71,7,29,3.448
ENVS 425,425,213,3,81,52,24,29,13,4,5,1,0,0,1,0,136,66,10,1,0,3.527
ENVS 427,427,244,7,102,66,28,28,5,3,4,1,0,0,0,0,175,61,8,0,0,3.634
ENVS 429,429,199,5,132,47,9,4,1,1,0,0,0,0,0,0,184,14,1,0,0,3.862
ENVS 429L,429L,167,25,88,30,16,4,3,0,0,1,0,0,0,0,143,23,1,0,0,3.818
ENVS 435,435,196,22,85,24,32,12,7,5,1,2,0,2,1,3,131,51,8,3,3,3.556
ENVS 450,450,247,50,89,29,22,30,5,3,12,3,0,2,0,2,168,57,18,2,2,3.552
ENVS 455,455,223,31,117,21,8,25,2,5,6,1,0,1,0,6,169,35,12,1,6,3.6
ENVS 459,459,17,2,7,2,1,2,1,1,0,0,0,0,0,1,11,4,1,0,1,3.394
ENVS 465,465,53,6,12,16,8,7,1,1,0,2,0,0,0,0,34,16,3,0,0,3.528
ENVS 467,467,378,4,168,77,28,46,24,6,9,4,0,0,0,12,249,98,19,0,12,3.457
ENVS 477,477,219,21,55,40,32,34,14,11,9,2,0,1,0,0,116,80,22,1,0,3.402
ENVS 577,577,10,1,5,4,0,0,0,0,0,0,0,0,0,0,10,0,0,0,0,3.88
ENVS 607,607,9,3,5,1,0,0,0,0,0,0,0,0,0,0,9,0,0,0,0,3.967
ERTH 101,101,1716,64,273,217,169,318,242,171,137,53,27,23,7,15,554,729,361,57,15,2.993
ERTH 102,102,1721,132,507,214,226,302,89,69,67,34,12,14,15,40,853,617,170,41,40,3.272
ERTH 103,103,1784,141,297,315,229,249,183,92,90,68,28,25,18,49,753,661,250,71,49,3.08
ERTH 137,137,631,0,88,94,82,166,62,32,65,27,2,6,0,7,182,310,124,8,7,3.001
ERTH 156M,156M,26,1,1,3,6,6,2,5,2,0,0,0,0,0,5,14,7,0,0,2.992
ERTH 199,199,41,7,4,13,4,5,1,2,2,0,1,1,0,1,24,10,4,2,1,3.266
ERTH 201,201,686,57,85,89,90,105,103,50,48,26,13,7,4,9,231,298,124,24,9,3.016
ERTH 202,202,629,29,141,111,86,94,52,31,33,19,5,12,6,10,281,232,83,23,10,3.162
ERTH 203,203,613,111,155,90,68,70,38,18,31,8,5,4,2,13,356,176,57,11,13,3.365
ERTH 213,213,377,18,47,45,33,67,41,12,54,21,7,12,5,15,110,141,87,24,15,2.767
ERTH 304,304,405,86,119,30,33,45,17,20,18,11,5,5,2,14,235,95,49,12,14,3.295
ERTH 305,305,1456,617,324,94,54,117,45,29,67,32,13,23,2,39,1035,216,128,38,39,3.475
ERTH 306,306,1153,38,298,165,156,199,77,49,77,27,11,10,7,39,501,432,153,28,39,3.136
ERTH 307,307,876,171,191,93,78,105,68,47,32,33,5,28,1,24,455,251,112,34,24,3.209
ERTH 308,308,1117,2,213,118,113,319,82,73,107,32,4,24,5,25,333,514,212,33,25,2.969
ERTH 310,310,689,8,120,103,52,133,65,53,69,30,8,13,5,30,231,250,152,26,30,2.869
ERTH 311,311,63,6,7,8,5,18,4,4,7,3,0,0,0,1,21,27,14,0,1,3.035
ERTH 315,315,134,3,23,17,15,38,13,9,7,2,2,2,0,3,43,66,18,4,3,3.046
ERTH 316,316,181,5,51,16,14,50,6,8,16,4,0,4,1,6,72,70,28,5,6,3.08
ERTH 318,318,136,1,32,26,27,22,6,9,9,3,0,0,0,1,59,55,21,0,1,3.26
ERTH 331,331,74,2,23,12,13,12,3,0,5,3,0,1,0,0,37,28,8,1,0,3.345
ERTH 332,332,69,6,21,3,3,14,6,5,9,1,0,0,0,1,30,23,15,0,1,3.165
ERTH 334,334,97,3,13,9,12,21,15,9,5,7,0,0,0,3,25,48,21,0,3,2.918
ERTH 337,337,18,1,4,2,3,5,1,0,1,1,0,0,0,0,7,9,2,0,0,3.261
ERTH 350,350,81,7,18,8,15,15,4,5,5,4,0,0,0,0,33,34,14,0,0,3.249
ERTH 351,351,72,6,16,7,13,12,5,4,5,4,0,0,0,0,29,30,13,0,0,3.226
ERTH 352,352,36,5,7,3,6,7,1,2,3,2,0,0,0,0,15,14,7,0,0,3.239
ERTH 353,353,394,8,90,88,61,48,35,14,11,16,7,4,0,12,186,144,41,11,12,3.177
ERTH 363,363,82,28,26,8,6,6,3,1,4,0,0,0,0,0,62,15,5,0,0,3.68
ERTH 399,399,14,3,6,1,0,3,0,0,1,0,0,0,0,0,10,3,1,0,0,3.621
ERTH 406,406,254,9,56,45,53,60,22,6,1,1,0,0,0,1,110,135,8,0,1,3.379
ERTH 410,410,60,8,14,8,7,9,5,0,5,0,0,0,0,4,30,21,5,0,4,3.187
ERTH 410L,410L,10,2,3,1,2,1,1,0,0,0,0,0,0,0,6,4,0,0,0,3.6
ERTH 418,418,188,5,112,11,14,26,6,5,2,5,0,0,0,2,128,46,12,0,2,3.58
ERTH 420,420,12,0,1,2,4,3,0,1,1,0,0,0,0,0,3,7,2,0,0,3.158
ERTH 434,434,55,2,9,10,5,7,4,8,4,2,2,0,0,2,21,16,14,2,2,2.94
ERTH 436,436,14,0,4,1,0,3,1,0,2,2,0,1,0,0,5,4,4,1,0,2.843
ERTH 438,438,14,0,6,3,0,4,0,0,0,0,0,0,0,1,9,4,0,0,1,3.364
ERTH 441,441,39,0,22,3,3,7,1,0,0,1,0,0,0,2,25,11,1,0,2,3.446
ERTH 451,451,13,0,3,0,0,6,0,0,2,0,0,0,0,2,3,6,2,0,2,2.615
ERTH 474,474,24,7,1,4,5,5,2,0,0,0,0,0,0,0,12,12,0,0,0,3.488
ERTH 480,480,32,0,6,5,3,10,2,4,0,0,0,0,0,2,11,15,4,0,2,3.031
ERTH 607,607,12,0,10,0,2,0,0,0,0,0,0,0,0,0,10,2,0,0,0,3.883
ES 101,101,5815,394,1364,1356,735,806,412,183,167,107,40,51,31,169,3114,1953,457,122,169,3.279
ES 199,199,176,58,68,16,4,10,9,3,0,3,0,0,3,2,142,23,6,3,2,3.664
ES 224M,224M,29,2,4,7,1,2,2,1,1,2,2,2,1,2,13,5,4,5,2,2.676
ES 250,250,1028,79,238,231,136,119,78,42,37,16,4,4,7,37,548,333,95,15,37,3.26
ES 252,252,643,64,169,128,82,69,53,24,12,13,4,8,6,11,361,204,49,18,11,3.336
ES 254,254,911,62,208,183,123,135,49,28,34,20,10,9,9,41,453,307,82,28,41,3.178
ES 256,256,699,38,228,111,69,100,40,22,40,4,1,8,5,33,377,209,66,14,33,3.234
ES 258,258,169,5,40,33,37,24,9,7,6,2,2,1,0,3,78,70,15,3,3,3.288
ES 301,301,245,26,101,38,26,20,7,6,7,0,1,0,0,13,165,53,13,1,13,3.438
ES 310,310,1167,107,240,297,144,143,86,49,32,7,2,4,2,54,644,373,88,8,54,3.273
ES 321,321,300,36,131,42,28,26,11,3,7,2,0,2,0,12,209,65,12,2,12,3.499
ES 330,330,315,22,155,52,26,24,8,5,7,0,0,0,2,14,229,58,12,2,14,3.513
ES 345M,345M,178,19,36,52,25,17,15,6,6,1,1,0,0,0,107,57,13,1,0,3.456
ES 350,350,327,69,106,38,25,47,11,9,3,3,1,1,1,13,213,83,15,3,13,3.451
ES 352,352,776,122,201,155,107,88,37,14,18,7,2,2,3,20,478,232,39,7,20,3.44
ES 354,354,212,32,64,35,29,20,9,10,6,2,1,0,1,3,131,58,18,2,3,3.462
ES 360,360,113,4,47,37,10,4,4,0,1,2,0,0,2,2,88,18,3,2,2,3.571
ES 370,370,445,61,186,47,28,47,12,15,17,8,1,2,2,19,294,87,40,5,19,3.403
ES 380,380,144,6,36,19,25,22,10,3,7,3,1,4,0,8,61,57,13,5,8,3.091
ES 385,385,40,4,17,6,3,3,1,0,1,2,0,1,1,1,27,7,3,2,1,3.372
ES 399,399,628,56,181,115,65,63,56,14,24,16,4,11,2,21,352,184,54,17,21,3.269
ES 405,405,13,0,5,2,2,3,1,0,0,0,0,0,0,0,7,6,0,0,0,3.515
ES 407,407,82,6,23,13,9,10,1,4,5,1,0,1,0,9,42,20,10,1,9,3.029
ES 410,410,147,15,69,13,8,17,4,5,5,1,0,0,1,9,97,29,11,1,9,3.376
ES 440,440,179,26,82,26,9,15,0,4,4,0,0,0,0,13,134,24,8,0,13,3.464
ES 442,442,10,0,1,4,3,1,0,0,0,0,0,0,0,1,5,4,0,0,1,3.17
ES 450,450,102,7,31,24,15,13,2,2,2,0,0,1,0,5,62,30,4,1,5,3.375
ES 452,452,80,17,25,12,4,10,1,3,4,0,1,2,0,1,54,15,7,3,1,3.456
ES 456,456,73,11,26,7,8,9,3,1,3,0,0,1,0,4,44,20,4,1,4,3.352
ES 460,460,126,25,41,30,8,5,4,1,3,2,1,1,0,5,96,17,6,2,5,3.502
ES 464,464,44,2,16,7,6,6,1,1,0,0,0,0,0,5,25,13,1,0,5,3.198
ES 466,466,12,1,6,1,0,1,0,0,0,0,0,0,0,3,8,1,0,0,3,2.892
ES 468,468,32,4,10,8,4,0,3,0,1,0,0,0,0,2,22,7,1,0,2,3.403
ES 470,470,68,6,29,15,5,8,0,3,0,0,0,0,0,2,50,13,3,0,2,3.572
ES 498,498,78,0,25,10,12,13,6,5,1,1,0,0,0,5,35,31,7,0,5,3.167
ES 499,499,53,18,17,6,8,2,0,0,2,0,0,0,0,0,41,10,2,0,0,3.747
ES 568,568,10,6,4,0,0,0,0,0,0,0,0,0,0,0,10,0,0,0,0,4.0
ES 619,619,13,4,3,1,2,2,1,0,0,0,0,0,0,0,8,5,0,0,0,3.615
ES 620,620,11,0,6,1,4,0,0,0,0,0,0,0,0,0,7,4,0,0,0,3.718
FHS 213,213,4080,553,1948,271,157,538,103,53,219,33,13,64,6,122,2772,798,305,83,122,3.46
FHS 215,215,2418,242,1140,359,190,179,90,48,52,28,11,8,3,68,1741,459,128,22,68,3.536
FHS 216,216,3387,651,1433,429,209,233,111,76,67,39,18,19,15,87,2513,553,182,52,87,3.555
FHS 301,301,689,60,250,116,77,67,33,23,10,7,1,3,1,41,426,177,40,5,41,3.343
FHS 320,320,60,25,15,2,5,7,2,0,0,0,0,0,0,4,42,14,0,0,4,3.505
FHS 321,321,64,35,6,8,5,5,2,0,0,1,0,1,0,1,49,12,1,1,1,3.644
FHS 322,322,59,23,7,10,6,2,4,2,1,1,0,0,0,3,40,12,4,0,3,3.422
FHS 327,327,360,19,127,80,31,59,16,4,19,2,0,1,0,2,226,106,25,1,2,3.484
FHS 328,328,1062,116,469,168,67,113,54,16,26,8,3,5,3,14,753,234,50,11,14,3.56
FHS 329,329,580,127,194,91,63,36,39,13,8,4,1,0,0,4,412,138,25,1,4,3.614
FHS 330,330,1102,109,533,170,92,90,30,19,24,6,2,6,0,21,812,212,49,8,21,3.595
FHS 331,331,909,166,314,204,84,69,25,9,14,3,1,1,3,16,684,178,26,5,16,3.614
FHS 405,405,17,2,3,4,2,1,1,4,0,0,0,0,0,0,9,4,4,0,0,3.312
FHS 407,407,103,46,38,11,1,2,0,1,1,0,0,0,1,2,95,3,2,1,2,3.796
FHS 409,409,12,5,4,1,2,0,0,0,0,0,0,0,0,0,10,2,0,0,0,3.858
FHS 410,410,292,16,110,58,40,30,14,9,8,4,1,0,0,2,184,84,21,1,2,3.504
FHS 420,420,828,111,322,86,67,124,34,23,33,9,0,5,1,13,519,225,65,6,13,3.472
FHS 430,430,85,27,14,17,11,6,6,1,1,0,0,0,0,2,58,23,2,0,2,3.549
FHS 431,431,57,13,20,7,6,1,7,1,1,1,0,0,0,0,40,14,3,0,0,3.607
FHS 432,432,74,28,15,15,6,3,3,0,2,0,0,0,0,2,58,12,2,0,2,3.627
FHS 471,471,509,141,272,35,15,25,8,5,3,2,0,0,0,3,448,48,10,0,3,3.828
FHS 482,482,515,7,208,107,42,72,22,13,27,6,1,4,3,3,322,136,46,8,3,3.44
FHS 483,483,458,95,99,76,60,43,24,17,19,10,2,3,0,10,270,127,46,5,10,3.381
FHS 490,490,259,46,89,41,28,22,5,5,9,7,1,2,0,4,176,55,21,3,4,3.507
FHS 491,491,513,15,279,98,56,34,10,8,6,3,0,0,0,4,392,100,17,0,4,3.68
FHS 492,492,996,55,541,195,77,74,24,12,7,5,1,1,0,4,791,175,24,2,4,3.714
FHS 493,493,714,118,372,76,49,48,16,15,6,3,0,1,0,10,566,113,24,1,10,3.701
FHS 494,494,622,38,342,114,47,32,12,7,8,6,0,2,1,13,494,91,21,3,13,3.65
FHS 495,495,449,14,158,153,68,33,18,3,1,0,0,0,0,1,325,119,4,0,1,3.641
FHS 496,496,496,26,329,30,12,74,4,1,14,1,0,0,0,5,385,90,16,0,5,3.7
FHS 497,497,283,40,196,17,11,11,2,1,5,0,0,0,0,0,253,24,6,0,0,3.865
FIN 281,281,1164,132,269,185,122,128,111,66,53,40,3,21,3,31,586,361,159,27,31,3.202
FIN 311,311,1916,65,144,209,259,344,254,204,220,128,6,43,6,34,418,857,552,55,34,2.799
FIN 311H,311H,309,10,116,56,54,50,18,2,1,1,0,1,0,0,182,122,4,1,0,3.551
FIN 316,316,6588,334,957,1011,909,1067,865,521,411,361,13,57,3,79,2302,2841,1293,73,79,3.059
FIN 316H,316H,341,18,107,79,62,40,26,4,3,1,0,1,0,0,204,128,8,1,0,3.534
FIN 380,380,3160,20,300,348,499,738,595,260,184,128,26,31,2,29,668,1832,572,59,29,2.938
FIN 410,410,136,0,25,29,24,34,8,7,4,2,2,0,0,1,54,66,13,2,1,3.237
FIN 462,462,1480,25,236,190,292,323,215,71,87,20,1,2,5,13,451,830,178,8,13,3.134
FIN 463,463,1196,7,143,101,166,260,146,166,131,54,3,5,6,8,251,572,351,14,8,2.88
FIN 464,464,1562,64,256,245,252,302,205,114,91,28,1,1,1,2,565,759,233,3,2,3.183
FIN 473,473,1890,52,248,251,329,402,281,137,125,64,0,1,0,0,551,1012,326,1,0,3.097
FIN 510,510,119,9,29,25,25,26,4,1,0,0,0,0,0,0,63,55,1,0,0,3.513
FIN 562,562,98,0,29,15,14,32,7,0,0,0,0,0,0,1,44,53,0,0,1,3.394
FIN 564,564,11,3,5,3,0,0,0,0,0,0,0,0,0,0,11,0,0,0,0,3.918
FIN 606,606,147,16,38,49,23,12,6,1,1,1,0,0,0,0,103,41,3,0,0,3.615
FIN 607,607,319,47,156,71,24,17,3,0,0,0,0,0,0,1,274,44,0,0,1,3.803
FIN 608,608,293,19,95,81,43,27,21,3,2,2,0,0,0,0,195,91,7,0,0,3.582
FIN 609,609,504,7,249,115,88,44,1,0,0,0,0,0,0,0,371,133,0,0,0,3.719
FIN 610,610,167,0,26,42,41,56,2,0,0,0,0,0,0,0,68,99,0,0,0,3.402
FIN 612,612,630,30,130,130,126,147,37,11,11,5,0,0,1,2,290,310,27,1,2,3.388
FIN 613,613,453,7,110,75,97,94,51,6,9,3,0,0,0,1,192,242,18,0,1,3.36
FIN 615,615,185,8,41,33,34,38,22,5,2,1,0,0,0,1,82,94,8,0,1,3.356
FIN 617,617,71,10,21,11,6,14,3,1,3,1,0,0,0,1,42,23,5,0,1,3.445
FIN 671,671,508,3,114,95,94,154,45,3,0,0,0,0,0,0,212,293,3,0,0,3.386
FIN 673,673,346,11,104,71,62,67,26,3,0,0,0,0,0,2,186,155,3,0,2,3.484
FIN 675,675,221,5,53,49,59,43,10,1,1,0,0,0,0,0,107,112,2,0,0,3.476
FIN 683,683,332,1,65,63,85,76,25,8,4,2,1,0,0,2,129,186,14,1,2,3.326
FIN 685,685,175,0,41,48,47,32,6,1,0,0,0,0,0,0,89,85,1,0,0,3.493
FIN 687,687,52,1,15,15,13,8,0,0,0,0,0,0,0,0,31,21,0,0,0,3.585
FLR 199,199,50,6,13,5,4,8,1,3,3,1,1,1,0,4,24,13,7,2,4,3.026
FLR 199L,199L,95,11,22,13,14,9,9,5,6,2,0,1,2,1,46,32,13,3,1,3.231
FLR 225,225,510,133,121,72,56,36,20,18,16,11,4,5,3,15,326,112,45,12,15,3.399
FLR 235,235,367,6,130,67,66,35,14,18,17,6,0,2,0,6,203,115,41,2,6,3.379
FLR 236,236,342,18,82,63,38,39,24,22,13,16,1,5,2,19,163,101,51,8,19,3.075
FLR 245,245,35,3,11,5,2,5,1,3,1,0,0,0,0,4,19,8,4,0,4,3.077
FLR 250,250,1485,91,489,239,161,221,87,45,77,16,5,5,2,47,819,469,138,12,47,3.321
FLR 255,255,424,14,151,61,70,52,17,27,20,3,0,0,0,9,226,139,50,0,9,3.363
FLR 320,320,377,29,88,75,44,54,34,17,15,7,0,2,1,11,192,132,39,3,11,3.258
FLR 350,350,208,5,29,32,40,28,19,16,16,7,7,3,0,6,66,87,39,10,6,2.954
FLR 370,370,114,6,41,18,12,17,9,2,4,1,0,2,0,2,65,38,7,2,2,3.384
FLR 399,399,40,6,7,7,3,5,3,1,1,2,0,2,0,3,20,11,4,2,3,3.015
FLR 407,407,12,0,6,1,3,1,1,0,0,0,0,0,0,0,7,5,0,0,0,3.608
FLR 410,410,83,8,22,17,9,13,7,1,2,1,0,0,1,2,47,29,4,1,2,3.364
FLR 411,411,139,8,58,26,27,10,2,5,2,0,0,1,0,0,92,39,7,1,0,3.606
FLR 415,415,37,2,8,12,10,3,1,1,0,0,0,0,0,0,22,14,1,0,0,3.551
FLR 416,416,15,0,3,3,3,4,0,1,1,0,0,0,0,0,6,7,2,0,0,3.287
FLR 418,418,12,0,4,2,2,2,1,1,0,0,0,0,0,0,6,5,1,0,0,3.417
FLR 483,483,62,0,7,13,7,12,11,9,0,0,1,1,0,1,20,30,9,2,1,3.031
FLR 491,491,12,0,2,1,3,2,1,0,2,0,0,1,0,0,3,6,2,1,0,2.942
FR 101,101,1012,2,78,155,117,155,178,71,98,80,16,15,19,28,235,450,249,50,28,2.737
FR 102,102,734,1,54,106,109,87,142,55,65,52,14,21,8,20,161,338,172,43,20,2.733
FR 103,103,548,1,37,74,76,84,104,55,52,44,5,7,5,4,112,264,151,17,4,2.795
FR 111,111,510,2,47,90,69,72,72,46,38,33,9,11,6,15,139,213,117,26,15,2.808
FR 112,112,318,4,22,60,53,54,44,22,22,21,4,5,1,6,86,151,65,10,6,2.902
FR 150,150,170,1,49,28,24,27,16,11,6,5,1,0,1,1,78,67,22,2,1,3.264
FR 199,199,10,0,5,0,1,1,1,0,0,2,0,0,0,0,5,3,2,0,0,3.24
FR 201,201,1321,44,222,288,173,210,160,58,74,49,11,13,8,11,554,543,181,32,11,3.149
FR 202,202,1190,31,206,301,149,208,139,49,44,30,7,12,5,9,538,496,123,24,9,3.218
FR 203,203,1144,43,265,298,130,164,104,36,49,37,6,1,4,7,606,398,122,11,7,3.314
FR 301,301,509,34,104,98,55,111,48,20,17,12,1,1,5,3,236,214,49,7,3,3.271
FR 302,302,433,23,157,83,58,77,18,2,8,4,1,0,1,1,263,153,14,2,1,3.528
FR 307,307,192,35,56,31,25,25,9,2,4,1,0,2,0,2,122,59,7,2,2,3.525
FR 312,312,174,11,78,60,19,2,1,2,0,0,0,0,0,1,149,22,2,0,1,3.759
FR 317,317,208,20,53,42,22,42,14,2,4,7,0,0,0,2,115,78,13,0,2,3.405
FR 318,318,184,3,73,58,25,20,3,0,1,0,0,0,0,1,134,48,1,0,1,3.648
FR 319,319,190,4,56,62,43,15,7,2,0,0,0,0,0,1,122,65,2,0,1,3.578
FR 320,320,82,2,12,20,9,14,9,5,6,3,0,1,0,1,34,32,14,1,1,3.117
FR 330,330,91,4,43,20,7,5,7,2,1,1,1,0,0,0,67,19,4,1,0,3.611
FR 331,331,59,1,23,15,11,3,3,1,2,0,0,0,0,0,39,17,3,0,0,3.58
FR 333,333,99,13,51,22,7,3,0,1,0,1,0,0,0,1,86,10,2,0,1,3.773
FR 361,361,36,1,14,11,5,3,1,0,0,0,0,0,0,1,26,9,0,0,1,3.581
FR 362,362,132,11,51,23,16,18,10,1,1,0,0,0,0,1,85,44,2,0,1,3.57
FR 399,399,24,8,6,4,1,2,2,0,0,0,1,0,0,0,18,5,0,1,0,3.617
FR 407,407,167,20,48,41,23,21,5,3,1,3,0,0,1,1,109,49,7,1,1,3.538
FR 416,416,51,4,22,17,2,4,2,0,0,0,0,0,0,0,43,8,0,0,0,3.743
FR 425,425,137,10,32,34,17,21,9,4,8,0,0,2,0,0,76,47,12,2,0,3.39
FR 510,510,40,2,2,14,9,10,1,0,2,0,0,0,0,0,18,20,2,0,0,3.355
GEOG 141,141,5142,171,1100,595,569,1063,458,314,384,147,65,89,19,168,1866,2090,845,173,168,3.017
GEOG 142,142,2727,194,497,411,369,412,230,142,157,80,23,43,16,153,1102,1011,379,82,153,3.014
GEOG 181,181,1533,153,406,157,122,229,112,45,96,36,15,37,12,113,716,463,177,64,113,3.021
GEOG 199,199,192,6,35,20,20,41,15,12,17,6,0,3,1,16,61,76,35,4,16,2.828
GEOG 201,201,1069,59,236,111,106,209,72,48,80,26,24,27,9,62,406,387,154,60,62,2.938
GEOG 202,202,735,26,121,97,46,192,69,28,75,37,2,9,5,28,244,307,140,16,28,2.93
GEOG 208,208,513,41,93,56,44,95,46,23,50,13,5,6,12,29,190,185,86,23,29,2.911
GEOG 209,209,255,13,51,33,36,48,21,10,16,7,4,2,4,10,97,105,33,10,10,3.037
GEOG 214,214,42,0,7,2,11,10,3,3,5,0,0,1,0,0,9,24,8,1,0,3.04
GEOG 250,250,68,9,27,7,8,8,2,2,0,3,0,0,0,2,43,18,5,0,2,3.462
GEOG 281,281,299,27,56,48,66,46,17,14,6,3,2,6,0,8,131,129,23,8,8,3.241
GEOG 285,285,14,3,3,4,0,2,1,0,1,0,0,0,0,0,10,3,1,0,0,3.536
GEOG 321,321,625,42,232,37,19,140,13,15,99,6,3,5,3,11,311,172,120,11,11,3.207
GEOG 322,322,624,31,179,55,61,152,30,16,46,11,1,10,2,30,265,243,73,13,30,3.112
GEOG 323,323,597,35,141,70,59,116,42,36,46,17,4,5,0,26,246,217,99,9,26,3.07
GEOG 341,341,1149,29,209,188,167,258,105,66,64,12,6,7,0,38,426,530,142,13,38,3.108
GEOG 342,342,1769,36,261,187,195,307,184,126,209,80,31,27,20,106,484,686,415,78,106,2.751
GEOG 343,343,875,32,106,136,161,183,87,44,50,20,4,9,4,39,274,431,114,17,39,2.997
GEOG 360,360,488,13,150,60,30,104,46,20,37,8,0,12,0,8,223,180,65,12,8,3.186
GEOG 361,361,429,37,144,33,46,92,7,13,39,7,0,2,0,9,214,145,59,2,9,3.297
GEOG 391,391,840,23,136,86,99,165,75,33,101,31,11,31,10,39,245,339,165,52,39,2.811
GEOG 393,393,38,5,13,5,2,5,2,0,2,2,0,0,1,1,23,9,4,1,1,3.305
GEOG 399,399,121,22,48,21,12,7,2,1,3,2,1,1,0,1,91,21,6,2,1,3.617
GEOG 399L,399L,14,5,3,1,1,1,0,1,0,0,0,0,0,2,9,2,1,0,2,3.164
GEOG 408,408,18,4,3,2,0,4,1,1,1,0,0,1,0,1,9,5,2,1,1,3.078
GEOG 410,410,644,54,191,85,77,96,27,12,19,4,0,5,0,74,330,200,35,5,74,3.085
GEOG 410L,410L,21,4,11,1,0,2,2,0,1,0,0,0,0,0,16,4,1,0,0,3.671
GEOG 419,419,142,8,44,22,24,23,5,3,4,6,0,0,0,3,74,52,13,0,3,3.354
GEOG 423,423,10,1,3,3,1,1,0,0,1,0,0,0,0,0,7,2,1,0,0,3.54
GEOG 425,425,65,6,20,7,10,5,4,3,5,1,0,0,0,4,33,19,9,0,4,3.189
GEOG 427,427,30,2,6,5,7,5,2,0,0,0,0,0,0,3,13,14,0,0,3,3.133
GEOG 430,430,11,2,6,1,0,1,1,0,0,0,0,0,0,0,9,2,0,0,0,3.764
GEOG 433,433,57,1,22,17,10,5,0,1,1,0,0,0,0,0,40,15,2,0,0,3.635
GEOG 441,441,225,15,50,25,11,54,23,9,21,11,0,2,0,4,90,88,41,2,4,3.095
GEOG 442,442,174,6,40,29,24,27,11,9,11,2,4,2,1,8,75,62,22,7,8,3.076
GEOG 445,445,12,2,6,1,3,0,0,0,0,0,0,0,0,0,9,3,0,0,0,3.8
GEOG 448,448,169,5,8,22,48,40,22,10,4,5,0,0,0,5,35,110,19,0,5,3.022
GEOG 461,461,62,0,14,8,5,11,8,5,2,2,0,3,0,4,22,24,9,3,4,2.881
GEOG 463,463,46,2,21,9,5,5,4,0,0,0,0,0,0,0,32,14,0,0,0,3.643
GEOG 465,465,214,13,69,37,30,27,13,5,7,4,1,1,1,6,119,70,16,3,6,3.343
GEOG 467,467,84,6,18,10,13,8,6,6,8,3,1,1,0,4,34,27,17,2,4,3.015
GEOG 468,468,232,18,59,30,27,31,12,11,16,9,2,4,1,12,107,70,36,7,12,3.075
GEOG 471,471,184,1,81,12,4,58,3,2,18,0,0,1,0,4,94,65,20,1,4,3.311
GEOG 475,475,16,1,2,2,4,4,0,0,2,1,0,0,0,0,5,8,3,0,0,3.144
GEOG 481,481,1449,123,328,232,149,243,120,53,75,31,7,19,9,60,683,512,159,35,60,3.151
GEOG 482,482,426,13,147,53,52,73,16,14,28,6,2,3,1,18,213,141,48,6,18,3.227
GEOG 485,485,287,36,90,43,15,42,20,9,10,6,1,2,3,10,169,77,25,6,10,3.306
GEOG 486,486,99,7,52,9,6,10,2,3,4,2,0,0,0,4,68,18,9,0,4,3.463
GEOG 489,489,21,12,5,1,0,3,0,0,0,0,0,0,0,0,18,3,0,0,0,3.843
GEOG 490,490,376,59,132,70,29,37,14,10,8,1,0,0,1,15,261,80,19,1,15,3.481
GEOG 491,491,92,4,41,9,10,14,3,2,4,2,0,1,0,2,54,27,8,1,2,3.407
GEOG 492,492,23,3,5,6,2,1,4,2,0,0,0,0,0,0,14,7,2,0,0,3.443
GEOG 493,493,157,17,53,32,25,19,4,4,0,1,0,0,0,2,102,48,5,0,2,3.564
GEOG 494,494,75,3,12,9,12,19,7,6,4,1,0,2,0,0,24,38,11,2,0,3.124
GEOG 495,495,128,11,50,14,6,27,6,3,3,4,0,0,2,2,75,39,10,2,2,3.39
GEOG 498,498,16,9,1,4,1,1,0,0,0,0,0,0,0,0,14,2,0,0,0,3.819
GEOG 510,510,13,1,8,4,0,0,0,0,0,0,0,0,0,0,13,0,0,0,0,3.908
GEOG 581,581,20,5,7,6,1,0,0,0,0,0,0,0,1,0,18,1,0,1,0,3.71
GEOG 595,595,10,0,6,4,0,0,0,0,0,0,0,0,0,0,10,0,0,0,0,3.88
GEOG 607,607,11,0,6,5,0,0,0,0,0,0,0,0,0,0,11,0,0,0,0,3.864
GEOG 608,608,120,8,111,0,0,1,0,0,0,0,0,0,0,0,119,1,0,0,0,3.992
GEOG 611,611,12,0,12,0,0,0,0,0,0,0,0,0,0,0,12,0,0,0,0,4.0
GEOL 101,101,1630,24,115,126,156,317,259,240,176,93,46,38,10,30,265,732,509,94,30,2.671
GEOL 102,102,1760,68,316,160,226,403,162,143,145,62,16,23,11,25,544,791,350,50,25,3.009
GEOL 103,103,1780,167,398,215,176,406,133,73,118,29,11,21,5,28,780,715,220,37,28,3.205
GEOL 110,110,130,7,14,18,27,27,21,5,6,3,1,0,0,1,39,75,14,1,1,3.133
GEOL 137,137,692,6,179,38,47,145,77,43,81,22,11,20,2,21,223,269,146,33,21,2.908
GEOL 156M,156M,16,0,0,2,2,3,4,3,2,0,0,0,0,0,2,9,5,0,0,2.794
GEOL 199,199,20,0,8,2,1,6,0,1,0,0,0,2,0,0,10,7,1,2,0,3.25
GEOL 201,201,428,41,50,46,50,59,57,49,40,13,6,4,3,10,137,166,102,13,10,2.941
GEOL 202,202,368,10,114,22,22,85,20,15,36,11,0,14,0,19,146,127,62,14,19,2.984
GEOL 203,203,306,9,36,30,38,114,29,19,20,2,1,5,0,3,75,181,41,6,3,3.04
GEOL 213,213,453,33,55,36,36,95,28,23,68,25,8,21,5,20,124,159,116,34,20,2.717
GEOL 304,304,596,106,147,39,32,106,27,16,76,12,3,19,1,12,292,165,104,23,12,3.164
GEOL 305,305,1577,297,478,142,107,245,70,42,85,34,16,14,8,39,917,422,161,38,39,3.34
GEOL 306,306,1139,27,357,190,130,182,80,38,65,21,3,19,4,23,574,392,124,26,23,3.256
GEOL 307,307,763,112,116,85,85,111,81,66,39,27,10,13,5,13,313,277,132,28,13,3.098
GEOL 308,308,658,4,103,86,80,155,42,39,75,24,6,15,5,24,193,277,138,26,24,2.881
GEOL 310,310,800,9,95,80,44,158,73,47,131,48,4,47,10,54,184,275,226,61,54,2.549
GEOL 311,311,49,1,7,8,2,9,6,2,8,3,0,2,0,1,16,17,13,2,1,2.839
GEOL 315,315,139,5,27,18,18,29,16,5,12,2,1,1,2,3,50,63,19,4,3,3.071
GEOL 316,316,127,1,27,7,8,39,15,4,15,5,0,4,1,1,35,62,24,5,1,2.946
GEOL 318,318,172,0,28,24,21,47,26,10,11,2,0,0,0,3,52,94,23,0,3,3.08
GEOL 319,319,14,0,1,6,0,1,2,2,0,1,0,0,0,1,7,3,3,0,1,2.921
GEOL 331,331,87,1,13,2,14,29,2,8,13,4,0,0,0,1,16,45,25,0,1,2.91
GEOL 332,332,85,2,10,17,11,24,8,6,5,2,0,0,0,0,29,43,13,0,0,3.153
GEOL 334,334,126,1,15,18,17,30,16,13,11,3,0,1,0,1,34,63,27,1,1,2.999
GEOL 350,350,98,1,18,14,19,18,7,15,2,3,0,0,0,1,33,44,20,0,1,3.133
GEOL 351,351,95,3,19,9,19,17,11,10,2,4,0,0,0,1,31,47,16,0,1,3.142
GEOL 352,352,82,3,17,13,13,15,9,7,2,2,0,0,0,1,33,37,11,0,1,3.217
GEOL 353,353,527,0,122,150,70,62,48,19,16,14,3,4,2,17,272,180,49,9,17,3.223
GEOL 363,363,56,10,10,7,11,7,1,5,1,1,0,0,0,3,27,19,7,0,3,3.234
GEOL 406,406,314,9,58,72,53,61,36,8,12,3,0,1,0,1,139,150,23,1,1,3.306
GEOL 410,410,126,6,20,23,15,19,20,8,7,7,0,1,0,0,49,54,22,1,0,3.134
GEOL 418,418,137,3,31,15,16,30,14,6,6,5,2,1,2,6,49,60,17,5,6,3.003
GEOL 433,433,12,0,3,2,1,6,0,0,0,0,0,0,0,0,5,7,0,0,0,3.392
GEOL 434,434,11,0,3,0,1,2,2,1,2,0,0,0,0,0,3,5,3,0,0,3.0
GEOL 438,438,35,1,9,2,1,14,0,0,6,0,0,0,0,2,12,15,6,0,2,2.991
GEOL 441,441,42,0,15,6,8,4,5,2,1,0,0,0,0,1,21,17,3,0,1,3.35
GEOL 510,510,19,1,6,5,3,2,1,0,1,0,0,0,0,0,12,6,1,0,0,3.532
GEOL 518,518,10,4,4,1,0,1,0,0,0,0,0,0,0,0,9,1,0,0,0,3.87
GEOL 520,520,10,4,4,1,1,0,0,0,0,0,0,0,0,0,9,1,0,0,0,3.9
GEOL 554,554,11,0,6,1,4,0,0,0,0,0,0,0,0,0,7,4,0,0,0,3.718
GER 101,101,992,208,239,171,110,95,45,34,39,18,8,3,3,19,618,250,91,14,19,3.42
GER 102,102,789,147,180,112,90,84,59,26,38,26,4,5,4,14,439,233,90,13,14,3.325
GER 103,103,644,123,170,82,57,80,44,22,30,15,2,5,5,9,375,181,67,12,9,3.369
GER 141,141,19,3,7,5,3,1,0,0,0,0,0,0,0,0,15,4,0,0,0,3.758
GER 142,142,10,2,3,2,0,2,1,0,0,0,0,0,0,0,7,3,0,0,0,3.61
GER 201,201,571,85,150,92,77,60,41,23,21,10,1,2,2,7,327,178,54,5,7,3.401
GER 202,202,553,99,135,76,72,87,39,17,14,6,0,1,2,5,310,198,37,3,5,3.437
GER 203,203,555,92,136,88,62,68,39,18,22,15,2,3,2,8,316,169,55,7,8,3.368
GER 220M,220M,60,3,15,11,17,9,1,3,0,1,0,0,0,0,29,27,4,0,0,3.452
GER 221,221,803,42,194,183,117,145,45,38,19,8,3,1,2,6,419,307,65,6,6,3.374
GER 222,222,633,47,134,138,106,96,46,28,17,4,1,2,0,14,319,248,49,3,14,3.326
GER 223,223,762,85,167,183,119,98,39,21,16,8,3,5,0,18,435,256,45,8,18,3.386
GER 250,250,338,70,60,73,46,34,19,12,8,9,0,2,1,4,203,99,29,3,4,3.422
GER 251,251,287,29,48,61,33,35,33,14,11,6,4,6,2,5,138,101,31,12,5,3.184
GER 252,252,352,20,53,64,61,55,27,30,19,10,3,6,1,3,137,143,59,10,3,3.132
GER 257,257,23,0,4,4,5,2,2,2,3,1,0,0,0,0,8,9,6,0,0,3.087
GER 258,258,12,2,1,5,1,2,1,0,0,0,0,0,0,0,8,4,0,0,0,3.542
GER 259,259,21,3,1,3,4,6,2,0,2,0,0,0,0,0,7,12,2,0,0,3.224
GER 280M,280M,39,13,5,9,9,1,1,0,1,0,0,0,0,0,27,11,1,0,0,3.659
GER 300,300,53,9,16,13,9,1,2,1,1,0,0,0,0,1,38,12,2,0,1,3.594
GER 311,311,200,39,40,34,18,30,10,6,8,5,0,4,0,6,113,58,19,4,6,3.302
GER 312,312,176,37,42,25,12,22,14,8,4,4,1,4,1,2,104,48,16,6,2,3.359
GER 313,313,152,48,42,21,10,12,8,3,1,5,1,0,0,1,111,30,9,1,1,3.599
GER 327,327,9,2,3,2,1,0,0,1,0,0,0,0,0,0,7,1,1,0,0,3.667
GER 328,328,6,1,4,1,0,0,0,0,0,0,0,0,0,0,6,0,0,0,0,3.95
GER 345M,345M,55,8,24,9,6,2,2,1,1,1,0,1,0,0,41,10,3,1,0,3.627
GER 350,350,16,3,2,5,1,3,0,0,1,1,0,0,0,0,10,4,2,0,0,3.406
GER 351,351,90,11,29,26,9,6,4,1,1,1,0,0,0,2,66,19,3,0,2,3.563
GER 352,352,15,3,0,7,3,1,0,0,0,0,0,0,0,1,10,4,0,0,1,3.387
GER 354,354,115,15,32,28,13,11,4,3,4,1,0,0,0,4,75,28,8,0,4,3.434
GER 355,355,472,56,177,86,43,48,16,6,14,6,2,2,0,16,319,107,26,4,16,3.466
GER 356,356,273,3,67,63,33,36,29,9,12,4,5,1,3,8,133,98,25,9,8,3.185
GER 357,357,108,31,28,19,9,12,5,1,2,0,0,1,0,0,78,26,3,1,0,3.637
GER 360,360,24,0,5,7,1,5,4,0,2,0,0,0,0,0,12,10,2,0,0,3.292
GER 361,361,17,1,6,1,3,4,1,0,0,0,0,1,0,0,8,8,0,1,0,3.371
GER 366,366,41,2,12,10,9,2,3,0,0,1,0,0,1,1,24,14,1,1,1,3.395
GER 367,367,24,6,9,5,2,2,0,0,0,0,0,0,0,0,20,4,0,0,0,3.796
GER 368,368,37,10,13,6,3,0,2,0,1,1,1,0,0,0,29,5,2,1,0,3.635
GER 407,407,26,3,9,5,6,3,0,0,0,0,0,0,0,0,17,9,0,0,0,3.665
GER 410,410,17,0,3,4,5,4,0,0,0,0,0,0,0,1,7,9,0,0,1,3.253
GER 411,411,89,17,21,20,10,12,2,2,3,1,0,1,0,0,58,24,6,1,0,3.525
GER 412,412,35,12,11,6,0,1,1,0,3,0,0,0,0,1,29,2,3,0,1,3.597
GER 413,413,9,1,5,1,0,1,0,0,1,0,0,0,0,0,7,1,1,0,0,3.633
GER 440,440,11,1,5,4,0,1,0,0,0,0,0,0,0,0,10,1,0,0,0,3.8
GER 507,507,11,1,2,4,1,1,2,0,0,0,0,0,0,0,7,4,0,0,0,3.5
GER 570,570,6,1,3,0,0,2,0,0,0,0,0,0,0,0,4,2,0,0,0,3.667
GLBL 101,101,1196,56,357,224,149,161,63,51,47,26,15,13,17,17,637,373,124,45,17,3.282
GLBL 102,102,549,110,239,89,23,23,13,5,13,13,2,2,4,13,438,59,31,8,13,3.593
GLBL 199,199,117,16,34,31,5,10,3,5,1,4,0,0,2,6,81,18,10,2,6,3.342
GLBL 230,230,689,64,119,179,73,57,66,28,12,20,5,10,5,51,362,196,60,20,51,3.087
GLBL 240,240,760,69,128,108,126,104,82,47,40,19,8,9,3,17,305,312,106,20,17,3.13
GLBL 250,250,745,78,179,132,63,108,52,22,46,27,5,13,3,17,389,223,95,21,17,3.22
GLBL 270,270,328,65,99,51,25,34,18,7,5,6,1,5,1,11,215,77,18,7,11,3.418
GLBL 280,280,171,65,63,12,9,10,1,0,1,1,0,2,0,7,140,20,2,2,7,3.652
GLBL 340,340,788,62,272,132,68,106,44,35,29,12,8,10,1,9,466,218,76,19,9,3.383
GLBL 345,345,293,35,120,43,23,28,21,4,6,3,0,1,0,9,198,72,13,1,9,3.491
GLBL 350,350,145,18,20,35,14,13,8,8,7,5,0,2,2,13,73,35,20,4,13,2.983
GLBL 360,360,334,14,139,68,32,25,14,7,7,4,2,2,1,19,221,71,18,5,19,3.366
GLBL 370,370,501,25,98,106,81,61,27,22,22,16,2,1,6,34,229,169,60,9,34,3.068
GLBL 399,399,120,27,50,14,3,9,3,2,3,1,1,0,1,6,91,15,6,2,6,3.492
GLBL 407,407,211,15,140,22,9,13,3,1,1,0,1,1,0,5,177,25,2,2,5,3.719
GLBL 410,410,229,21,95,38,23,13,11,2,4,5,2,5,2,8,154,47,11,9,8,3.403
GLBL 415,415,115,17,34,14,16,20,5,1,2,0,0,1,1,4,65,41,3,2,4,3.392
GLBL 420,420,31,24,3,1,0,2,0,1,0,0,0,0,0,0,28,2,1,0,0,3.871
GLBL 421,421,63,2,21,9,11,9,4,2,3,0,1,0,0,1,32,24,5,1,1,3.354
GLBL 422,422,125,1,45,34,26,11,5,3,0,0,0,0,0,0,80,42,3,0,0,3.592
GLBL 424,424,27,14,10,0,2,0,0,0,0,0,0,1,0,0,24,2,0,1,0,3.837
GLBL 425,425,79,14,22,8,6,6,8,1,1,2,1,0,0,10,44,20,4,1,10,3.063
GLBL 431,431,526,54,126,56,53,88,47,23,25,12,2,5,5,30,236,188,60,12,30,3.094
GLBL 434,434,40,6,12,4,3,3,1,0,2,0,0,0,0,9,22,7,2,0,9,2.81
GLBL 435,435,26,7,9,4,2,1,1,1,0,0,0,0,0,1,20,4,1,0,1,3.592
GLBL 444,444,30,6,20,3,0,0,0,0,1,0,0,0,0,0,29,0,1,0,0,3.903
GLBL 446,446,131,50,56,12,2,2,1,0,0,0,0,0,0,8,118,5,0,0,8,3.692
GLBL 448,448,25,1,13,2,6,2,1,0,0,0,0,0,0,0,16,9,0,0,0,3.676
GLBL 463,463,75,13,44,10,1,2,1,0,1,0,0,1,1,1,67,4,1,2,1,3.743
GLBL 465,465,61,12,36,2,0,8,0,0,1,0,0,0,0,2,50,8,1,0,2,3.695
GLBL 467,467,80,20,30,7,6,4,3,1,1,2,0,1,0,5,57,13,4,1,5,3.431
GLBL 507,507,12,0,9,1,0,2,0,0,0,0,0,0,0,0,10,2,0,0,0,3.808
GRK 101,101,52,8,19,4,6,4,2,1,3,1,1,1,0,2,31,12,5,2,2,3.313
GRK 102,102,9,0,3,1,2,2,0,0,1,0,0,0,0,0,4,4,1,0,0,3.367
GRK 103,103,9,0,3,0,1,2,2,0,0,0,0,0,0,1,3,5,0,0,1,2.967
GRST 610,610,10,4,4,2,0,0,0,0,0,0,0,0,0,0,10,0,0,0,0,3.94
GSL 335,335,106,4,49,26,10,7,1,0,3,2,0,4,0,0,79,18,5,4,0,3.569
GSL 345,345,45,14,10,6,5,6,2,1,0,0,0,1,0,0,30,13,1,1,0,3.587
GSL 410,410,11,0,2,1,3,2,2,1,0,0,0,0,0,0,3,7,1,0,0,3.209
HBRW 101,101,16,3,5,1,4,2,1,0,0,0,0,0,0,0,9,7,0,0,0,3.6
HBRW 102,102,17,1,3,3,3,0,1,3,0,1,1,0,0,1,7,4,4,1,1,2.918
HBRW 103,103,17,2,3,0,3,1,2,4,0,0,1,0,1,0,5,6,4,2,0,2.912
HBRW 111,111,18,0,4,2,2,3,1,1,1,3,0,1,0,0,6,6,5,1,0,2.894
HBRW 199,199,54,7,15,11,6,6,1,1,3,1,0,1,0,2,33,13,5,1,2,3.337
HBRW 301,301,11,0,0,3,2,1,3,2,0,0,0,0,0,0,3,6,2,0,0,3.036
HC 101H,101H,1392,136,539,401,184,88,17,10,7,6,0,1,0,3,1076,289,23,1,3,3.699
HC 207H,207H,160,30,51,34,14,16,4,1,5,1,0,1,0,3,115,34,7,1,3,3.561
HC 209H,209H,289,48,142,57,15,19,3,1,1,1,0,2,0,0,247,37,3,2,0,3.784
HC 221H,221H,2062,305,755,512,318,106,32,8,4,7,1,5,0,9,1572,456,19,6,9,3.702
HC 222H,222H,1038,96,328,337,197,46,26,2,1,2,0,0,0,3,761,269,5,0,3,3.672
HC 223H,223H,420,40,141,138,61,20,10,3,0,1,0,0,0,6,319,91,4,0,6,3.646
HC 231H,231H,2055,223,730,561,330,120,47,12,11,7,0,2,1,11,1514,497,30,3,11,3.663
HC 232H,232H,971,69,276,289,171,108,32,10,5,2,0,1,0,8,634,311,17,1,8,3.565
HC 233H,233H,340,32,130,88,35,22,17,1,5,2,1,0,0,7,250,74,8,1,7,3.582
HC 241H,241H,1375,292,581,254,126,71,22,5,7,5,1,2,2,7,1127,219,17,5,7,3.752
HC 301H,301H,627,69,288,138,67,37,9,2,3,3,0,1,0,10,495,113,8,1,10,3.687
HC 399H,399H,40,5,15,5,8,3,4,0,0,0,0,0,0,0,25,15,0,0,0,3.618
HC 410H,410H,24,1,9,12,0,1,0,0,0,0,0,0,0,1,22,1,0,0,1,3.642
HC 421H,421H,744,91,321,210,75,22,7,3,2,1,1,1,0,10,622,104,6,2,10,3.726
HC 424H,424H,303,30,126,93,30,14,4,3,0,0,0,0,0,3,249,48,3,0,3,3.719
HC 431H,431H,706,89,313,170,68,40,9,4,3,0,0,0,0,10,572,117,7,0,10,3.712
HC 434H,434H,553,115,205,131,57,28,9,1,1,1,1,0,0,4,451,94,3,1,4,3.74
HC 441H,441H,1485,211,640,358,136,92,20,5,11,4,0,1,0,7,1209,248,20,1,7,3.736
HC 444H,444H,720,89,355,192,42,17,8,2,4,1,1,0,1,8,636,67,7,2,8,3.769
HIST 101,101,559,18,82,68,85,109,58,39,40,12,6,12,3,27,168,252,91,21,27,2.912
HIST 102,102,974,28,181,181,150,143,111,50,40,21,5,6,5,53,390,404,111,16,53,3.056
HIST 103,103,566,14,123,85,64,73,57,24,23,25,10,13,4,51,222,194,72,27,51,2.861
HIST 104,104,1309,71,215,215,182,165,145,92,79,54,17,10,14,50,501,492,225,41,50,3.002
HIST 105,105,1110,4,119,157,141,182,166,73,61,42,14,25,14,112,280,489,176,53,112,2.655
HIST 106,106,1140,26,223,193,138,175,107,71,71,32,16,23,5,60,442,420,174,44,60,2.971
HIST 121,121,79,2,8,15,16,14,11,4,4,3,0,1,1,0,25,41,11,2,0,3.089
HIST 186,186,559,28,208,140,70,30,33,10,9,8,1,3,0,19,376,133,27,4,19,3.454
HIST 190,190,488,40,75,76,83,86,40,30,20,9,4,5,4,16,191,209,59,13,16,3.111
HIST 191,191,472,16,83,63,79,89,46,24,25,13,2,8,3,21,162,214,62,13,21,3.011
HIST 192,192,710,24,126,143,148,113,44,28,25,11,6,3,2,37,293,305,64,11,37,3.128
HIST 199,199,188,7,74,31,9,27,11,6,8,3,3,3,0,6,112,47,17,6,6,3.303
HIST 201,201,1098,18,237,186,148,183,122,44,58,31,5,11,11,44,441,453,133,27,44,3.069
HIST 202,202,1370,41,199,235,207,293,148,73,74,23,11,14,4,48,475,648,170,29,48,3.049
HIST 203,203,1466,125,361,371,188,157,109,34,31,20,8,12,5,45,857,454,85,25,45,3.344
HIST 205,205,57,1,7,5,9,12,6,4,4,2,1,3,0,3,13,27,10,4,3,2.76
HIST 211,211,249,16,112,31,34,23,10,6,6,2,1,1,1,6,159,67,14,3,6,3.482
HIST 215,215,1748,42,328,327,272,385,170,67,71,27,13,8,1,37,697,827,165,22,37,3.186
HIST 221,221,278,1,31,44,51,52,46,18,7,12,2,2,0,12,76,149,37,4,12,2.949
HIST 239,239,226,8,34,39,26,44,32,18,11,6,0,0,1,7,81,102,35,1,7,3.057
HIST 240,240,1368,48,326,264,245,212,78,58,61,19,7,17,7,26,638,535,138,31,26,3.25
HIST 241,241,1073,27,243,187,166,179,88,41,53,23,9,12,6,39,457,433,117,27,39,3.133
HIST 245,245,29,0,5,3,6,2,4,7,0,1,0,0,0,1,8,12,8,0,1,2.948
HIST 248,248,209,0,59,61,35,25,9,10,4,0,0,2,0,4,120,69,14,2,4,3.395
HIST 250,250,507,45,122,80,66,74,33,20,23,13,5,8,3,15,247,173,56,16,15,3.202
HIST 251,251,478,16,75,94,67,79,50,28,31,10,8,5,2,13,185,196,69,15,13,3.065
HIST 273,273,558,27,88,88,67,111,55,25,32,10,7,5,7,36,203,233,67,19,36,2.949
HIST 286,286,55,0,13,14,23,4,0,0,0,0,0,0,0,1,27,27,0,0,1,3.485
HIST 290,290,392,19,107,63,50,54,34,20,16,7,5,1,0,16,189,138,43,6,16,3.197
HIST 298,298,49,1,8,9,11,9,5,5,1,0,0,0,0,0,18,25,6,0,0,3.257
HIST 301,301,647,6,69,95,119,146,82,48,25,11,11,7,1,27,170,347,84,19,27,2.944
HIST 302,302,844,35,224,122,125,134,67,32,24,18,7,5,2,49,381,326,74,14,49,3.14
HIST 303,303,680,2,84,159,105,136,76,38,34,20,3,7,1,15,245,317,92,11,15,3.078
HIST 308,308,1023,16,190,229,203,168,71,38,34,23,2,7,3,39,435,442,95,12,39,3.17
HIST 309,309,958,9,158,172,173,151,103,70,34,28,5,5,4,46,339,427,132,14,46,3.024
HIST 317,317,43,0,13,9,8,4,3,3,1,0,0,0,0,2,22,15,4,0,2,3.272
HIST 319,319,57,0,0,12,12,9,11,6,5,1,0,0,0,1,12,32,12,0,1,2.916
HIST 320,320,134,1,6,22,21,25,20,18,8,7,2,2,0,2,29,66,33,4,2,2.848
HIST 321,321,105,1,34,19,25,17,3,2,2,0,0,0,0,2,54,45,4,0,2,3.433
HIST 322,322,24,0,8,3,6,2,3,2,0,0,0,0,0,0,11,11,2,0,0,3.4
HIST 325,325,337,4,57,36,54,63,42,22,27,10,2,4,1,15,97,159,59,7,15,2.928
HIST 326,326,344,6,50,41,50,58,50,20,31,14,4,4,0,16,97,158,65,8,16,2.88
HIST 332,332,138,0,13,11,18,32,18,22,14,5,2,0,0,3,24,68,41,2,3,2.8
HIST 336,336,55,0,18,6,5,11,2,1,3,2,1,3,1,2,24,18,6,5,2,3.015
HIST 337,337,76,0,17,9,9,16,9,3,4,2,0,2,0,5,26,34,9,2,5,2.942
HIST 340,340,929,37,216,169,149,154,66,35,30,12,7,16,4,34,422,369,77,27,34,3.184
HIST 342,342,253,0,26,40,33,57,52,15,10,2,0,4,1,13,66,142,27,5,13,2.905
HIST 345,345,67,1,12,10,6,10,14,6,0,2,0,0,0,6,23,30,8,0,6,2.893
HIST 346,346,158,4,22,22,16,37,13,8,13,7,2,2,1,11,48,66,28,5,11,2.822
HIST 347,347,772,11,156,82,92,138,75,45,50,31,8,14,4,66,249,305,126,26,66,2.817
HIST 350,350,177,0,15,23,24,37,36,21,12,2,1,1,1,4,38,97,35,3,4,2.888
HIST 351,351,260,3,44,53,49,59,23,6,8,2,0,2,2,9,100,131,16,4,9,3.16
HIST 352,352,750,34,141,148,92,137,69,22,37,20,1,9,4,36,323,298,79,14,36,3.094
HIST 361,361,53,13,8,3,13,2,7,3,1,0,0,1,1,1,24,22,4,2,1,3.274
HIST 362,362,223,3,42,37,33,47,16,11,16,3,1,3,2,9,82,96,30,6,9,3.041
HIST 363,363,1152,24,260,239,190,166,108,60,29,27,2,4,6,37,523,464,116,12,37,3.203
HIST 368,368,251,3,47,51,23,48,38,11,9,6,0,1,5,9,101,109,26,6,9,3.065
HIST 378,378,202,5,30,47,26,49,15,13,4,0,1,0,0,12,82,90,17,1,12,3.101
HIST 379,379,269,3,58,52,46,46,20,9,13,5,0,6,1,10,113,112,27,7,10,3.13
HIST 380,380,509,1,61,86,87,117,61,25,35,5,5,0,1,25,148,265,65,6,25,2.971
HIST 381,381,399,2,39,46,40,90,50,27,31,30,12,3,1,28,87,180,88,16,28,2.671
HIST 382,382,552,21,111,89,56,115,63,18,35,15,2,8,2,17,221,234,68,12,17,3.091
HIST 383,383,217,7,22,26,18,44,52,18,18,4,0,3,0,5,55,114,40,3,5,2.909
HIST 386,386,27,0,12,7,3,2,1,1,1,0,0,0,0,0,19,6,2,0,0,3.585
HIST 387,387,354,5,48,51,56,86,36,23,21,4,1,3,1,19,104,178,48,5,19,2.959
HIST 388,388,729,67,345,163,56,44,27,9,4,1,2,1,0,10,575,127,14,3,10,3.669
HIST 396,396,807,109,137,125,112,88,88,42,26,19,11,10,6,34,371,288,87,27,34,3.131
HIST 399,399,810,75,153,129,109,141,68,45,31,20,3,4,1,31,357,318,96,8,31,3.165
HIST 407,407,403,38,133,58,49,55,28,11,6,6,2,4,0,13,229,132,23,6,13,3.362
HIST 410,410,421,11,99,72,70,71,41,17,19,6,2,0,1,12,182,182,42,3,12,3.211
HIST 411,411,141,7,39,34,24,23,10,1,0,0,0,0,0,3,80,57,1,0,3,3.456
HIST 412,412,212,8,57,46,28,28,17,15,4,1,1,0,0,7,111,73,20,1,7,3.292
HIST 414,414,171,9,53,37,24,15,8,12,6,1,0,1,1,4,99,47,19,2,4,3.355
HIST 415,415,391,10,123,66,51,53,28,21,9,11,1,3,1,14,199,132,41,5,14,3.246
HIST 416,416,106,6,23,27,14,9,8,4,2,3,1,0,4,5,56,31,9,5,5,3.142
HIST 417,417,48,0,4,8,9,14,6,1,4,1,0,0,0,1,12,29,6,0,1,3.031
HIST 419,419,84,4,12,9,7,18,12,12,7,0,0,1,0,2,25,37,19,1,2,2.969
HIST 420,420,63,4,22,13,8,6,2,0,1,2,0,1,0,4,39,16,3,1,4,3.306
HIST 425,425,71,0,8,4,10,16,6,5,7,3,0,5,1,6,12,32,15,6,6,2.539
HIST 427,427,174,0,38,31,15,29,45,4,5,0,0,2,0,5,69,89,9,2,5,3.137
HIST 428,428,476,13,159,89,69,80,23,11,11,6,2,0,0,13,261,172,28,2,13,3.376
HIST 436,436,64,2,9,9,15,7,9,4,4,3,0,0,0,2,20,31,11,0,2,3.038
HIST 437,437,21,0,3,2,1,5,3,1,3,1,0,0,0,2,5,9,5,0,2,2.657
HIST 441,441,77,9,16,19,13,8,3,2,1,0,0,0,0,6,44,24,3,0,6,3.271
HIST 442,442,58,4,14,6,9,9,6,4,2,0,0,0,0,4,24,24,6,0,4,3.109
HIST 443,443,74,2,24,4,11,12,6,5,6,1,0,1,0,2,30,29,12,1,2,3.155
HIST 444,444,74,4,12,14,10,19,6,4,2,0,0,0,0,3,30,35,6,0,3,3.178
HIST 446,446,88,4,15,23,9,14,8,3,2,2,0,2,1,5,42,31,7,3,5,3.084
HIST 449,449,20,0,4,3,2,5,2,2,2,0,0,0,0,0,7,9,4,0,0,3.135
HIST 450,450,309,16,115,82,51,22,8,4,1,0,1,0,0,9,213,81,5,1,9,3.546
HIST 451,451,14,0,3,3,3,2,1,2,0,0,0,0,0,0,6,6,2,0,0,3.307
HIST 455,455,151,5,30,25,25,25,10,10,5,5,1,0,0,10,60,60,20,1,10,3.045
HIST 456,456,132,0,32,19,13,22,17,10,9,2,1,0,0,7,51,52,21,1,7,3.021
HIST 457,457,106,3,24,16,9,22,7,0,11,2,0,3,0,9,43,38,13,3,9,2.926
HIST 461,461,55,3,7,11,3,12,0,3,2,8,0,1,0,5,21,15,13,1,5,2.765
HIST 463,463,658,48,186,97,79,84,49,27,28,18,7,0,0,35,331,212,73,7,35,3.188
HIST 466,466,157,0,20,31,35,34,19,3,6,3,0,2,0,4,51,88,12,2,4,3.118
HIST 467,467,39,1,11,8,3,8,4,2,1,0,0,0,1,0,20,15,3,1,0,3.323
HIST 468,468,336,76,128,41,19,34,7,5,8,1,0,0,2,15,245,60,14,2,15,3.518
HIST 469,469,329,5,53,80,54,60,30,11,8,6,2,0,0,20,138,144,25,2,20,3.104
HIST 470,470,53,0,14,16,3,4,5,4,4,1,0,0,0,2,30,12,9,0,2,3.198
HIST 471,471,124,14,46,12,14,13,10,4,3,2,0,2,1,3,72,37,9,3,3,3.37
HIST 473,473,248,11,52,35,37,47,18,12,6,5,1,4,0,20,98,102,23,5,20,3.01
HIST 480,480,74,0,15,20,19,9,8,1,0,0,0,0,0,2,35,36,1,0,2,3.346
HIST 482,482,54,0,14,15,10,9,2,1,0,0,0,0,0,3,29,21,1,0,3,3.319
HIST 483,483,328,9,52,41,58,70,32,23,14,10,1,3,5,10,102,160,47,9,10,3.016
HIST 487,487,149,4,36,22,16,36,21,7,4,0,0,0,1,2,62,73,11,1,2,3.246
HIST 490,490,212,15,51,33,41,20,31,8,5,0,2,1,0,5,99,92,13,3,5,3.288
HIST 491,491,50,19,8,8,3,2,1,2,1,0,0,1,1,4,35,6,3,2,4,3.29
HIST 498,498,161,52,27,23,21,8,10,6,2,3,1,1,0,7,102,39,11,2,7,3.395
HIST 510,510,10,0,2,2,1,1,1,0,0,0,0,0,0,3,4,3,0,0,3,2.44
HIST 607,607,8,0,4,1,2,1,0,0,0,0,0,0,0,0,5,3,0,0,0,3.662
HIST 612,612,14,0,8,5,1,0,0,0,0,0,0,0,0,0,13,1,0,0,0,3.843
HPHY 102,102,91,12,25,13,17,5,8,2,2,3,0,1,0,3,50,30,7,1,3,3.335
HPHY 103,103,32,9,8,5,2,4,1,1,0,0,0,1,0,1,22,7,1,1,1,3.472
HPHY 104,104,65,4,12,4,5,18,1,1,9,1,3,6,0,1,20,24,11,9,1,2.829
HPHY 105,105,1085,161,374,131,101,187,41,23,32,10,2,7,0,16,666,329,65,9,16,3.478
HPHY 111,111,110,28,33,10,6,14,3,0,7,1,1,3,0,4,71,23,8,4,4,3.372
HPHY 112,112,141,12,42,33,24,13,6,4,3,1,0,2,0,1,87,43,8,2,1,3.485
HPHY 211,211,4539,636,1095,762,529,502,303,189,142,123,3,125,3,127,2493,1334,454,131,127,3.276
HPHY 212,212,4147,269,922,713,575,578,304,210,185,125,0,128,0,138,1904,1457,520,128,138,3.146
HPHY 321,321,3100,299,373,393,351,447,262,245,316,148,0,158,0,108,1065,1060,709,158,108,2.888
HPHY 322,322,3001,290,506,413,403,412,272,206,190,113,0,138,0,58,1209,1087,509,138,58,3.064
HPHY 323,323,2666,260,377,419,314,360,245,228,226,115,0,89,0,33,1056,919,569,89,33,3.052
HPHY 324,324,2629,287,486,371,329,436,230,181,157,71,8,62,0,11,1144,995,409,70,11,3.196
HPHY 325,325,2491,224,413,358,290,380,246,193,228,97,0,46,0,16,995,916,518,46,16,3.109
HPHY 333,333,832,37,186,151,142,130,76,50,24,19,4,7,0,6,374,348,93,11,6,3.272
HPHY 337,337,56,4,20,4,6,15,0,2,3,2,0,0,0,0,28,21,7,0,0,3.386
HPHY 362,362,622,56,124,134,94,116,55,19,12,7,0,3,0,2,314,265,38,3,2,3.384
HPHY 371,371,2196,284,484,426,318,342,172,83,66,18,0,1,0,2,1194,832,167,1,2,3.435
HPHY 374,374,103,17,34,26,14,11,1,0,0,0,0,0,0,0,77,26,0,0,0,3.71
HPHY 375,375,235,32,62,48,33,25,20,2,10,3,0,0,0,0,142,78,15,0,0,3.494
HPHY 381,381,361,20,139,57,57,53,12,7,9,4,0,3,0,0,216,122,20,3,0,3.519
HPHY 399,399,64,11,14,8,3,16,6,2,4,0,0,0,0,0,33,25,6,0,0,3.38
HPHY 406,406,60,39,15,6,0,0,0,0,0,0,0,0,0,0,60,0,0,0,0,3.97
HPHY 410,410,287,22,100,69,45,33,7,5,5,0,0,1,0,0,191,85,10,1,0,3.597
HPHY 411,411,182,148,23,7,1,3,0,0,0,0,0,0,0,0,178,4,0,0,0,3.968
HPHY 412,412,179,15,24,62,33,17,20,4,2,2,0,0,0,0,101,70,8,0,0,3.441
HPHY 413,413,283,23,82,65,48,43,12,7,1,0,0,1,0,1,170,103,8,1,1,3.531
HPHY 414,414,205,37,68,36,28,22,5,4,3,0,0,0,0,2,141,55,7,0,2,3.611
HPHY 421,421,35,2,6,2,11,7,2,4,1,0,0,0,0,0,10,20,5,0,0,3.237
HPHY 422,422,216,35,77,58,18,23,2,2,0,1,0,0,0,0,170,43,3,0,0,3.716
HPHY 423,423,137,17,65,34,15,3,0,1,1,0,0,0,0,1,116,18,2,0,1,3.771
HPHY 432,432,99,8,25,14,8,14,10,5,9,1,0,5,0,0,47,32,15,5,0,3.186
HPHY 433,433,200,79,86,21,6,4,2,2,0,0,0,0,0,0,186,12,2,0,0,3.898
HPHY 434,434,176,23,60,29,30,23,6,3,1,1,0,0,0,0,112,59,5,0,0,3.603
HPHY 435,435,13,4,4,2,1,2,0,0,0,0,0,0,0,0,10,3,0,0,0,3.746
HPHY 436,436,258,42,127,48,22,12,3,1,0,2,0,1,0,0,217,37,3,1,0,3.787
HPHY 441,441,16,3,4,8,0,1,0,0,0,0,0,0,0,0,15,1,0,0,0,3.788
HPHY 444,444,109,55,34,14,2,4,0,0,0,0,0,0,0,0,103,6,0,0,0,3.912
HPHY 460,460,17,0,10,4,2,1,0,0,0,0,0,0,0,0,14,3,0,0,0,3.788
HPHY 462,462,202,34,120,30,5,9,4,0,0,0,0,0,0,0,184,18,0,0,0,3.868
HPHY 470,470,255,24,73,59,30,32,18,9,7,1,0,1,0,1,156,80,17,1,1,3.48
HPHY 472,472,49,1,25,15,4,4,0,0,0,0,0,0,0,0,41,8,0,0,0,3.769
HPHY 473,473,77,8,18,22,9,12,6,0,2,0,0,0,0,0,48,27,2,0,0,3.523
HPHY 610,610,150,16,51,32,29,15,3,3,1,0,0,0,0,0,99,47,4,0,0,3.627
HPHY 621,621,32,6,16,2,6,1,0,0,1,0,0,0,0,0,24,7,1,0,0,3.756
HPHY 631,631,409,51,171,112,50,20,4,1,0,0,0,0,0,0,334,74,1,0,0,3.767
HPHY 632,632,60,5,24,19,8,4,0,0,0,0,0,0,0,0,48,12,0,0,0,3.745
HUM 101,101,1119,13,128,124,130,199,135,104,94,75,22,40,9,46,265,464,273,71,46,2.719
HUM 102,102,798,20,110,113,104,141,86,57,56,35,16,12,17,31,243,331,148,45,31,2.862
HUM 103,103,425,42,58,92,62,70,48,20,10,3,5,2,3,10,192,180,33,10,10,3.215
HUM 199,199,51,7,16,7,3,8,1,1,1,1,0,1,0,5,30,12,3,1,5,3.167
HUM 215,215,92,3,6,13,12,12,14,14,14,2,1,0,0,1,22,38,30,1,1,2.852
HUM 240,240,394,30,232,71,15,14,8,4,6,2,0,0,1,11,333,37,12,1,11,3.678
HUM 245,245,138,0,38,26,23,27,9,4,7,2,1,0,0,1,64,59,13,1,1,3.314
HUM 260,260,84,4,19,11,10,17,7,5,4,0,0,3,1,3,34,34,9,4,3,3.081
HUM 300,300,940,48,206,247,159,130,67,22,19,11,3,4,4,20,501,356,52,11,20,3.344
HUM 354,354,85,0,23,8,9,9,5,7,11,2,2,2,3,4,31,23,20,7,4,2.824
HUM 355,355,35,0,1,0,8,8,8,2,2,1,1,3,0,1,1,24,5,4,1,2.589
HUM 361,361,58,0,18,11,7,9,1,1,2,1,0,1,0,7,29,17,4,1,7,3.009
IARC 204,204,978,147,146,121,98,157,79,62,62,31,18,17,10,30,414,334,155,45,30,3.061
IARC 407,407,56,8,15,12,9,6,3,0,0,0,1,0,0,2,35,18,0,1,2,3.455
IARC 444,444,222,19,56,38,33,39,13,12,6,0,1,1,0,4,113,85,18,2,4,3.349
IARC 447,447,443,123,117,76,51,37,18,7,4,2,0,3,0,5,316,106,13,3,5,3.611
IARC 471,471,196,28,59,39,27,28,10,1,2,0,0,2,0,0,126,65,3,2,0,3.575
IARC 472,472,187,20,57,29,29,23,12,7,5,1,0,1,0,3,106,64,13,1,3,3.429
IARC 474,474,224,15,32,48,28,33,29,9,9,10,2,3,1,5,95,90,28,6,5,3.113
IARC 475,475,217,30,46,41,33,29,15,6,4,7,1,1,1,3,117,77,17,3,3,3.359
IARC 476,476,263,32,49,46,39,37,18,9,10,7,4,3,3,6,127,94,26,10,6,3.214
IARC 492,492,162,13,48,45,28,18,7,1,2,0,0,0,0,0,106,53,3,0,0,3.593
IARC 544,544,19,1,4,5,3,4,2,0,0,0,0,0,0,0,10,9,0,0,0,3.463
IARC 547,547,18,5,3,9,0,0,1,0,0,0,0,0,0,0,17,1,0,0,0,3.778
IARC 572,572,8,2,3,1,2,0,0,0,0,0,0,0,0,0,6,2,0,0,0,3.787
IARC 574,574,6,2,4,0,0,0,0,0,0,0,0,0,0,0,6,0,0,0,0,4.0
IARC 575,575,8,2,4,0,1,0,0,0,1,0,0,0,0,0,6,1,1,0,0,3.662
IARC 592,592,28,0,6,17,3,1,1,0,0,0,0,0,0,0,23,5,0,0,0,3.661
ICH 101,101,32,0,15,5,4,2,1,1,1,1,0,1,0,1,20,7,3,1,1,3.356
ICH 102,102,9,0,4,3,0,2,0,0,0,0,0,0,0,0,7,2,0,0,0,3.678
ICH 103,103,10,3,2,5,0,0,0,0,0,0,0,0,0,0,10,0,0,0,0,3.85
INTL 101,101,1666,25,375,227,196,316,171,103,119,39,25,28,8,34,627,683,261,61,34,3.063
INTL 199,199,625,37,182,116,96,90,38,14,16,12,5,4,1,14,335,224,42,10,14,3.345
INTL 240,240,864,5,94,142,194,207,117,48,29,8,3,4,4,9,241,518,85,11,9,3.115
INTL 250,250,896,26,190,200,114,122,100,37,47,30,11,2,3,14,416,336,114,16,14,3.197
INTL 260,260,228,6,33,50,42,36,25,9,7,7,2,1,1,9,89,103,23,4,9,3.096
INTL 280,280,505,16,181,120,44,73,25,9,11,7,0,1,0,18,317,142,27,1,18,3.405
INTL 323,323,31,1,2,9,7,1,1,5,2,3,0,0,0,0,12,9,10,0,0,3.055
INTL 340,340,484,9,127,85,84,59,36,29,17,15,8,8,2,5,221,179,61,18,5,3.215
INTL 345,345,274,11,83,81,30,20,18,11,4,4,4,2,1,5,175,68,19,7,5,3.399
INTL 360,360,327,3,121,62,40,51,16,8,7,3,0,2,0,14,186,107,18,2,14,3.343
INTL 370,370,478,19,99,102,76,76,40,24,17,7,3,2,0,13,220,192,48,5,13,3.228
INTL 399,399,110,12,9,21,10,12,15,5,9,7,2,2,1,5,42,37,21,5,5,2.89
INTL 407,407,142,11,36,25,15,30,9,2,3,1,1,1,0,8,72,54,6,2,8,3.232
INTL 410,410,279,24,115,79,16,27,4,1,5,5,0,1,0,2,218,47,11,1,2,3.637
INTL 420,420,110,2,60,18,8,13,1,3,2,0,0,0,0,3,80,22,5,0,3,3.578
INTL 421,421,114,3,14,17,21,17,18,11,7,3,1,0,1,1,34,56,21,2,1,3.037
INTL 422,422,217,5,47,54,67,34,5,5,0,0,0,0,0,0,106,106,5,0,0,3.483
INTL 423,423,80,1,7,21,11,17,6,2,5,3,1,2,0,4,29,34,10,3,4,2.952
INTL 424,424,79,7,22,27,18,1,3,0,0,0,0,0,0,1,56,22,0,0,1,3.625
INTL 425,425,127,0,47,30,17,16,10,2,2,1,0,0,0,2,77,43,5,0,2,3.468
INTL 431,431,325,38,121,47,39,45,5,5,8,3,1,1,1,11,206,89,16,3,11,3.454
INTL 432,432,14,0,0,3,2,2,4,0,1,1,0,1,0,0,3,8,2,1,0,2.8
INTL 433,433,14,3,3,2,1,1,1,0,2,0,0,0,0,1,8,3,2,0,1,3.171
INTL 434,434,16,2,7,1,2,1,1,0,0,2,0,0,0,0,10,4,2,0,0,3.463
INTL 442,442,30,0,13,4,7,3,2,1,0,0,0,0,0,0,17,12,1,0,0,3.553
INTL 444,444,74,6,28,10,4,15,2,3,3,2,0,0,0,1,44,21,8,0,1,3.418
INTL 446,446,144,17,51,37,14,16,4,1,1,0,0,0,0,3,105,34,2,0,3,3.599
INTL 448,448,29,0,13,9,5,2,0,0,0,0,0,0,0,0,22,7,0,0,0,3.717
INTL 463,463,50,0,20,15,7,6,2,0,0,0,0,0,0,0,35,15,0,0,0,3.64
INTL 465,465,79,3,42,21,6,2,1,3,0,0,0,0,0,1,66,9,3,0,1,3.71
INTL 467,467,26,0,17,6,1,2,0,0,0,0,0,0,0,0,23,3,0,0,0,3.827
INTL 510,510,9,4,2,3,0,0,0,0,0,0,0,0,0,0,9,0,0,0,0,3.9
ITAL 101,101,1284,15,196,267,164,245,140,74,75,55,13,19,4,17,478,549,204,36,17,3.067
ITAL 102,102,851,16,126,162,101,123,128,35,77,48,5,7,5,18,304,352,160,17,18,2.995
ITAL 103,103,678,8,104,132,79,122,92,31,57,27,6,9,4,7,244,293,115,19,7,3.042
ITAL 104,104,93,5,17,23,11,13,6,2,6,4,0,0,0,6,45,30,12,0,6,3.097
ITAL 105,105,62,2,19,16,4,7,3,2,2,1,0,0,1,5,37,14,5,1,5,3.169
ITAL 150,150,370,6,72,73,69,70,37,16,11,10,1,1,1,3,151,176,37,3,3,3.239
ITAL 152,152,480,61,130,105,45,69,43,13,3,2,2,1,0,6,296,157,18,3,6,3.473
ITAL 199,199,41,11,15,8,2,3,2,0,0,0,0,0,0,0,34,7,0,0,0,3.771
ITAL 201,201,528,10,97,106,66,101,77,21,21,15,3,0,3,8,213,244,57,6,8,3.164
ITAL 202,202,486,9,79,96,70,93,66,22,30,16,2,2,0,1,184,229,68,4,1,3.164
ITAL 203,203,477,12,74,112,54,100,48,31,22,20,0,0,1,3,198,202,73,1,3,3.179
ITAL 252,252,81,0,18,19,18,17,8,0,1,0,0,0,0,0,37,43,1,0,0,3.411
ITAL 301,301,58,4,17,12,8,2,3,4,3,3,0,0,0,2,33,13,10,0,2,3.262
ITAL 303,303,35,3,12,10,3,5,2,0,0,0,0,0,0,0,25,10,0,0,0,3.637
ITAL 305,305,38,0,4,12,6,10,5,0,1,0,0,0,0,0,16,21,1,0,0,3.308
ITAL 306,306,16,0,7,4,1,3,1,0,0,0,0,0,0,0,11,5,0,0,0,3.612
ITAL 307,307,22,0,4,3,4,6,1,2,2,0,0,0,0,0,7,11,4,0,0,3.164
ITAL 317,317,77,4,20,13,10,14,10,2,1,1,0,1,0,1,37,34,4,1,1,3.317
ITAL 318,318,66,0,17,10,11,14,9,3,2,0,0,0,0,0,27,34,5,0,0,3.311
ITAL 319,319,64,0,14,22,7,12,3,4,1,1,0,0,0,0,36,22,6,0,0,3.398
ITAL 320,320,46,0,9,10,14,9,1,1,0,0,1,0,0,1,19,24,1,1,1,3.315
ITAL 399,399,25,0,5,9,3,4,4,0,0,0,0,0,0,0,14,11,0,0,0,3.44
ITAL 410,410,25,2,6,4,3,4,1,0,1,3,0,0,0,1,12,8,4,0,1,3.14
J 100,100,9834,1212,5190,1146,653,471,329,164,182,107,57,69,26,228,7548,1453,453,152,228,3.599
J 101,101,7553,156,1039,1339,1120,1213,1035,560,716,75,82,48,36,134,2534,3368,1351,166,134,3.031
J 199,199,1031,146,293,153,115,98,76,28,36,18,6,13,2,47,592,289,82,21,47,3.288
J 201,201,15469,1471,2472,2503,2151,2663,1626,867,780,312,128,137,56,303,6446,6440,1959,321,303,3.164
J 205,205,2019,1,111,416,524,449,324,112,49,18,3,4,0,8,528,1297,179,7,8,3.136
J 206,206,2019,2,110,418,523,447,325,111,50,18,3,4,0,8,530,1295,179,7,8,3.137
J 207,207,1504,0,178,530,392,277,82,23,14,2,0,1,1,4,708,751,39,2,4,3.394
J 208,208,256,8,35,103,53,30,16,5,2,1,1,0,0,2,146,99,8,1,2,3.436
J 211,211,3911,4,175,834,1051,952,533,170,112,30,11,4,7,28,1013,2536,312,22,28,3.133
J 212,212,3194,6,765,1032,579,387,231,85,64,13,9,6,4,13,1803,1197,162,19,13,3.433
J 213,213,3217,280,1076,635,445,375,165,104,59,15,14,15,5,29,1991,985,178,34,29,3.491
J 249,249,70,25,9,7,5,9,5,2,1,0,0,0,2,5,41,19,3,2,5,3.241
J 314,314,1062,43,384,254,162,127,40,10,16,5,0,5,1,15,681,329,31,6,15,3.522
J 315H,315H,88,9,43,25,7,1,2,1,0,0,0,0,0,0,77,10,1,0,0,3.799
J 320,320,6567,754,1248,1614,1016,800,484,219,196,68,26,35,17,90,3616,2300,483,78,90,3.37
J 331,331,780,3,65,187,172,161,99,37,29,6,2,3,2,14,255,432,72,7,14,3.131
J 333,333,197,3,80,38,27,36,4,3,4,0,0,1,0,1,121,67,7,1,1,3.535
J 340,340,1272,204,172,154,143,176,136,112,88,37,23,11,6,10,530,455,237,40,10,3.131
J 342,342,2658,150,685,915,358,370,100,33,23,11,2,2,0,9,1750,828,67,4,9,3.549
J 350,350,5172,162,814,957,821,1092,476,270,292,100,44,44,13,87,1933,2389,662,101,87,3.132
J 352,352,1607,28,248,489,365,300,102,36,28,2,1,1,1,6,765,767,66,3,6,3.384
J 361,361,1278,15,281,293,243,224,106,50,44,5,2,7,0,8,589,573,99,9,8,3.325
J 365,365,806,1,115,188,230,152,60,33,17,2,0,0,0,8,304,442,52,0,8,3.288
J 371,371,636,8,97,175,159,94,57,25,13,4,0,0,0,4,280,310,42,0,4,3.331
J 377,377,104,30,29,16,14,3,2,1,6,0,0,1,0,2,75,19,7,1,2,3.568
J 385,385,4450,346,997,711,513,580,560,244,292,68,31,23,18,67,2054,1653,604,72,67,3.21
J 387,387,3636,208,1071,572,503,750,212,99,142,18,7,19,3,32,1851,1465,259,29,32,3.379
J 396,396,2580,129,423,598,424,453,312,96,65,24,9,9,6,32,1150,1189,185,24,32,3.27
J 397,397,4972,488,1373,514,492,1153,258,216,336,18,16,53,0,55,2375,1903,570,69,55,3.298
J 399,399,1020,40,260,260,161,147,57,28,38,8,4,4,1,12,560,365,74,9,12,3.384
J 400M,400M,18,7,3,1,1,1,2,0,0,1,0,1,0,1,11,4,1,1,1,3.228
J 408,408,512,56,242,131,42,26,7,0,3,0,0,0,0,5,429,75,3,0,5,3.746
J 410,410,279,22,81,82,32,35,6,4,4,3,0,1,0,9,185,73,11,1,9,3.461
J 411M,411M,199,5,45,57,47,25,9,7,3,1,0,0,0,0,107,81,11,0,0,3.463
J 412,412,4497,183,1038,1123,796,673,314,131,140,21,7,14,6,51,2344,1783,292,27,51,3.375
J 413,413,79,11,37,16,1,7,5,0,1,0,0,0,0,1,64,13,1,0,1,3.684
J 415,415,11,2,2,1,2,1,1,2,0,0,0,0,0,0,5,4,2,0,0,3.327
J 416,416,209,16,59,37,25,35,16,6,8,3,1,0,1,2,112,76,17,2,2,3.371
J 421,421,92,17,29,19,8,14,4,0,0,0,0,1,0,0,65,26,0,1,0,3.636
J 424H,424H,197,39,91,48,14,3,1,0,0,0,0,0,0,1,178,18,0,0,1,3.835
J 429,429,485,87,156,120,51,21,15,13,7,3,0,1,1,10,363,87,23,2,10,3.585
J 430,430,471,39,158,98,66,48,26,8,12,6,1,1,0,8,295,140,26,2,8,3.477
J 431,431,284,4,37,99,75,33,14,9,6,0,1,2,0,4,140,122,15,3,4,3.347
J 432,432,162,1,27,51,23,29,11,8,10,2,0,0,0,0,79,63,20,0,0,3.303
J 434,434,35,3,7,12,8,4,1,0,0,0,0,0,0,0,22,13,0,0,0,3.586
J 436,436,158,0,19,60,51,19,4,2,0,0,0,0,0,3,79,74,2,0,3,3.409
J 443,443,416,30,198,86,48,31,13,8,2,0,0,0,0,0,314,92,10,0,0,3.7
J 444,444,466,1,88,202,96,62,7,2,3,1,1,0,1,2,291,165,6,2,2,3.518
J 448,448,1929,114,746,498,246,217,48,14,44,1,0,0,0,1,1358,511,59,0,1,3.627
J 449,449,140,30,97,11,0,1,1,0,0,0,0,0,0,0,138,2,0,0,0,3.96
J 452,452,1536,84,261,399,337,277,102,29,32,2,1,2,1,9,744,716,63,4,9,3.394
J 453,453,1640,47,502,516,285,179,66,19,20,3,0,2,0,1,1065,530,42,2,1,3.568
J 454,454,1044,71,305,347,192,96,21,6,4,0,0,0,0,2,723,309,10,0,2,3.628
J 457,457,632,8,282,169,87,50,19,8,7,0,0,0,1,1,459,156,15,1,1,3.65
J 458,458,1379,93,357,399,215,179,67,29,22,5,1,0,0,12,849,461,56,1,12,3.498
J 459,459,163,10,40,51,34,13,9,5,1,0,0,0,0,0,101,56,6,0,0,3.544
J 460,460,5726,315,2022,1547,826,639,201,78,51,16,11,5,1,14,3884,1666,145,17,14,3.595
J 461,461,249,15,75,47,44,44,11,6,6,0,0,0,0,1,137,99,12,0,1,3.48
J 462,462,1199,7,279,321,253,206,63,25,20,4,1,3,0,17,607,522,49,4,17,3.389
J 463,463,934,33,279,248,137,126,48,21,21,6,2,5,0,8,560,311,48,7,8,3.462
J 466,466,312,12,77,89,61,38,16,7,4,1,0,1,0,6,178,115,12,1,6,3.431
J 467,467,933,52,254,224,156,91,59,42,25,12,3,4,1,10,530,306,79,8,10,3.404
J 468,468,74,2,31,22,12,4,2,1,0,0,0,0,0,0,55,18,1,0,0,3.685
J 469,469,58,16,27,3,4,6,1,0,1,0,0,0,0,0,46,11,1,0,0,3.776
J 472,472,39,1,5,15,7,7,2,0,2,0,0,0,0,0,21,16,2,0,0,3.41
J 473,473,21,1,5,1,5,3,2,3,1,0,0,0,0,0,7,10,4,0,0,3.214
J 475,475,162,13,72,40,21,11,4,0,1,0,0,0,0,0,125,36,1,0,0,3.723
J 477,477,13,1,6,3,1,0,1,0,0,0,0,0,0,1,10,2,0,0,1,3.469
J 480,480,992,98,380,245,131,78,28,17,9,0,1,3,0,2,723,237,26,4,2,3.651
J 482,482,17,10,3,0,2,0,1,0,0,0,0,1,0,0,13,3,0,1,0,3.665
J 483,483,119,0,24,37,31,21,2,2,0,1,0,0,0,1,61,54,3,0,1,3.445
J 494,494,2250,453,613,448,343,227,76,39,28,5,5,4,0,9,1514,646,72,9,9,3.602
J 495,495,74,7,15,17,12,16,3,0,3,1,0,0,0,0,39,31,4,0,0,3.436
J 496,496,694,113,201,73,52,119,41,25,33,3,4,6,4,20,387,212,61,14,20,3.326
J 508,508,141,0,31,53,29,17,5,4,1,0,1,0,0,0,84,51,5,1,0,3.495
J 557,557,21,0,11,5,4,1,0,0,0,0,0,0,0,0,16,5,0,0,0,3.748
J 560,560,55,26,21,3,3,1,0,0,1,0,0,0,0,0,50,4,1,0,0,3.891
J 561,561,45,0,12,16,12,5,0,0,0,0,0,0,0,0,28,17,0,0,0,3.596
J 562,562,71,2,21,22,9,6,5,2,2,0,0,2,0,0,45,20,4,2,0,3.454
J 563,563,73,2,19,27,11,9,4,1,0,0,0,0,0,0,48,24,1,0,0,3.566
J 580,580,23,10,9,1,1,2,0,0,0,0,0,0,0,0,20,3,0,0,0,3.87
J 583,583,11,1,3,5,0,2,0,0,0,0,0,0,0,0,9,2,0,0,0,3.682
J 594,594,15,4,6,4,1,0,0,0,0,0,0,0,0,0,14,1,0,0,0,3.873
J 607,607,193,65,97,23,3,3,1,0,1,0,0,0,0,0,185,7,1,0,0,3.921
J 608,608,10,0,2,0,3,3,2,0,0,0,0,0,0,0,2,8,0,0,0,3.23
J 610,610,195,27,89,43,17,8,7,0,2,0,0,0,1,1,159,32,2,1,1,3.727
J 611,611,358,44,162,69,46,28,6,1,1,1,0,0,0,0,275,80,3,0,0,3.735
J 612,612,28,2,11,9,5,0,1,0,0,0,0,0,0,0,22,6,0,0,0,3.732
J 613,613,19,0,11,7,0,1,0,0,0,0,0,0,0,0,18,1,0,0,0,3.837
J 614,614,15,0,9,5,0,1,0,0,0,0,0,0,0,0,14,1,0,0,0,3.833
J 616,616,81,37,41,2,0,0,0,0,1,0,0,0,0,0,80,0,1,0,0,3.968
J 618,618,22,7,4,4,4,2,0,0,1,0,0,0,0,0,15,6,1,0,0,3.636
J 621,621,80,2,34,18,13,10,3,0,0,0,0,0,0,0,54,26,0,0,0,3.645
J 623,623,27,0,12,5,6,1,2,0,1,0,0,0,0,0,17,9,1,0,0,3.581
J 624,624,162,13,61,51,19,12,0,4,0,1,0,0,0,1,125,31,5,0,1,3.669
J 626,626,37,0,12,25,0,0,0,0,0,0,0,0,0,0,37,0,0,0,0,3.797
J 627,627,12,0,6,4,2,0,0,0,0,0,0,0,0,0,10,2,0,0,0,3.783
J 628,628,10,0,2,4,2,2,0,0,0,0,0,0,0,0,6,4,0,0,0,3.54
J 629,629,29,4,14,5,0,4,1,0,1,0,0,0,0,0,23,5,1,0,0,3.697
J 641,641,81,6,39,26,8,1,1,0,0,0,0,0,0,0,71,10,0,0,0,3.806
J 642,642,107,6,53,30,6,6,5,1,0,0,0,0,0,0,89,17,1,0,0,3.744
J 646,646,10,0,4,5,0,0,0,0,1,0,0,0,0,0,9,0,1,0,0,3.65
J 654,654,24,6,13,4,1,0,0,0,0,0,0,0,0,0,23,1,0,0,0,3.921
J 656,656,24,1,10,10,1,2,0,0,0,0,0,0,0,0,21,3,0,0,0,3.762
J 664,664,17,4,9,1,1,0,0,0,0,2,0,0,0,0,14,1,2,0,0,3.671
J 669,669,13,2,3,1,3,1,2,0,1,0,0,0,0,0,6,6,1,0,0,3.385
JCOM 101,101,1020,392,202,133,80,72,44,13,18,15,5,8,2,36,727,196,46,15,36,3.504
JCOM 185M,185M,27,0,18,2,0,2,0,1,1,0,0,1,0,2,20,2,2,1,2,3.359
JCOM 201,201,1942,167,615,404,224,188,125,73,38,23,14,11,12,48,1186,537,134,37,48,3.39
JCOM 202,202,811,99,284,140,101,88,56,14,12,5,2,4,0,6,523,245,31,6,6,3.539
JCOM 220,220,47,9,20,9,5,1,2,0,0,0,0,0,0,1,38,8,0,0,1,3.706
JCOM 241,241,46,0,5,9,9,7,7,6,0,1,0,1,0,1,14,23,7,1,1,3.03
JCOM 280,280,202,25,27,40,30,20,16,13,5,8,1,4,1,12,92,66,26,6,12,3.058
JCOM 299,299,39,0,3,7,5,3,7,4,1,1,0,0,1,7,10,15,6,1,7,2.459
JCOM 301,301,880,177,196,189,91,96,57,30,20,11,2,3,1,7,562,244,61,6,7,3.486
JCOM 302,302,890,159,470,119,52,28,21,15,7,4,4,3,1,7,748,101,26,8,7,3.745
JCOM 303,303,743,57,416,54,51,108,17,13,21,0,1,0,1,4,527,176,34,2,4,3.639
JCOM 305,305,544,30,244,93,60,84,14,6,6,2,0,2,0,3,367,158,14,2,3,3.601
JCOM 306,306,402,0,96,173,46,29,22,13,6,4,2,1,0,10,269,97,23,3,10,3.419
JCOM 311,311,166,10,65,28,17,22,10,7,5,0,0,0,0,2,103,49,12,0,2,3.487
JCOM 312,312,13,0,0,5,2,1,4,0,1,0,0,0,0,0,5,7,1,0,0,3.146
JCOM 314,314,28,0,2,9,14,3,0,0,0,0,0,0,0,0,11,17,0,0,0,3.446
JCOM 315,315,25,2,8,12,2,0,0,0,0,0,0,0,0,1,22,2,0,0,1,3.64
JCOM 316,316,27,1,0,8,10,4,3,1,0,0,0,0,0,0,9,17,1,0,0,3.296
JCOM 318,318,26,5,8,4,5,3,1,0,0,0,0,0,0,0,17,9,0,0,0,3.654
JCOM 319,319,28,3,14,6,1,3,1,0,0,0,0,0,0,0,23,5,0,0,0,3.757
JCOM 321,321,11,2,3,4,0,2,0,0,0,0,0,0,0,0,9,2,0,0,0,3.709
JCOM 330,330,25,0,3,3,3,4,4,2,3,1,0,2,0,0,6,11,6,2,0,2.804
JCOM 331,331,138,0,30,39,33,15,13,6,2,0,0,0,0,0,69,61,8,0,0,3.414
JCOM 332,332,136,0,39,30,25,24,6,2,4,1,0,1,1,3,69,55,7,2,3,3.336
JCOM 341,341,54,0,7,16,10,6,12,0,3,0,0,0,0,0,23,28,3,0,0,3.27
JCOM 342,342,20,0,2,5,5,7,1,0,0,0,0,0,0,0,7,13,0,0,0,3.335
JCOM 345,345,55,1,18,11,7,13,3,2,0,0,0,0,0,0,30,23,2,0,0,3.482
JCOM 347,347,55,0,11,26,8,7,1,0,1,1,0,0,0,0,37,16,2,0,0,3.527
JCOM 350,350,426,71,234,106,12,3,0,0,0,0,0,0,0,0,411,15,0,0,0,3.899
JCOM 351,351,218,14,93,65,30,12,1,2,1,0,0,0,0,0,172,43,3,0,0,3.728
JCOM 352,352,194,29,57,52,26,21,5,1,1,0,0,1,0,1,138,52,2,1,1,3.629
JCOM 353,353,97,8,50,18,8,5,5,2,0,0,0,1,0,0,76,18,2,1,0,3.702
JCOM 354,354,24,8,10,2,1,1,1,1,0,0,0,0,0,0,20,3,1,0,0,3.779
JCOM 355,355,27,0,19,6,2,0,0,0,0,0,0,0,0,0,25,2,0,0,0,3.881
JCOM 356,356,51,0,7,11,16,8,3,3,2,0,0,0,0,1,18,27,5,0,1,3.225
JCOM 359,359,84,0,9,25,32,14,2,0,2,0,0,0,0,0,34,48,2,0,0,3.399
JCOM 360,360,48,12,24,12,0,0,0,0,0,0,0,0,0,0,48,0,0,0,0,3.925
JCOM 361,361,141,24,63,37,7,5,3,1,1,0,0,0,0,0,124,15,2,0,0,3.797
JCOM 365,365,70,14,11,19,11,9,1,1,0,2,0,0,0,2,44,21,3,0,2,3.457
JCOM 370,370,540,37,137,136,70,82,40,11,10,3,4,3,1,6,310,192,24,8,6,3.414
JCOM 371,371,183,0,24,60,47,38,7,4,1,2,0,0,0,0,84,92,7,0,0,3.391
JCOM 372,372,112,21,38,29,11,4,5,1,1,0,0,0,0,2,88,20,2,0,2,3.655
JCOM 385,385,49,11,18,8,6,2,3,0,1,0,0,0,0,0,37,11,1,0,0,3.704
JCOM 399,399,57,28,18,3,3,1,0,1,1,1,0,1,0,0,49,4,3,1,0,3.772
JCOM 408,408,36,7,14,8,3,3,1,0,0,0,0,0,0,0,29,7,0,0,0,3.756
JCOM 410,410,80,6,44,20,8,2,0,0,0,0,0,0,0,0,70,10,0,0,0,3.83
JCOM 411M,411M,18,0,5,9,4,0,0,0,0,0,0,0,0,0,14,4,0,0,0,3.694
JCOM 415,415,19,0,3,2,2,4,0,1,4,2,0,1,0,0,5,6,7,1,0,2.774
JCOM 416,416,12,0,0,2,3,2,4,0,0,1,0,0,0,0,2,9,1,0,0,2.983
JCOM 418,418,28,14,11,2,1,0,0,0,0,0,0,0,0,0,27,1,0,0,0,3.954
JCOM 419,419,26,0,14,12,0,0,0,0,0,0,0,0,0,0,26,0,0,0,0,3.862
JCOM 420,420,11,3,5,3,0,0,0,0,0,0,0,0,0,0,11,0,0,0,0,3.918
JCOM 421,421,12,0,5,1,2,1,0,2,0,0,0,0,0,1,6,3,2,0,1,3.158
JCOM 424,424,27,0,10,8,8,1,0,0,0,0,0,0,0,0,18,9,0,0,0,3.667
JCOM 426,426,21,0,3,6,5,1,3,0,1,1,0,0,0,1,9,9,2,0,1,3.119
JCOM 431,431,14,0,4,4,0,1,1,0,1,0,0,2,0,1,8,2,1,2,1,2.893
JCOM 435,435,54,0,12,11,6,13,6,3,1,1,0,0,0,1,23,25,5,0,1,3.228
JCOM 442,442,17,0,2,5,2,6,2,0,0,0,0,0,0,0,7,10,0,0,0,3.324
JCOM 454,454,28,0,14,10,2,0,1,0,1,0,0,0,0,0,24,3,1,0,0,3.725
JCOM 455,455,47,0,10,18,7,6,3,2,1,0,0,0,0,0,28,16,3,0,0,3.455
JCOM 456,456,31,15,8,6,2,0,0,0,0,0,0,0,0,0,29,2,0,0,0,3.897
JCOM 457,457,46,0,12,18,8,2,2,2,0,0,0,0,1,1,30,12,2,1,1,3.428
JCOM 461,461,242,14,84,79,33,23,8,1,0,0,0,0,0,0,177,64,1,0,0,3.662
JCOM 462,462,19,10,9,0,0,0,0,0,0,0,0,0,0,0,19,0,0,0,0,4.0
JCOM 468,468,16,0,5,6,2,1,1,1,0,0,0,0,0,0,11,4,1,0,0,3.55
JCOM 470,470,311,75,91,70,27,13,9,5,7,7,3,3,1,0,236,49,19,7,0,3.603
JCOM 471,471,135,24,43,30,19,13,3,0,1,1,0,0,0,1,97,35,2,0,1,3.648
JCOM 472,472,67,26,33,5,2,1,0,0,0,0,0,0,0,0,64,3,0,0,0,3.942
JCOM 473,473,29,20,7,0,2,0,0,0,0,0,0,0,0,0,27,2,0,0,0,3.952
JCOM 474,474,24,2,18,2,0,0,1,0,1,0,0,0,0,0,22,1,1,0,0,3.838
JCOM 476,476,34,0,13,16,1,3,1,0,0,0,0,0,0,0,29,5,0,0,0,3.712
JCOM 477,477,54,0,44,8,1,1,0,0,0,0,0,0,0,0,52,2,0,0,0,3.924
JCOM 478,478,30,11,11,6,1,0,0,1,0,0,0,0,0,0,28,1,1,0,0,3.86
JCOM 480,480,25,2,4,8,3,2,4,2,0,0,0,0,0,0,14,9,2,0,0,3.396
JCOM 485,485,23,0,14,2,1,1,2,1,1,1,0,0,0,0,16,4,3,0,0,3.526
JCOM 510,510,19,4,8,6,0,1,0,0,0,0,0,0,0,0,18,1,0,0,0,3.853
JCOM 557,557,19,1,13,4,0,0,0,0,1,0,0,0,0,0,18,0,1,0,0,3.832
JCOM 607,607,21,0,12,8,0,0,1,0,0,0,0,0,0,0,20,1,0,0,0,3.824
JCOM 610,610,44,6,22,7,7,2,0,0,0,0,0,0,0,0,35,9,0,0,0,3.795
JCOM 611,611,35,0,20,14,0,1,0,0,0,0,0,0,0,0,34,1,0,0,0,3.851
JCOM 613,613,13,0,7,6,0,0,0,0,0,0,0,0,0,0,13,0,0,0,0,3.862
JCOM 624,624,15,5,5,3,0,0,1,0,0,0,0,1,0,0,13,1,0,1,0,3.653
JCOM 629,629,25,0,8,8,2,1,5,0,0,0,0,0,0,1,16,8,0,0,1,3.388
JCOM 664,664,20,4,11,2,1,1,0,0,1,0,0,0,0,0,17,2,1,0,0,3.785
JCOM 665,665,18,0,12,3,2,0,0,0,0,0,0,0,1,0,15,2,0,1,0,3.689
JDST 212,212,220,19,82,34,25,26,9,8,10,1,0,2,0,4,135,60,19,2,4,3.44
JDST 213,213,189,38,60,27,34,15,3,1,4,2,0,1,1,3,125,52,7,2,3,3.559
JDST 330,330,185,25,55,30,24,24,10,4,6,1,0,3,1,2,110,58,11,4,2,3.437
JDST 340,340,31,3,6,4,6,6,4,2,0,0,0,0,0,0,13,16,2,0,0,3.355
JDST 352,352,35,4,4,9,6,5,1,1,1,2,2,0,0,0,17,12,4,2,0,3.231
JDST 353,353,78,8,30,19,3,10,1,2,1,1,0,1,0,2,57,14,4,1,2,3.515
JDST 354,354,72,9,20,21,8,5,4,1,0,0,0,0,0,4,50,17,1,0,4,3.447
JDST 410,410,14,3,7,3,0,1,0,0,0,0,0,0,0,0,13,1,0,0,0,3.864
JPN 101,101,1676,519,395,178,146,131,72,55,63,27,25,18,7,40,1092,349,145,50,40,3.423
JPN 102,102,1288,339,257,152,128,122,88,52,56,38,17,10,4,25,748,338,146,31,25,3.341
JPN 103,103,1057,193,194,140,100,130,82,58,69,29,15,10,2,35,527,312,156,27,35,3.178
JPN 199,199,58,15,21,8,6,6,0,0,1,0,0,0,0,1,44,12,1,0,1,3.679
JPN 201,201,903,104,210,153,97,118,70,60,36,22,11,10,3,9,467,285,118,24,9,3.277
JPN 202,202,859,135,201,127,102,104,76,34,33,20,12,4,2,9,463,282,87,18,9,3.337
JPN 203,203,790,108,162,103,80,110,62,42,53,37,14,6,0,13,373,252,132,20,13,3.18
JPN 250,250,373,47,79,90,44,31,22,21,8,14,3,1,2,11,216,97,43,6,11,3.295
JPN 301,301,558,70,136,89,76,74,45,20,26,13,3,5,1,0,295,195,59,9,0,3.364
JPN 302,302,498,67,132,82,53,67,45,20,19,9,1,3,0,0,281,165,48,4,0,3.414
JPN 303,303,472,73,108,79,53,58,30,33,22,10,1,2,1,2,260,141,65,4,2,3.362
JPN 305,305,384,36,47,76,39,51,43,18,25,27,6,3,7,6,159,133,70,16,6,3.031
JPN 306,306,593,83,207,53,24,109,41,11,40,6,5,0,3,11,343,174,57,8,11,3.368
JPN 307,307,602,74,180,84,54,73,43,21,25,19,5,5,5,14,338,170,65,15,14,3.299
JPN 315,315,194,20,45,29,24,44,9,4,10,4,1,2,1,1,94,77,18,4,1,3.313
JPN 320,320,20,6,7,2,0,2,0,0,0,3,0,0,0,0,15,2,3,0,0,3.525
JPN 399,399,156,15,49,17,17,15,12,6,9,2,3,3,3,5,81,44,17,9,5,3.183
JPN 407,407,39,5,9,11,7,3,2,2,0,0,0,0,0,0,25,12,2,0,0,3.559
JPN 410,410,258,30,98,33,23,34,9,11,10,3,1,4,0,2,161,66,24,5,2,3.457
JPN 411,411,261,33,46,47,32,32,28,19,10,8,3,1,0,2,126,92,37,4,2,3.254
JPN 412,412,194,13,24,24,16,36,29,16,20,11,0,2,0,3,61,81,47,2,3,2.956
JPN 413,413,104,17,16,11,10,18,12,11,5,4,0,0,0,0,44,40,20,0,0,3.213
JPN 414,414,207,13,54,36,28,23,13,12,16,7,0,3,1,1,103,64,35,4,1,3.251
JPN 415,415,163,15,44,26,14,23,18,8,8,3,0,1,2,1,85,55,19,3,1,3.3
JPN 416,416,126,16,24,30,14,14,9,5,10,2,0,1,0,1,70,37,17,1,1,3.329
JPN 434,434,23,1,6,2,6,2,1,2,2,1,0,0,0,0,9,9,5,0,0,3.226
JPN 435,435,10,0,2,1,1,2,1,2,1,0,0,0,0,0,3,4,3,0,0,3.03
JPN 436,436,11,0,4,1,0,5,0,0,1,0,0,0,0,0,5,5,1,0,0,3.336
JPN 455,455,54,12,24,5,5,4,1,2,1,0,0,0,0,0,41,10,3,0,0,3.709
JPN 471,471,49,3,15,13,10,3,4,0,0,0,0,0,0,1,31,17,0,0,1,3.529
JPN 473,473,74,33,18,11,5,4,0,2,0,0,0,0,0,1,62,9,2,0,1,3.754
JPN 480,480,57,10,12,13,5,8,4,1,0,2,0,1,0,1,35,17,3,1,1,3.405
KRN 101,101,787,253,179,102,65,68,35,19,25,21,4,6,0,10,534,168,65,10,10,3.506
KRN 102,102,616,211,134,73,52,64,39,21,10,5,1,0,1,5,418,155,36,2,5,3.568
KRN 103,103,574,172,130,87,56,47,24,17,21,13,1,0,1,5,389,127,51,2,5,3.529
KRN 151,151,117,4,20,19,25,15,15,9,3,5,1,0,0,1,43,55,17,1,1,3.169
KRN 151M,151M,77,1,31,9,14,3,7,5,5,0,1,0,1,0,41,24,10,2,0,3.362
KRN 201,201,435,75,116,66,53,38,30,28,15,7,1,0,0,6,257,121,50,1,6,3.415
KRN 202,202,384,93,102,70,39,33,15,18,5,6,1,0,0,2,265,87,29,1,2,3.568
KRN 203,203,350,93,86,54,33,37,8,16,11,5,2,1,2,2,233,78,32,5,2,3.513
KRN 301,301,174,36,49,31,21,14,10,5,4,2,0,0,1,1,116,45,11,1,1,3.544
KRN 302,302,157,34,51,30,21,11,6,2,0,0,1,0,1,0,115,38,2,2,0,3.669
KRN 303,303,121,22,34,22,17,12,4,3,5,2,0,0,0,0,78,33,10,0,0,3.542
KRN 309,309,226,31,45,30,41,34,13,8,7,3,0,3,2,9,106,88,18,5,9,3.227
KRN 315,315,118,23,32,7,22,15,2,6,5,0,1,2,1,2,62,39,11,4,2,3.362
KRN 360,360,39,2,15,12,3,4,2,1,0,0,0,0,0,0,29,9,1,0,0,3.641
KRN 361,361,296,12,61,73,58,40,21,10,8,3,1,2,2,5,146,119,21,5,5,3.307
KRN 362M,362M,54,4,12,20,14,2,0,0,0,1,0,0,0,1,36,16,1,0,1,3.554
KRN 410,410,94,8,28,20,15,9,4,3,0,1,0,0,2,4,56,28,4,2,4,3.354
LA 199,199,20,0,6,4,5,3,1,1,0,0,0,0,0,0,10,9,1,0,0,3.465
LA 227,227,140,40,48,25,5,6,4,3,3,1,1,2,1,1,113,15,7,4,1,3.631
LA 260,260,1215,253,529,129,76,117,34,20,21,9,6,7,0,14,911,227,50,13,14,3.635
LA 326,326,310,54,88,35,23,33,15,22,20,2,1,2,0,15,177,71,44,3,15,3.259
LA 327,327,151,13,41,12,11,29,6,10,17,2,1,0,0,9,66,46,29,1,9,3.057
LA 328,328,181,20,88,16,15,20,6,1,8,1,2,0,0,4,124,41,10,2,4,3.533
LA 333,333,65,1,11,15,9,7,9,4,2,3,1,1,0,2,27,25,9,2,2,3.063
LA 337,337,1037,185,339,133,82,140,28,25,44,9,10,11,2,29,657,250,78,23,29,3.414
LA 352,352,37,4,14,6,6,1,1,2,1,1,0,0,1,0,24,8,4,1,0,3.478
LA 362,362,99,12,32,20,16,9,3,1,1,1,1,0,0,3,64,28,3,1,3,3.487
LA 366,366,131,6,39,15,8,44,5,5,8,1,0,0,0,0,60,57,14,0,0,3.333
LA 375,375,107,23,31,13,13,11,6,4,3,1,0,1,0,1,67,30,8,1,1,3.496
LA 390,390,2509,356,1069,349,154,294,87,40,73,25,6,16,8,32,1774,535,138,30,32,3.558
LA 407,407,20,2,6,6,5,0,0,0,0,1,0,0,0,0,14,5,1,0,0,3.62
LA 408,408,26,1,12,9,4,0,0,0,0,0,0,0,0,0,22,4,0,0,0,3.788
LA 410,410,462,67,110,101,56,62,25,9,11,3,2,1,3,12,278,143,23,6,12,3.406
LA 413,413,281,27,70,44,35,39,18,10,24,5,1,0,0,8,141,92,39,1,8,3.248
LA 415,415,149,45,42,13,9,10,8,2,6,1,0,1,0,12,100,27,9,1,12,3.334
LA 417,417,27,5,10,5,2,3,0,0,1,0,0,0,0,1,20,5,1,0,1,3.559
LA 423,423,24,1,3,7,11,2,0,0,0,0,0,0,0,0,11,13,0,0,0,3.508
LA 429,429,103,28,47,11,5,7,2,0,2,0,0,0,0,1,86,14,2,0,1,3.763
LA 440,440,81,3,23,10,8,14,12,1,7,1,0,0,0,2,36,34,9,0,2,3.207
LA 441,441,113,5,32,24,24,16,8,0,2,1,0,0,0,1,61,48,3,0,1,3.463
LA 450,450,43,4,13,5,6,6,4,0,1,0,0,0,0,4,22,16,1,0,4,3.188
LA 451,451,20,6,14,0,0,0,0,0,0,0,0,0,0,0,20,0,0,0,0,4.0
LA 452,452,56,13,13,13,7,5,2,1,2,0,0,0,0,0,39,14,3,0,0,3.605
LA 453,453,67,12,26,5,4,10,1,3,1,0,0,0,0,5,43,15,4,0,5,3.363
LA 459,459,170,70,51,23,6,9,0,4,2,1,0,0,0,4,144,15,7,0,4,3.711
LA 462,462,25,8,10,3,1,1,0,1,0,1,0,0,0,0,21,2,2,0,0,3.736
LA 464,464,26,3,9,1,1,6,3,0,2,1,0,0,0,0,13,10,3,0,0,3.338
LA 465,465,26,0,10,1,2,5,0,2,5,0,0,0,0,1,11,7,7,0,1,3.073
LA 466,466,14,0,5,3,1,3,0,1,0,0,0,0,0,1,8,4,1,0,1,3.264
LA 472,472,45,10,16,4,3,6,1,1,2,0,0,0,0,2,30,10,3,0,2,3.46
LA 474,474,184,48,46,26,9,25,9,2,8,3,1,1,2,4,120,43,13,4,4,3.427
LA 475,475,129,19,51,9,9,18,7,4,3,3,1,1,0,4,79,34,10,2,4,3.399
LA 484,484,21,0,4,4,7,5,1,0,0,0,0,0,0,0,8,13,0,0,0,3.41
LA 490,490,37,1,5,7,14,4,1,1,3,1,0,0,0,0,13,19,5,0,0,3.265
LA 507,507,27,5,8,7,4,1,2,0,0,0,0,0,0,0,20,7,0,0,0,3.685
LA 510,510,159,16,55,34,17,25,5,2,1,2,0,0,0,2,105,47,5,0,2,3.55
LA 513,513,88,2,36,28,9,12,1,0,0,0,0,0,0,0,66,22,0,0,0,3.682
LA 515,515,82,11,48,8,7,7,0,1,0,0,0,0,0,0,67,14,1,0,0,3.805
LA 517,517,23,9,9,1,2,1,0,0,0,0,0,0,0,1,19,3,0,0,1,3.709
LA 540,540,53,16,28,2,4,3,0,0,0,0,0,0,0,0,46,7,0,0,0,3.879
LA 541,541,81,16,22,21,15,7,0,0,0,0,0,0,0,0,59,22,0,0,0,3.706
LA 550,550,37,9,19,5,2,2,0,0,0,0,0,0,0,0,33,4,0,0,0,3.868
LA 551,551,29,7,18,2,1,1,0,0,0,0,0,0,0,0,27,2,0,0,0,3.921
LA 552,552,27,11,11,3,1,1,0,0,0,0,0,0,0,0,25,2,0,0,0,3.904
LA 553,553,23,12,7,2,1,0,1,0,0,0,0,0,0,0,21,2,0,0,0,3.887
LA 559,559,76,13,30,23,5,3,0,1,0,0,0,0,0,1,66,8,1,0,1,3.749
LA 562,562,20,0,11,4,2,1,2,0,0,0,0,0,0,0,15,5,0,0,0,3.69
LA 564,564,32,13,16,0,1,1,0,1,0,0,0,0,0,0,29,2,1,0,0,3.894
LA 565,565,15,7,5,2,0,1,0,0,0,0,0,0,0,0,14,1,0,0,0,3.893
LA 566,566,25,3,12,3,5,1,1,0,0,0,0,0,0,0,18,7,0,0,0,3.732
LA 572,572,9,4,5,0,0,0,0,0,0,0,0,0,0,0,9,0,0,0,0,4.0
LA 574,574,66,26,23,7,3,5,1,0,0,0,0,0,0,1,56,9,0,0,1,3.78
LA 575,575,84,28,40,7,2,4,3,0,0,0,0,0,0,0,75,9,0,0,0,3.864
LA 608,608,24,5,14,4,0,0,1,0,0,0,0,0,0,0,23,1,0,0,0,3.896
LA 610,610,14,0,3,8,1,2,0,0,0,0,0,0,0,0,11,3,0,0,0,3.636
LA 699,699,139,16,67,24,20,4,6,0,0,0,0,0,0,2,107,30,0,0,2,3.705
LAS 199,199,13,5,5,2,1,0,0,0,0,0,0,0,0,0,12,1,0,0,0,3.9
LAS 200,200,293,38,80,80,29,26,16,3,6,0,0,1,0,14,198,71,9,1,14,3.429
LAS 211,211,131,22,24,36,14,15,9,2,3,0,1,0,1,4,82,38,5,2,4,3.399
LAS 212,212,25,5,10,7,0,1,0,0,1,0,0,1,0,0,22,1,1,1,0,3.676
LAS 407,407,58,8,25,12,5,2,2,1,0,0,0,0,0,3,45,9,1,0,3,3.562
LAT 101,101,244,15,62,24,27,26,17,7,20,12,5,9,9,11,101,70,39,23,11,2.902
LAT 102,102,116,3,24,13,12,14,12,12,3,8,6,3,1,5,40,38,23,10,5,2.834
LAT 103,103,113,5,39,12,15,18,7,5,4,3,3,1,0,1,56,40,12,4,1,3.295
LAT 301,301,83,5,18,11,6,14,9,4,7,2,0,0,0,7,34,29,13,0,7,2.957
LAT 302,302,73,4,23,10,11,5,6,3,6,2,1,1,1,0,37,22,11,3,0,3.258
LAT 303,303,71,1,12,11,14,10,8,5,4,2,0,0,1,3,24,32,11,1,3,3.015
LAW 101,101,2269,146,815,256,197,416,108,96,121,32,16,23,4,39,1217,721,249,43,39,3.325
LAW 102,102,1819,78,504,152,195,447,152,110,136,14,11,13,1,6,734,794,260,25,6,3.223
LAW 103,103,1175,138,306,116,87,244,81,38,89,22,16,14,5,19,560,412,149,35,19,3.221
LAW 104,104,589,39,181,58,59,87,40,34,42,16,10,7,3,13,278,186,92,20,13,3.175
LAW 199,199,165,2,42,20,29,36,5,9,13,2,0,2,0,5,64,70,24,2,5,3.147
LAW 201,201,803,124,317,132,74,71,39,7,12,5,2,1,1,18,573,184,24,4,18,3.571
LAW 202,202,501,19,74,94,90,66,48,28,29,19,2,11,4,17,187,204,76,17,17,3.025
LAW 203,203,442,26,116,71,41,77,37,19,18,12,2,3,3,17,213,155,49,8,17,3.178
LAW 204,204,585,88,182,83,65,77,25,12,26,6,1,3,0,17,353,167,44,4,17,3.409
LAW 250,250,159,23,80,19,6,14,4,2,8,1,1,0,0,1,122,24,11,1,1,3.638
LAW 301,301,352,40,67,72,61,47,35,19,6,1,0,1,2,1,179,143,26,3,1,3.384
LAW 304,304,192,9,60,46,33,23,4,5,0,5,1,1,0,5,115,60,10,2,5,3.423
LAW 305,305,21,0,5,5,1,5,3,0,1,0,0,1,0,0,10,9,1,1,0,3.233
LAW 310,310,180,10,56,32,21,33,9,11,5,1,1,0,0,1,98,63,17,1,1,3.407
LAW 399,399,141,2,20,32,31,28,19,7,1,1,0,0,0,0,54,78,9,0,0,3.289
LAW 410,410,856,37,311,136,81,157,35,24,47,5,1,9,0,13,484,273,76,10,13,3.383
LAW 415,415,283,26,46,53,43,31,24,19,12,7,7,4,3,8,125,98,38,14,8,3.105
LAW 416,416,111,4,20,22,9,22,11,4,11,1,0,4,0,3,46,42,16,4,3,3.06
LAW 417,417,40,1,10,3,2,21,0,1,2,0,0,0,0,0,14,23,3,0,0,3.275
LAW 600,600,33,2,15,7,5,4,0,0,0,0,0,0,0,0,24,9,0,0,0,3.709
LAW 607,607,135,10,37,35,25,17,7,3,1,0,0,0,0,0,82,49,4,0,0,3.547
LAW 610,610,3236,221,870,691,546,425,235,121,80,29,6,7,0,5,1782,1206,230,13,5,3.441
LAW 611,611,1365,25,138,166,210,269,222,164,109,33,1,21,0,7,329,701,306,22,7,2.959
LAW 613,613,1334,11,73,116,257,425,241,77,80,43,2,7,0,2,200,923,200,9,2,2.968
LAW 614,614,11,0,1,4,4,2,0,0,0,0,0,0,0,0,5,6,0,0,0,3.455
LAW 615,615,1474,10,125,146,257,366,275,120,98,51,4,17,0,5,281,898,269,21,5,2.951
LAW 617,617,1300,3,76,163,254,364,264,57,66,33,4,11,0,5,242,882,156,15,5,2.998
LAW 618,618,1176,13,132,137,171,236,211,124,86,35,14,16,0,1,282,618,245,30,1,2.959
LAW 619,619,193,0,50,56,42,28,10,2,5,0,0,0,0,0,106,80,7,0,0,3.479
LAW 620,620,944,61,123,166,220,180,125,48,13,5,0,3,0,0,350,525,66,3,0,3.286
LAW 622,622,1338,21,106,156,170,210,275,164,117,81,11,10,0,17,283,655,362,21,17,2.834
LAW 623,623,1166,33,109,138,173,207,215,119,91,45,22,9,0,5,280,595,255,31,5,2.934
LAW 624,624,110,39,51,13,3,2,2,0,0,0,0,0,0,0,103,7,0,0,0,3.904
LAW 625,625,11,0,2,2,4,1,2,0,0,0,0,0,0,0,4,7,0,0,0,3.364
LAW 626,626,63,3,15,12,16,11,5,0,1,0,0,0,0,0,30,32,1,0,0,3.456
LAW 627,627,84,1,28,12,15,13,8,6,0,1,0,0,0,0,41,36,7,0,0,3.405
LAW 628,628,67,7,26,5,21,5,3,0,0,0,0,0,0,0,38,29,0,0,0,3.625
LAW 629,629,136,2,28,25,29,31,15,5,0,0,0,1,0,0,55,75,5,1,0,3.34
LAW 630,630,59,7,26,16,6,1,1,0,2,0,0,0,0,0,49,8,2,0,0,3.741
LAW 632,632,286,6,40,50,61,48,39,25,13,3,1,0,0,0,96,148,41,1,0,3.18
LAW 633,633,31,5,15,6,4,1,0,0,0,0,0,0,0,0,26,5,0,0,0,3.819
LAW 634,634,144,10,41,61,23,6,3,0,0,0,0,0,0,0,112,32,0,0,0,3.692
LAW 635,635,54,1,15,3,8,5,8,8,6,0,0,0,0,0,19,21,14,0,0,3.12
LAW 636,636,321,9,59,56,62,74,37,12,9,3,0,0,0,0,124,173,24,0,0,3.291
LAW 637,637,839,21,143,124,180,191,74,51,42,11,0,1,0,1,288,445,104,1,1,3.221
LAW 640,640,69,1,13,8,10,21,12,3,1,0,0,0,0,0,22,43,4,0,0,3.23
LAW 641,641,40,0,9,8,8,6,7,2,0,0,0,0,0,0,17,21,2,0,0,3.338
LAW 642,642,106,6,39,12,18,10,10,5,3,2,1,0,0,0,57,38,10,1,0,3.425
LAW 643,643,1322,21,116,133,183,312,256,110,99,50,17,14,0,11,270,751,259,31,11,2.907
LAW 644,644,1222,35,204,199,214,294,138,50,50,28,5,4,0,1,438,646,128,9,1,3.213
LAW 645,645,81,3,16,20,18,14,9,1,0,0,0,0,0,0,39,41,1,0,0,3.432
LAW 646,646,106,4,21,19,23,20,14,3,2,0,0,0,0,0,44,57,5,0,0,3.348
LAW 647,647,49,0,3,17,11,17,1,0,0,0,0,0,0,0,20,29,0,0,0,3.365
LAW 648,648,170,0,34,46,39,34,14,2,1,0,0,0,0,0,80,87,3,0,0,3.419
LAW 649,649,1190,29,220,248,272,237,133,23,15,9,0,3,0,1,497,642,47,3,1,3.347
LAW 651,651,85,10,63,10,1,1,0,0,0,0,0,0,0,0,83,2,0,0,0,3.945
LAW 652,652,1235,19,220,248,276,247,178,25,14,6,0,0,0,2,487,701,45,0,2,3.321
LAW 653,653,29,2,9,9,6,2,0,0,0,0,0,0,0,1,20,8,0,0,1,3.555
LAW 655,655,356,11,44,37,82,91,44,22,15,8,0,1,0,1,92,217,45,1,1,3.131
LAW 658,658,174,24,36,34,39,28,7,1,0,4,0,1,0,0,94,74,5,1,0,3.491
LAW 659,659,89,16,19,22,13,12,5,1,1,0,0,0,0,0,57,30,2,0,0,3.574
LAW 660,660,255,2,33,53,85,54,25,3,0,0,0,0,0,0,88,164,3,0,0,3.345
LAW 661,661,95,1,17,16,20,22,14,3,2,0,0,0,0,0,34,56,5,0,0,3.283
LAW 662,662,88,6,14,19,14,14,10,4,4,1,2,0,0,0,39,38,9,2,0,3.261
LAW 664,664,467,16,81,66,89,121,31,24,26,9,0,3,0,1,163,241,59,3,1,3.208
LAW 665,665,60,3,12,16,11,8,5,2,2,1,0,0,0,0,31,24,5,0,0,3.388
LAW 667,667,221,4,35,80,66,26,8,2,0,0,0,0,0,0,119,100,2,0,0,3.502
LAW 668,668,177,24,40,30,33,27,15,4,3,1,0,0,0,0,94,75,8,0,0,3.471
LAW 669,669,208,0,54,35,54,40,14,1,8,1,0,1,0,0,89,108,10,1,0,3.377
LAW 671,671,167,3,57,44,29,24,4,1,3,1,0,1,0,0,104,57,5,1,0,3.547
LAW 673,673,43,7,7,7,3,7,4,7,1,0,0,0,0,0,21,14,8,0,0,3.295
LAW 674,674,67,5,30,25,5,1,0,1,0,0,0,0,0,0,60,6,1,0,0,3.796
LAW 678,678,158,12,60,44,26,10,5,1,0,0,0,0,0,0,116,41,1,0,0,3.686
LAW 679,679,166,36,64,27,27,10,1,0,0,1,0,0,0,0,127,38,1,0,0,3.755
LAW 680,680,434,15,60,63,84,83,65,45,12,7,0,0,0,0,138,232,64,0,0,3.166
LAW 681,681,87,4,18,24,15,10,8,2,2,4,0,0,0,0,46,33,8,0,0,3.371
LAW 683,683,46,0,19,8,7,12,0,0,0,0,0,0,0,0,27,19,0,0,0,3.58
LAW 684,684,486,81,75,74,75,82,54,29,8,6,1,0,0,1,230,211,43,1,1,3.357
LAW 685,685,459,11,101,82,73,111,62,10,8,0,0,1,0,0,194,246,18,1,0,3.339
LAW 687,687,17,0,3,2,3,3,4,1,0,0,0,0,1,0,5,10,1,1,0,3.065
LAW 690,690,29,8,11,5,4,1,0,0,0,0,0,0,0,0,24,5,0,0,0,3.817
LAW 693,693,10,2,3,0,0,3,1,1,0,0,0,0,0,0,5,4,1,0,0,3.4
LAW 694,694,208,23,59,47,50,22,5,1,0,1,0,0,0,0,129,77,2,0,0,3.608
LAW 695,695,170,20,55,46,38,9,1,1,0,0,0,0,0,0,121,48,1,0,0,3.692
LAW 697,697,54,9,20,8,6,6,4,0,1,0,0,0,0,0,37,16,1,0,0,3.633
LAW 698,698,87,2,19,35,17,12,2,0,0,0,0,0,0,0,56,31,0,0,0,3.575
LAW 707,707,105,3,32,59,6,5,0,0,0,0,0,0,0,0,94,11,0,0,0,3.744
LAW 712,712,12,0,6,4,1,0,1,0,0,0,0,0,0,0,10,2,0,0,0,3.733
LAW 715,715,68,0,19,14,32,3,0,0,0,0,0,0,0,0,33,35,0,0,0,3.565
LAW 717,717,20,4,3,12,1,0,0,0,0,0,0,0,0,0,19,1,0,0,0,3.785
LAW 722,722,71,0,10,17,23,15,5,0,0,0,0,0,0,1,27,43,0,0,1,3.342
LAW 724,724,31,13,10,4,2,2,0,0,0,0,0,0,0,0,27,4,0,0,0,3.852
LAW 725,725,30,1,9,12,6,2,0,0,0,0,0,0,0,0,22,8,0,0,0,3.673
LAW 726,726,67,23,23,17,4,0,0,0,0,0,0,0,0,0,63,4,0,0,0,3.882
LAW 728,728,40,0,5,13,8,11,3,0,0,0,0,0,0,0,18,22,0,0,0,3.39
LAW 730,730,22,1,8,8,3,1,1,0,0,0,0,0,0,0,17,5,0,0,0,3.691
LAW 731,731,27,0,9,8,4,4,1,1,0,0,0,0,0,0,17,9,1,0,0,3.548
LAW 732,732,11,1,4,4,1,1,0,0,0,0,0,0,0,0,9,2,0,0,0,3.736
LAW 734,734,40,2,9,28,1,0,0,0,0,0,0,0,0,0,39,1,0,0,0,3.773
LAW 744,744,23,1,5,6,5,4,1,0,1,0,0,0,0,0,12,10,1,0,0,3.452
LAW 745,745,19,6,12,1,0,0,0,0,0,0,0,0,0,0,19,0,0,0,0,3.984
LAW 746,746,39,6,13,10,5,4,1,0,0,0,0,0,0,0,29,10,0,0,0,3.697
LAW 747,747,81,0,43,19,10,7,2,0,0,0,0,0,0,0,62,19,0,0,0,3.725
LAW 749,749,106,8,12,12,11,21,22,12,6,2,0,0,0,0,32,54,20,0,0,3.076
LAW 760,760,341,4,97,104,81,45,9,0,1,0,0,0,0,0,205,135,1,0,0,3.57
LAW 791,791,49,8,12,9,8,6,3,2,1,0,0,0,0,0,29,17,3,0,0,3.518
LAW 792,792,37,4,12,10,9,0,0,1,0,0,1,0,0,0,26,9,1,1,0,3.63
LAW 793,793,186,16,46,44,36,26,10,6,2,0,0,0,0,0,106,72,8,0,0,3.508
LAW 794,794,84,7,18,16,19,12,7,3,1,1,0,0,0,0,41,38,5,0,0,3.421
LAW 796,796,79,15,34,25,3,2,0,0,0,0,0,0,0,0,74,5,0,0,0,3.853
LAW 797,797,32,0,6,11,12,1,2,0,0,0,0,0,0,0,17,15,0,0,0,3.522
LIB 199,199,23,0,7,1,1,5,2,3,4,0,0,0,0,0,8,8,7,0,0,3.057
LIB 350M,350M,26,15,8,2,1,0,0,0,0,0,0,0,0,0,25,1,0,0,0,3.95
LIB 410,410,12,6,5,1,0,0,0,0,0,0,0,0,0,0,12,0,0,0,0,3.975
LING 101,101,1222,64,273,141,153,223,101,83,54,44,3,33,1,49,478,477,181,37,49,3.05
LING 144,144,571,125,122,104,38,47,31,14,25,14,7,8,4,32,351,116,53,19,32,3.238
LING 150,150,8211,793,2138,1318,838,1022,464,346,436,226,43,218,11,358,4249,2324,1008,272,358,3.169
LING 199,199,110,11,40,15,5,19,6,3,6,1,0,0,0,4,66,30,10,0,4,3.362
LING 201,201,1294,80,446,165,130,172,65,50,60,34,11,20,5,56,691,367,144,36,56,3.219
LING 211,211,458,19,118,53,54,48,33,19,31,35,6,10,4,28,190,135,85,20,28,2.928
LING 225,225,166,11,25,16,10,29,12,9,19,7,1,6,1,20,52,51,35,8,20,2.616
LING 294,294,327,28,107,61,29,43,19,6,12,7,1,1,0,13,196,91,25,2,13,3.345
LING 296,296,734,91,116,107,102,84,50,48,33,28,10,15,7,43,314,236,109,32,43,3.003
LING 297,297,283,56,56,40,23,29,15,16,15,13,0,7,0,13,152,67,44,7,13,3.164
LING 301,301,718,81,187,94,77,102,43,35,36,14,3,10,6,30,362,222,85,19,30,3.19
LING 302,302,609,39,204,94,59,69,40,17,21,26,2,4,3,31,337,168,64,9,31,3.224
LING 311,311,151,2,32,21,18,27,9,15,10,7,3,4,1,2,55,54,32,8,2,3.003
LING 312,312,164,1,57,28,19,19,11,5,8,5,0,0,0,11,86,49,18,0,11,3.177
LING 396,396,151,17,37,13,10,24,10,6,14,4,3,2,0,11,67,44,24,5,11,2.984
LING 399,399,100,10,23,27,13,11,4,2,5,1,0,0,0,4,60,28,8,0,4,3.349
LING 407,407,116,12,42,9,15,17,4,4,5,3,0,1,0,4,63,36,12,1,4,3.327
LING 409,409,116,9,57,32,8,4,4,1,0,0,0,0,1,0,98,16,1,1,0,3.747
LING 410,410,206,16,110,27,10,26,7,4,3,0,0,0,0,3,153,43,7,0,3,3.636
LING 411,411,237,9,72,27,24,36,14,9,18,8,1,5,1,13,108,74,35,7,13,3.064
LING 415,415,140,30,41,23,9,14,4,4,3,2,0,3,0,7,94,27,9,3,7,3.38
LING 416,416,91,16,28,10,3,15,6,2,4,2,0,1,0,4,54,24,8,1,4,3.309
LING 435,435,228,6,56,36,28,24,27,14,19,3,3,4,1,7,98,79,36,8,7,3.081
LING 444,444,378,23,203,45,17,41,9,5,8,6,4,3,0,14,271,67,19,7,14,3.492
LING 450,450,188,7,47,20,20,35,11,10,17,12,0,1,0,8,74,66,39,1,8,3.027
LING 451,451,213,10,52,19,16,50,9,8,28,4,1,5,2,9,81,75,40,8,9,2.978
LING 452,452,33,0,10,3,4,9,0,2,4,1,0,0,0,0,13,13,7,0,0,3.2
LING 460,460,126,9,23,16,21,25,10,7,8,4,0,1,0,2,48,56,19,1,2,3.162
LING 491,491,202,14,64,38,26,27,10,5,6,2,1,2,0,7,116,63,13,3,7,3.35
LING 493,493,16,4,4,3,3,0,2,0,0,0,0,0,0,0,11,5,0,0,0,3.65
LING 494,494,93,12,19,15,4,15,15,1,3,1,1,2,2,3,46,34,5,5,3,3.149
LING 510,510,13,7,3,0,1,1,0,0,0,0,0,0,0,1,10,2,0,0,1,3.562
LING 520,520,10,1,5,1,2,0,1,0,0,0,0,0,0,0,7,3,0,0,0,3.7
LING 530,530,39,17,17,4,0,0,0,0,0,0,0,0,0,1,38,0,0,0,1,3.867
LING 615,615,10,0,3,2,3,1,1,0,0,0,0,0,0,0,5,5,0,0,0,3.5
LT 428,428,12,3,3,2,1,1,1,0,1,0,0,0,0,0,8,3,1,0,0,3.533
LT 435,435,61,8,29,11,4,7,0,1,1,0,0,0,0,0,48,11,2,0,0,3.725
LT 436,436,29,0,10,6,6,5,0,1,0,1,0,0,0,0,16,11,2,0,0,3.483
LT 439,439,12,1,4,4,0,2,0,0,1,0,0,0,0,0,9,2,1,0,0,3.567
LT 441,441,16,2,5,1,6,0,1,0,0,0,0,0,0,1,8,7,0,0,1,3.388
LT 528,528,52,21,23,5,2,1,0,0,0,0,0,0,0,0,49,3,0,0,0,3.925
LT 534,534,26,5,13,6,0,1,1,0,0,0,0,0,0,0,24,2,0,0,0,3.842
LT 536,536,68,7,35,15,4,4,2,0,1,0,0,0,0,0,57,10,1,0,0,3.766
LT 538,538,12,5,6,1,0,0,0,0,0,0,0,0,0,0,12,0,0,0,0,3.975
LT 539,539,10,4,5,1,0,0,0,0,0,0,0,0,0,0,10,0,0,0,0,3.97
LT 541,541,12,4,6,1,1,0,0,0,0,0,0,0,0,0,11,1,0,0,0,3.917
LT 548,548,97,27,38,22,5,4,1,0,0,0,0,0,0,0,87,10,0,0,0,3.841
LT 549,549,59,12,27,16,1,2,1,0,0,0,0,0,0,0,55,4,0,0,0,3.851
LT 607,607,12,0,5,2,2,2,1,0,0,0,0,0,0,0,7,5,0,0,0,3.558
LT 611,611,119,30,43,27,7,8,3,0,1,0,0,0,0,0,100,18,1,0,0,3.774
LT 629,629,446,32,212,104,41,37,13,3,1,1,0,0,0,2,348,91,5,0,2,3.706
MATH 101,101,4460,160,757,371,379,923,323,256,548,207,96,175,34,231,1288,1625,1011,305,231,2.756
MATH 105,105,5126,203,872,385,364,1028,408,297,716,258,51,241,42,261,1460,1800,1271,334,261,2.732
MATH 105Z,105Z,1505,143,284,101,80,243,118,62,206,110,17,35,8,98,528,441,378,60,98,2.789
MATH 106,106,3830,209,683,297,223,876,289,195,476,221,20,156,25,160,1189,1388,892,201,160,2.816
MATH 107,107,2326,120,447,182,153,504,184,113,325,127,21,47,22,81,749,841,565,90,81,2.868
MATH 111,111,10830,731,1754,831,779,1881,787,622,1290,568,180,522,155,730,3316,3447,2480,857,730,2.696
MATH 111Z,111Z,2956,338,618,220,213,518,185,161,273,131,45,92,19,143,1176,916,565,156,143,2.942
MATH 112,112,7335,564,1170,589,563,1269,517,391,816,439,118,350,89,460,2323,2349,1646,557,460,2.729
MATH 112Z,112Z,2056,226,345,184,136,290,142,125,220,96,24,107,36,125,755,568,441,167,125,2.783
MATH 199,199,76,5,12,4,8,18,8,5,10,1,0,2,0,3,21,34,16,2,3,2.895
MATH 211,211,692,35,135,56,58,142,39,45,69,30,11,30,6,36,226,239,144,47,36,2.819
MATH 212,212,521,26,104,44,39,109,41,36,64,16,14,18,1,9,174,189,116,33,9,2.925
MATH 213,213,446,23,100,31,37,107,40,21,50,10,3,7,1,16,154,184,81,11,16,2.993
MATH 231,231,2432,183,359,222,223,433,288,90,215,83,17,100,12,207,764,944,388,129,207,2.759
MATH 232,232,1856,160,309,182,155,381,205,63,154,64,12,44,13,114,651,741,281,69,114,2.903
MATH 233,233,44,7,6,6,2,6,3,2,3,4,0,1,1,3,19,11,9,2,3,2.864
MATH 241,241,9474,505,1224,549,625,1593,686,688,1422,563,119,572,102,826,2278,2904,2673,793,826,2.515
MATH 242,242,3240,184,430,183,181,625,217,205,603,285,31,136,13,147,797,1023,1093,180,147,2.635
MATH 243,243,15988,712,2393,1425,1499,2987,1324,1140,1841,821,194,724,140,788,4530,5810,3802,1058,788,2.749
MATH 246,246,1318,73,226,106,110,233,90,70,142,85,16,64,15,88,405,433,297,95,88,2.715
MATH 247,247,737,34,137,72,53,127,47,36,87,47,8,30,7,52,243,227,170,45,52,2.734
MATH 251,251,9297,750,1513,732,670,1355,654,571,1005,544,131,496,111,765,2995,2679,2120,738,765,2.667
MATH 252,252,6145,469,975,504,485,886,456,384,680,333,84,283,82,524,1948,1827,1397,449,524,2.667
MATH 253,253,2660,173,393,242,244,401,226,167,294,153,32,135,21,179,808,871,614,188,179,2.707
MATH 256,256,978,83,194,123,84,145,84,36,106,44,4,10,12,53,400,313,186,26,53,2.96
MATH 261,261,47,3,13,4,4,9,5,1,5,1,0,1,0,1,20,18,7,1,1,3.138
MATH 262,262,22,3,4,3,4,4,0,2,1,0,0,0,0,1,10,8,3,0,1,3.223
MATH 281,281,1331,114,228,152,134,177,126,97,110,80,8,33,5,67,494,437,287,46,67,2.907
MATH 282,282,966,126,183,123,80,112,76,57,76,36,2,28,6,61,432,268,169,36,61,2.977
MATH 307,307,1075,81,211,112,97,174,82,58,86,61,9,40,2,62,404,353,205,51,62,2.891
MATH 315,315,207,8,38,13,22,37,13,13,25,10,3,3,0,22,59,72,48,6,22,2.679
MATH 316,316,621,51,81,36,51,81,54,42,69,41,6,49,11,49,168,186,152,66,49,2.556
MATH 317,317,284,25,49,25,27,49,11,13,38,15,3,9,2,18,99,87,66,14,18,2.817
MATH 320,320,11,1,5,0,2,1,0,0,1,0,0,0,0,1,6,3,1,0,1,3.236
MATH 341,341,2589,306,463,243,220,410,226,140,240,138,12,76,15,100,1012,856,518,103,100,2.966
MATH 342,342,1654,247,298,178,169,216,137,91,131,66,9,42,10,60,723,522,288,61,60,3.058
MATH 343,343,773,58,186,75,58,155,56,37,84,21,7,11,5,20,319,269,142,23,20,3.071
MATH 345M,345M,13,0,7,0,3,3,0,0,0,0,0,0,0,0,7,6,0,0,0,3.608
MATH 346,346,37,3,7,7,2,6,2,4,3,0,0,1,0,2,17,10,7,1,2,3.03
MATH 347,347,201,16,37,27,15,20,15,9,15,17,5,5,3,17,80,50,41,13,17,2.762
MATH 348,348,82,11,16,13,6,10,5,6,7,5,1,0,1,1,40,21,18,2,1,3.143
MATH 351,351,385,19,92,24,34,65,32,24,37,26,0,11,0,21,135,131,87,11,21,2.885
MATH 352,352,202,10,46,18,16,37,13,18,27,11,0,4,0,2,74,66,56,4,2,3.008
MATH 391,391,196,15,29,19,23,28,20,3,19,11,0,16,4,9,63,71,33,20,9,2.768
MATH 392,392,115,8,25,14,10,18,10,5,6,6,0,8,0,5,47,38,17,8,5,2.952
MATH 393,393,11,0,0,5,1,1,1,2,0,0,0,1,0,0,5,3,2,1,0,3.009
MATH 394,394,121,2,27,13,14,21,5,8,12,6,0,5,0,8,42,40,26,5,8,2.846
MATH 395,395,41,5,10,6,9,4,3,2,2,0,0,0,0,0,21,16,4,0,0,3.429
MATH 397,397,143,9,45,18,19,23,6,3,9,1,1,0,0,9,72,48,13,1,9,3.206
MATH 410,410,164,20,43,21,18,18,17,3,5,9,0,5,0,5,84,53,17,5,5,3.209
MATH 411,411,99,5,19,14,9,9,6,5,11,9,0,4,0,8,38,24,25,4,8,2.763
MATH 412,412,22,3,5,2,0,1,2,1,2,2,0,2,0,2,10,3,5,2,2,2.705
MATH 413,413,25,0,5,2,6,3,2,1,4,0,0,0,1,1,7,11,5,1,1,2.904
MATH 420,420,25,4,6,3,2,2,1,1,3,0,0,2,0,1,13,5,4,2,1,3.068
MATH 421M,421M,64,4,17,7,6,7,6,3,5,5,0,0,1,3,28,19,13,1,3,3.016
MATH 425,425,742,39,195,91,64,163,39,20,69,16,3,16,3,24,325,266,105,22,24,3.115
MATH 431,431,23,1,4,2,1,5,3,1,3,2,0,1,0,0,7,9,6,1,0,2.891
MATH 433,433,33,5,7,7,1,6,2,0,1,1,0,0,0,3,19,9,2,0,3,3.161
MATH 441,441,66,8,15,6,8,8,8,3,2,3,0,1,1,3,29,24,8,2,3,3.089
MATH 444,444,80,7,19,11,5,17,3,1,3,5,1,4,0,4,37,25,9,5,4,3.03
MATH 445,445,24,2,6,1,4,6,3,0,0,2,0,0,0,0,9,13,2,0,0,3.267
MATH 456,456,92,6,17,10,5,9,9,2,11,6,1,6,3,7,33,23,19,10,7,2.641
MATH 457,457,10,0,3,1,2,1,1,1,1,0,0,0,0,0,4,4,2,0,0,3.23
MATH 458,458,268,46,69,25,15,38,19,10,18,8,0,7,0,13,140,72,36,7,13,3.16
MATH 461,461,499,25,87,38,42,85,39,28,70,23,0,19,4,39,150,166,121,23,39,2.711
MATH 462,462,221,5,40,22,29,54,9,6,32,8,0,3,2,11,67,92,46,5,11,2.892
MATH 463,463,45,0,16,4,6,8,3,0,1,3,0,0,0,4,20,17,4,0,4,3.062
MATH 513,513,11,0,4,2,0,3,2,0,0,0,0,0,0,0,6,5,0,0,0,3.436
MATH 514,514,14,0,3,6,2,0,1,0,0,0,0,0,0,2,9,3,0,0,2,3.107
MATH 515,515,13,0,3,3,5,0,0,0,0,0,0,0,0,2,6,5,0,0,2,3.046
MATH 532,532,11,3,0,2,3,0,1,0,1,0,0,0,0,1,5,4,1,0,1,3.091
MATH 607,607,139,20,58,36,9,9,3,0,3,0,0,0,0,1,114,21,3,0,1,3.712
MATH 616,616,57,2,17,13,5,13,0,0,3,1,0,2,0,1,32,18,4,2,1,3.321
MATH 634,634,91,19,26,20,16,4,3,0,1,1,0,0,0,1,65,23,2,0,1,3.633
MATH 635,635,64,12,19,10,8,13,1,0,0,0,0,0,0,1,41,22,0,0,1,3.58
MATH 636,636,69,14,25,14,9,6,0,0,1,0,0,0,0,0,53,15,1,0,0,3.732
MATH 647,647,83,8,25,31,8,7,1,0,2,0,0,1,0,0,64,16,2,1,0,3.636
MATH 648,648,47,8,19,13,2,1,2,0,2,0,0,0,0,0,40,5,2,0,0,3.726
MATH 649,649,53,7,22,12,6,3,2,0,1,0,0,0,0,0,41,11,1,0,0,3.709
MATH 672,672,11,1,3,1,3,1,1,0,1,0,0,0,0,0,5,5,1,0,0,3.391
MATH 681,681,90,20,28,32,9,0,0,0,1,0,0,0,0,0,80,9,1,0,0,3.801
MATH 682,682,17,2,3,12,0,0,0,0,0,0,0,0,0,0,17,0,0,0,0,3.788
MATH 683,683,18,1,11,6,0,0,0,0,0,0,0,0,0,0,18,0,0,0,0,3.9
MATH 691,691,12,6,6,0,0,0,0,0,0,0,0,0,0,0,12,0,0,0,0,4.0
MENA 111,111,206,20,69,53,25,14,9,2,3,4,0,1,0,6,142,48,9,1,6,3.492
MGMT 225,225,797,63,146,148,138,153,50,24,23,10,5,6,5,26,357,341,57,16,26,3.221
MGMT 250,250,740,21,181,154,98,95,56,23,27,16,7,7,10,45,356,249,66,24,45,3.101
MGMT 311,311,3919,23,462,803,923,857,465,220,83,61,5,8,2,7,1288,2245,364,15,7,3.209
MGMT 311H,311H,188,5,78,68,28,5,3,1,0,0,0,0,0,0,151,36,1,0,0,3.731
MGMT 321,321,2350,62,262,359,589,510,275,147,92,32,2,6,1,13,683,1374,271,9,13,3.16
MGMT 321H,321H,132,0,39,40,43,9,1,0,0,0,0,0,0,0,79,53,0,0,0,3.603
MGMT 335,335,3911,141,918,884,731,909,188,69,57,7,2,1,0,4,1943,1828,133,3,4,3.437
MGMT 410,410,745,13,223,181,123,128,30,13,17,5,0,1,4,7,417,281,35,5,7,3.437
MGMT 415,415,835,8,214,112,342,71,29,46,9,1,0,2,0,1,334,442,56,2,1,3.413
MGMT 416,416,234,0,32,42,73,62,18,4,2,0,0,0,0,1,74,153,6,0,1,3.3
MGMT 417,417,1375,31,204,262,260,390,105,71,38,7,1,1,2,3,497,755,116,4,3,3.255
MGMT 420,420,959,4,120,138,187,291,87,69,49,11,0,2,0,1,262,565,129,2,1,3.138
MGMT 422,422,457,0,131,149,92,41,24,8,2,4,2,0,0,4,280,157,14,2,4,3.498
MGMT 443,443,36,0,11,6,7,7,1,2,1,0,0,1,0,0,17,15,3,1,0,3.35
MGMT 455,455,397,2,55,78,96,135,14,7,6,3,0,0,0,1,135,245,16,0,1,3.298
MGMT 460,460,18,0,5,9,2,2,0,0,0,0,0,0,0,0,14,4,0,0,0,3.661
MGMT 461,461,40,0,8,6,5,16,1,0,2,1,0,0,0,1,14,22,3,0,1,3.178
MGMT 510,510,105,0,37,33,13,17,2,1,0,1,0,0,0,1,70,32,2,0,1,3.556
MGMT 543,543,74,0,32,20,5,12,0,2,1,1,0,0,0,1,52,17,4,0,1,3.551
MGMT 606,606,14,3,6,5,0,0,0,0,0,0,0,0,0,0,14,0,0,0,0,3.893
MGMT 608,608,163,0,71,31,31,12,15,1,0,2,0,0,0,0,102,58,3,0,0,3.578
MGMT 609,609,81,3,24,35,8,7,4,0,0,0,0,0,0,0,62,19,0,0,0,3.651
MGMT 610,610,124,5,60,22,3,18,15,1,0,0,0,0,0,0,87,36,1,0,0,3.614
MGMT 612,612,501,16,104,195,122,48,10,2,2,1,0,0,0,1,315,180,5,0,1,3.564
MGMT 614,614,975,50,246,245,214,169,28,15,4,2,1,0,0,1,541,411,21,1,1,3.514
MGMT 615,615,433,0,135,149,110,31,4,1,1,1,0,1,0,0,284,145,3,1,0,3.615
MGMT 620,620,755,98,233,167,139,97,15,5,1,0,0,0,0,0,498,251,6,0,0,3.637
MGMT 623,623,616,3,101,164,200,116,21,5,4,1,0,1,0,0,268,337,10,1,0,3.425
MGMT 625,625,741,36,299,190,122,68,21,1,2,1,0,1,0,0,525,211,4,1,0,3.664
MGMT 635,635,302,3,67,102,92,37,1,0,0,0,0,0,0,0,172,130,0,0,0,3.559
MGMT 640,640,341,0,59,121,94,65,1,1,0,0,0,0,0,0,180,160,1,0,0,3.501
MGMT 641,641,283,0,150,53,35,32,9,2,2,0,0,0,0,0,203,76,4,0,0,3.677
MGMT 645,645,15,0,6,7,2,0,0,0,0,0,0,0,0,0,13,2,0,0,0,3.767
MGMT 655,655,14,0,0,4,6,4,0,0,0,0,0,0,0,0,4,10,0,0,0,3.329
MIL 121,121,324,61,142,57,23,10,7,2,13,3,0,2,0,4,260,40,18,2,4,3.659
MIL 122,122,417,131,180,43,18,22,14,3,2,0,0,1,1,2,354,54,5,2,2,3.786
MIL 123,123,320,43,130,45,30,26,17,7,10,3,0,1,0,8,218,73,20,1,8,3.511
MIL 141,141,20,4,3,3,5,4,1,0,0,0,0,0,0,0,10,10,0,0,0,3.515
MIL 191,191,231,66,121,36,0,6,0,1,0,0,0,0,0,1,223,6,1,0,1,3.903
MIL 221,221,114,18,39,20,8,9,12,3,2,2,0,0,0,1,77,29,7,0,1,3.527
MIL 222,222,115,27,37,18,14,9,8,1,0,0,0,0,0,1,82,31,1,0,1,3.65
MIL 223,223,24,9,6,5,1,2,1,0,0,0,0,0,0,0,20,4,0,0,0,3.771
MIL 321,321,29,0,8,7,10,4,0,0,0,0,0,0,0,0,15,14,0,0,0,3.548
MIL 421,421,48,5,20,17,5,0,0,0,1,0,0,0,0,0,42,5,1,0,0,3.779
MIL 422,422,33,1,16,6,7,2,1,0,0,0,0,0,0,0,23,10,0,0,0,3.697
MKTG 199,199,61,6,10,17,11,7,2,1,1,2,0,0,3,1,33,20,4,3,1,3.269
MKTG 311,311,6224,32,647,1109,1290,1626,825,369,190,77,21,14,5,19,1788,3741,636,40,19,3.147
MKTG 311H,311H,310,3,68,93,76,51,14,2,2,0,0,0,0,1,164,141,4,0,1,3.478
MKTG 390,390,3081,50,395,760,752,593,263,113,77,46,6,9,3,14,1205,1608,236,18,14,3.27
MKTG 395,395,33,0,3,17,3,4,3,1,1,1,0,0,0,0,20,10,3,0,0,3.361
MKTG 410,410,561,8,118,154,102,100,32,20,20,5,1,0,0,1,280,234,45,1,1,3.374
MKTG 415,415,505,9,51,100,99,125,73,28,13,7,0,0,0,0,160,297,48,0,0,3.19
MKTG 420,420,1647,16,178,236,346,413,212,92,84,30,8,8,6,18,430,971,206,22,18,3.07
MKTG 435,435,2236,13,243,399,504,578,240,134,87,28,2,2,2,4,655,1322,249,6,4,3.167
MKTG 445,445,1320,32,229,345,334,191,113,35,23,8,1,0,1,8,606,638,66,2,8,3.366
MKTG 465,465,105,1,8,42,30,14,5,4,0,0,0,0,0,1,51,49,4,0,1,3.382
MKTG 468,468,76,0,5,8,12,14,11,10,14,0,0,0,0,2,13,37,24,0,2,2.788
MKTG 470,470,541,5,104,127,113,106,48,17,10,5,1,2,0,3,236,267,32,3,3,3.322
MKTG 490,490,1388,5,100,217,354,438,150,75,34,13,0,1,0,1,322,942,122,1,1,3.151
MKTG 510,510,37,0,6,6,9,11,3,2,0,0,0,0,0,0,12,23,2,0,0,3.286
MKTG 565,565,14,0,1,7,4,1,1,0,0,0,0,0,0,0,8,6,0,0,0,3.486
MKTG 610,610,337,27,141,99,49,12,4,3,2,0,0,0,0,0,267,65,5,0,0,3.732
MKTG 612,612,494,6,73,168,142,74,22,3,3,0,2,0,0,1,247,238,6,2,1,3.448
MKTG 660,660,527,18,140,172,113,50,21,2,6,2,0,1,0,2,330,184,10,1,2,3.546
MKTG 665,665,444,3,89,158,111,66,16,0,0,1,0,0,0,0,250,193,1,0,0,3.518
MUE 126,126,139,45,39,24,5,5,5,2,6,1,2,0,0,5,108,15,9,2,5,3.53
MUE 199,199,20,8,2,4,3,1,1,0,0,0,0,0,0,1,14,5,0,0,1,3.52
MUE 326,326,171,47,72,32,8,6,4,0,1,1,0,0,0,0,151,18,2,0,0,3.82
MUE 387,387,25,3,4,4,3,5,3,1,0,0,0,1,0,1,11,11,1,1,1,3.164
MUE 392,392,441,73,183,95,37,26,13,4,4,2,2,0,0,2,351,76,10,2,2,3.705
MUE 407,407,21,3,6,5,4,2,1,0,0,0,0,0,0,0,14,7,0,0,0,3.638
MUE 410,410,12,3,6,1,0,1,0,0,0,0,0,1,0,0,10,1,0,1,0,3.642
MUE 412,412,129,31,38,31,12,8,4,2,1,0,1,0,0,1,100,24,3,1,1,3.667
MUE 429,429,62,12,20,17,3,2,6,0,1,0,0,0,0,1,49,11,1,0,1,3.629
MUE 430,430,93,34,39,11,7,1,0,1,0,0,0,0,0,0,84,8,1,0,0,3.883
MUE 432,432,111,6,36,29,14,13,8,0,1,2,0,0,0,2,71,35,3,0,2,3.491
MUE 438,438,63,16,25,10,6,2,3,1,0,0,0,0,0,0,51,11,1,0,0,3.765
MUE 486,486,34,8,11,9,2,1,2,0,0,0,0,0,0,1,28,5,0,0,1,3.656
MUE 641,641,61,29,30,0,0,1,1,0,0,0,0,0,0,0,59,2,0,0,0,3.962
MUJ 180,180,153,9,89,17,3,13,11,2,3,4,0,0,0,2,115,27,9,0,2,3.601
MUJ 181,181,96,3,37,20,9,15,6,1,2,1,1,0,0,1,60,30,4,1,1,3.481
MUJ 182,182,31,1,15,5,1,3,1,2,1,1,0,0,0,1,21,5,4,0,1,3.413
MUJ 270,270,74,19,20,12,4,9,6,4,0,0,0,0,0,0,51,19,4,0,0,3.595
MUJ 271,271,23,1,6,4,1,5,3,0,2,1,0,0,0,0,11,9,3,0,0,3.257
MUJ 275,275,24,8,3,3,4,1,2,2,1,0,0,0,0,0,14,7,3,0,0,3.471
MUJ 276,276,33,10,9,7,1,2,3,0,1,0,0,0,0,0,26,6,1,0,0,3.676
MUJ 350,350,2283,465,387,443,238,215,198,115,81,44,19,14,13,51,1295,651,240,46,51,3.312
MUJ 351,351,1684,248,398,330,199,153,116,60,50,43,13,11,7,56,976,468,153,31,56,3.312
MUJ 390,390,13,0,6,1,2,4,0,0,0,0,0,0,0,0,7,6,0,0,0,3.562
MUJ 391,391,47,20,16,9,2,0,0,0,0,0,0,0,0,0,45,2,0,0,0,3.913
MUJ 395,395,53,14,12,13,5,2,1,2,3,0,0,1,0,0,39,8,5,1,0,3.564
MUJ 440,440,10,1,4,4,0,0,0,1,0,0,0,0,0,0,9,0,1,0,0,3.71
MUP 114,114,121,45,32,18,6,6,3,3,3,1,0,1,0,3,95,15,7,1,3,3.604
MUP 120,120,253,25,63,41,33,28,20,18,13,1,2,2,0,7,129,81,32,4,7,3.258
MUP 131,131,39,0,23,7,4,4,1,0,0,0,0,0,0,0,30,9,0,0,0,3.738
MUP 141,141,164,14,100,31,9,7,2,0,1,0,0,0,0,0,145,18,1,0,0,3.834
MUP 165,165,10,4,3,2,1,0,0,0,0,0,0,0,0,0,9,1,0,0,0,3.87
MUS 125,125,7754,723,3488,1029,633,803,326,167,225,79,52,78,29,122,5240,1762,471,159,122,3.503
MUS 126,126,109,14,25,18,9,2,7,4,5,3,0,0,0,22,57,18,12,0,22,2.766
MUS 131,131,831,65,192,117,89,96,57,38,64,32,4,26,1,50,374,242,134,31,50,3.006
MUS 132,132,758,36,243,103,80,101,56,35,34,22,2,16,1,29,382,237,91,19,29,3.193
MUS 133,133,698,41,198,93,84,96,55,41,29,28,0,7,0,26,332,235,98,7,26,3.182
MUS 134,134,782,28,297,89,83,92,49,39,43,17,5,8,6,26,414,224,99,19,26,3.241
MUS 135,135,663,14,223,87,78,84,52,38,33,29,2,0,4,19,324,214,100,6,19,3.209
MUS 136,136,602,7,202,88,64,69,55,41,35,25,3,2,2,9,297,188,101,7,9,3.227
MUS 137,137,529,93,151,86,55,57,27,11,17,7,1,5,0,19,330,139,35,6,19,3.397
MUS 138,138,334,83,90,63,30,29,13,7,8,3,0,2,1,5,236,72,18,3,5,3.551
MUS 139,139,284,57,80,44,20,36,13,12,8,5,0,3,1,5,181,69,25,4,5,3.436
MUS 141,141,124,7,65,15,5,7,4,5,8,0,0,2,0,6,87,16,13,2,6,3.398
MUS 142,142,12,0,4,0,1,2,0,0,1,0,2,1,1,0,4,3,1,4,0,2.633
MUS 151,151,8325,331,4135,863,615,915,322,178,306,97,68,84,58,353,5329,1852,581,210,353,3.375
MUS 155,155,83,12,21,17,14,8,4,3,3,0,0,0,0,1,50,26,6,0,1,3.48
MUS 156,156,90,10,23,16,17,11,9,1,2,0,0,1,0,0,49,37,3,1,0,3.466
MUS 199,199,17,1,6,5,5,0,0,0,0,0,0,0,0,0,12,5,0,0,0,3.706
MUS 227,227,4084,510,1258,893,424,332,285,126,92,64,17,13,18,52,2661,1041,282,48,52,3.47
MUS 231,231,498,51,109,84,55,74,44,18,30,25,0,1,0,7,244,173,73,1,7,3.249
MUS 232,232,445,80,97,58,40,64,33,18,27,18,0,4,0,6,235,137,63,4,6,3.294
MUS 233,233,413,80,113,55,36,54,21,23,17,4,1,1,0,8,248,111,44,2,8,3.412
MUS 234,234,381,42,107,66,56,50,21,15,9,7,0,3,1,4,215,127,31,4,4,3.412
MUS 235,235,357,79,108,33,42,29,21,20,13,10,0,0,0,2,220,92,43,0,2,3.477
MUS 236,236,134,14,26,24,20,22,5,9,7,3,0,1,0,3,64,47,19,1,3,3.247
MUS 237,237,67,3,13,18,7,5,3,8,1,5,0,2,0,2,34,15,14,2,2,3.1
MUS 238,238,47,4,14,7,4,3,4,3,5,3,0,0,0,0,25,11,11,0,0,3.253
MUS 239,239,44,4,6,11,4,8,7,0,1,1,0,0,0,2,21,19,2,0,2,3.193
MUS 240,240,25,8,2,4,5,4,1,0,0,0,0,1,0,0,14,10,0,1,0,3.48
MUS 249,249,40,0,11,7,7,6,0,4,1,3,1,0,0,0,18,13,8,1,0,3.215
MUS 250,250,125,1,39,20,16,21,10,4,7,0,1,1,1,4,60,47,11,3,4,3.224
MUS 263,263,690,64,196,162,72,66,52,25,22,17,0,5,2,7,422,190,64,7,7,3.409
MUS 264,264,1403,58,417,307,165,172,81,63,47,31,7,10,4,41,782,418,141,21,41,3.299
MUS 265,265,1447,110,494,387,171,106,61,38,31,18,2,6,4,19,991,338,87,12,19,3.515
MUS 267,267,609,55,102,79,70,85,46,41,37,34,3,13,5,39,236,201,112,21,39,2.918
MUS 268,268,610,78,70,87,70,60,56,36,42,52,8,11,11,29,235,186,130,30,29,2.886
MUS 269,269,624,92,159,89,74,74,41,29,22,13,4,7,5,15,340,189,64,16,15,3.299
MUS 270,270,923,34,217,208,157,143,58,37,28,14,7,8,3,9,459,358,79,18,9,3.317
MUS 281,281,1092,57,281,232,156,161,71,48,40,16,1,12,6,11,570,388,104,19,11,3.329
MUS 322,322,353,168,140,34,5,3,1,0,1,1,0,0,0,0,342,9,2,0,0,3.937
MUS 327,327,410,35,188,54,36,45,16,5,13,6,0,2,0,10,277,97,24,2,10,3.509
MUS 345M,345M,68,10,16,14,9,5,5,6,1,0,0,1,0,1,40,19,7,1,1,3.394
MUS 346,346,267,22,78,73,38,31,6,2,10,3,1,1,0,2,173,75,15,2,2,3.508
MUS 349,349,42,8,14,6,1,2,4,0,2,2,0,1,0,2,28,7,4,1,2,3.302
MUS 351,351,108,23,31,16,11,8,5,2,3,3,1,0,1,4,70,24,8,2,4,3.395
MUS 356,356,24,3,1,4,2,8,3,2,0,1,0,0,0,0,8,13,3,0,0,3.158
MUS 358,358,1312,92,313,138,96,248,99,47,113,33,14,38,7,74,543,443,193,59,74,2.98
MUS 359,359,954,92,276,96,71,151,55,36,67,18,11,15,10,56,464,277,121,36,56,3.089
MUS 360,360,2543,253,853,495,285,291,132,65,61,28,9,18,6,47,1601,708,154,33,47,3.452
MUS 363,363,860,39,105,122,102,150,109,62,78,41,9,12,11,20,266,361,181,32,20,2.916
MUS 365,365,47,0,10,8,6,7,5,1,4,3,0,0,1,2,18,18,8,1,2,2.979
MUS 367,367,272,82,85,30,27,18,7,2,4,4,2,2,2,7,197,52,10,6,7,3.553
MUS 380,380,595,27,289,59,43,97,22,4,20,7,2,1,0,24,375,162,31,3,24,3.427
MUS 382,382,254,11,53,61,33,24,22,8,9,10,7,1,1,14,125,79,27,9,14,3.095
MUS 384,384,173,31,77,23,17,12,6,3,2,0,0,0,0,2,131,35,5,0,2,3.678
MUS 394,394,55,8,34,7,2,2,0,0,0,0,0,0,0,2,49,4,0,0,2,3.755
MUS 395,395,1224,425,616,96,27,25,8,2,11,3,0,2,0,9,1137,60,16,2,9,3.871
MUS 396,396,798,363,307,67,14,19,10,0,6,1,1,1,0,9,737,43,7,2,9,3.852
MUS 397,397,5263,1306,3414,288,65,82,30,10,15,8,2,9,2,32,5008,177,33,13,32,3.908
MUS 398,398,14,7,5,2,0,0,0,0,0,0,0,0,0,0,14,0,0,0,0,3.957
MUS 399,399,17,7,7,3,0,0,0,0,0,0,0,0,0,0,17,0,0,0,0,3.947
MUS 410,410,33,7,9,2,0,4,3,2,2,2,0,0,0,2,18,7,6,0,2,3.136
MUS 410L,410L,13,4,2,5,1,1,0,0,0,0,0,0,0,0,11,2,0,0,0,3.754
MUS 428,428,13,3,7,1,0,0,0,1,0,0,0,0,0,1,11,0,1,0,1,3.538
MUS 433,433,10,1,2,2,0,2,0,2,0,0,0,1,0,0,5,2,2,1,0,3.1
MUS 436,436,32,5,14,3,0,5,0,2,0,1,0,0,0,2,22,5,3,0,2,3.387
MUS 439,439,57,13,21,9,7,3,2,1,0,1,0,0,0,0,43,12,2,0,0,3.698
MUS 445,445,36,1,18,5,0,6,4,0,1,1,0,0,0,0,24,10,2,0,0,3.528
MUS 451,451,30,4,8,4,1,4,2,1,4,0,0,0,0,2,16,7,5,0,2,3.127
MUS 452,452,68,1,16,10,7,15,8,3,1,1,0,1,0,5,27,30,5,1,5,3.034
MUS 459,459,32,0,22,0,0,9,0,0,0,0,0,0,0,1,22,9,0,0,1,3.594
MUS 462,462,111,44,34,10,1,8,4,4,3,1,1,0,0,1,88,13,8,1,1,3.651
MUS 463,463,109,14,52,17,10,11,3,1,1,0,0,0,0,0,83,24,2,0,0,3.718
MUS 476,476,379,95,121,53,41,23,15,6,7,7,1,0,1,9,269,79,20,2,9,3.553
MUS 477,477,223,49,70,42,20,18,4,4,2,4,1,2,0,7,161,42,10,3,7,3.522
MUS 478,478,145,48,42,14,7,13,6,3,2,4,0,1,0,5,104,26,9,1,5,3.509
MUS 479,479,55,12,17,2,2,5,6,2,2,3,0,1,0,3,31,13,7,1,3,3.198
MUS 480,480,301,74,77,50,18,41,17,6,8,5,0,0,0,5,201,76,19,0,5,3.507
MUS 481,481,134,43,41,20,10,8,3,1,4,0,1,0,0,3,104,21,5,1,3,3.632
MUS 483,483,51,7,14,12,5,4,3,3,1,0,0,0,0,2,33,12,4,0,2,3.41
MUS 486,486,63,4,8,17,9,7,10,3,3,0,0,1,0,1,29,26,6,1,1,3.214
MUS 487,487,43,5,26,2,1,5,2,0,0,1,0,0,0,1,33,8,1,0,1,3.647
MUS 510,510,14,3,8,1,1,0,0,0,0,0,0,0,0,1,12,1,0,0,1,3.643
MUS 516,516,27,0,15,9,1,2,0,0,0,0,0,0,0,0,24,3,0,0,0,3.8
MUS 517,517,18,0,12,4,1,1,0,0,0,0,0,0,0,0,16,2,0,0,0,3.839
MUS 530,530,18,2,12,4,0,0,0,0,0,0,0,0,0,0,18,0,0,0,0,3.933
MUS 531,531,11,2,5,3,1,0,0,0,0,0,0,0,0,0,10,1,0,0,0,3.855
MUS 533,533,66,4,20,18,16,6,1,0,0,1,0,0,0,0,42,23,1,0,0,3.603
MUS 534,534,59,2,22,14,8,9,1,0,1,1,0,0,0,1,38,18,2,0,1,3.519
MUS 535,535,24,5,7,7,1,1,1,0,1,0,0,0,0,1,19,3,1,0,1,3.538
MUS 551,551,26,6,13,4,0,2,1,0,0,0,0,0,0,0,23,3,0,0,0,3.827
MUS 552,552,13,3,5,2,2,1,0,0,0,0,0,0,0,0,10,3,0,0,0,3.769
MUS 607,607,36,1,17,7,5,4,1,0,0,0,0,0,0,1,25,10,0,0,1,3.586
MUS 611,611,249,15,129,51,14,11,14,5,1,1,1,1,0,6,195,39,7,2,6,3.611
MUS 629,629,15,1,8,4,2,0,0,0,0,0,0,0,0,0,13,2,0,0,0,3.827
MUS 652,652,21,2,6,7,2,3,0,0,1,0,0,0,0,0,15,5,1,0,0,3.595
MUS 660,660,67,13,20,19,4,2,4,1,1,1,1,0,0,1,52,10,3,1,1,3.576
MUS 661,661,59,9,17,16,2,6,7,0,0,0,0,0,0,2,42,15,0,0,2,3.503
MUS 662,662,79,15,24,20,3,6,5,0,4,1,0,0,0,1,59,14,5,0,1,3.558
MUS 663,663,85,20,22,18,11,4,3,1,2,2,0,0,2,0,60,18,5,2,0,3.554
MUS 664,664,133,24,67,25,5,2,6,1,0,1,1,0,0,1,116,13,2,1,1,3.763
MUS 665,665,206,23,120,34,18,6,2,0,1,0,0,0,0,2,177,26,1,0,2,3.799
MUS 681,681,10,1,4,2,2,1,0,0,0,0,0,0,0,0,7,3,0,0,0,3.7
MUS 682,682,31,2,9,12,6,2,0,0,0,0,0,0,0,0,23,8,0,0,0,3.684
MUS 696,696,155,77,55,10,4,4,2,0,3,0,0,0,0,0,142,10,3,0,0,3.881
OATH 488,488,95,21,40,23,3,5,0,0,0,1,0,0,0,2,84,8,1,0,2,3.744
OBA 311,311,5165,129,878,767,811,886,585,427,348,169,48,48,15,54,1774,2282,944,111,54,3.072
OBA 311H,311H,33,2,4,7,6,7,3,2,1,1,0,0,0,0,13,16,4,0,0,3.245
OBA 312,312,4427,115,747,834,787,664,560,300,248,151,5,3,3,10,1696,2011,699,11,10,3.183
OBA 312H,312H,33,0,12,12,2,5,2,0,0,0,0,0,0,0,24,9,0,0,0,3.618
OBA 330,330,1958,44,262,274,317,348,225,184,208,66,0,15,0,15,580,890,458,15,15,3.014
OBA 330H,330H,96,5,17,21,17,21,8,6,1,0,0,0,0,0,43,46,7,0,0,3.356
OBA 335,335,6622,89,687,960,1344,1494,935,533,388,142,14,11,4,21,1736,3773,1063,29,21,3.077
OBA 335H,335H,189,11,47,55,44,21,10,1,0,0,0,0,0,0,113,75,1,0,0,3.561
OBA 340,340,2178,30,179,293,370,489,367,225,145,68,2,2,1,7,502,1226,438,5,7,2.997
OBA 340H,340H,126,5,37,15,36,21,8,2,1,1,0,0,0,0,57,65,4,0,0,3.454
OBA 410,410,2065,32,323,400,424,404,231,124,75,34,3,6,0,9,755,1059,233,9,9,3.214
OBA 433,433,77,1,17,20,12,12,6,3,4,2,0,0,0,0,38,30,9,0,0,3.326
OBA 444,444,521,10,66,59,93,179,67,24,19,3,0,1,0,0,135,339,46,1,0,3.16
OBA 455,455,213,0,18,20,58,55,30,18,13,1,0,0,0,0,38,143,32,0,0,3.063
OBA 465,465,114,1,23,26,24,19,9,8,3,1,0,0,0,0,50,52,12,0,0,3.323
OBA 466,466,496,5,61,115,99,92,66,23,19,16,0,0,0,0,181,257,58,0,0,3.203
OBA 477,477,396,0,53,47,113,89,61,24,4,3,2,0,0,0,100,263,31,2,0,3.185
OBA 488,488,401,20,81,95,62,52,31,20,18,17,0,1,0,4,196,145,55,1,4,3.271
OBA 510,510,165,5,31,39,37,29,15,4,3,2,0,0,0,0,75,81,9,0,0,3.373
OBA 544,544,35,2,10,4,5,8,5,1,0,0,0,0,0,0,16,18,1,0,0,3.403
OBA 555,555,18,0,2,5,5,3,3,0,0,0,0,0,0,0,7,11,0,0,0,3.339
OBA 566,566,11,0,1,2,5,3,0,0,0,0,0,0,0,0,3,8,0,0,0,3.355
OBA 577,577,214,0,59,31,73,43,8,0,0,0,0,0,0,0,90,124,0,0,0,3.468
OBA 588,588,10,0,4,3,2,0,0,1,0,0,0,0,0,0,7,2,1,0,0,3.6
OBA 610,610,109,0,18,21,36,29,5,0,0,0,0,0,0,0,39,70,0,0,0,3.385
OBA 612,612,494,13,109,70,85,129,59,15,8,6,0,0,0,0,192,273,29,0,0,3.309
OBA 613,613,479,6,93,78,127,138,28,7,1,1,0,0,0,0,177,293,9,0,0,3.368
OBIK 488,488,13,2,7,3,0,0,1,0,0,0,0,0,0,0,12,1,0,0,0,3.831
OBRT 388,388,59,4,23,21,3,4,1,2,1,0,0,0,0,0,48,8,3,0,0,3.676
OCBS 388,388,32,5,11,0,11,0,5,0,0,0,0,0,0,0,16,16,0,0,0,3.556
OCBS 488,488,56,9,19,0,24,0,4,0,0,0,0,0,0,0,28,28,0,0,0,3.607
OCFP 388,388,10,3,3,2,2,0,0,0,0,0,0,0,0,0,8,2,0,0,0,3.8
OCIE 188,188,55,0,24,9,6,7,3,0,2,0,0,2,0,2,33,16,2,2,2,3.349
OCIE 288,288,14,0,5,1,1,5,1,1,0,0,0,0,0,0,6,7,1,0,0,3.357
OCIE 388,388,673,0,248,131,115,100,32,19,16,0,0,6,0,6,379,247,35,6,6,3.454
OCOS 188,188,13,7,4,1,1,0,0,0,0,0,0,0,0,0,12,1,0,0,0,3.923
OCOS 288,288,11,0,0,4,1,2,3,1,0,0,0,0,0,0,4,6,1,0,0,3.136
ODIS 488,488,80,0,13,9,28,18,9,1,2,0,0,0,0,0,22,55,3,0,0,3.279
ODUB 388,388,204,0,65,79,38,18,3,0,0,1,0,0,0,0,144,59,1,0,0,3.635
OGHA 488,488,61,8,33,9,4,4,0,0,2,1,0,0,0,0,50,8,3,0,0,3.741
OJIL 388,388,412,0,77,180,123,26,2,2,1,1,0,0,0,0,257,151,4,0,0,3.572
OJIL 488,488,90,0,22,45,13,8,0,1,1,0,0,0,0,0,67,21,2,0,0,3.619
OKUN 188,188,7,3,0,0,2,1,0,1,0,0,0,0,0,0,3,3,1,0,0,3.414
OLEC 288,288,129,14,26,38,18,1,10,13,6,3,0,0,0,0,78,29,22,0,0,3.388
OLEC 388,388,89,15,36,20,6,9,3,0,0,0,0,0,0,0,71,18,0,0,0,3.74
OLON 388,388,216,1,54,96,46,13,5,1,0,0,0,0,0,0,151,64,1,0,0,3.619
OLON 488,488,90,5,36,38,4,1,4,0,1,1,0,0,0,0,79,9,2,0,0,3.726
OLYO 388,388,35,3,16,5,2,5,0,2,1,1,0,0,0,0,24,7,4,0,0,3.554
ONEO 488,488,47,3,26,5,4,5,3,0,1,0,0,0,0,0,34,12,1,0,0,3.677
OOVI 288,288,76,0,30,6,8,18,8,2,4,0,0,0,0,0,36,34,6,0,0,3.379
OOVI 388,388,246,10,116,35,17,31,21,4,10,0,0,2,0,0,161,69,14,2,0,3.539
OPRE 188,188,212,29,74,48,33,16,3,4,3,1,0,0,1,0,151,52,8,1,0,3.642
OQUE 288,288,157,23,54,17,12,23,10,5,7,5,0,1,0,0,94,45,17,1,0,3.449
ORIM 388,388,14,2,5,5,2,0,0,0,0,0,0,0,0,0,12,2,0,0,0,3.793
OROM 488,488,102,18,23,29,11,9,7,2,2,1,0,0,0,0,70,27,5,0,0,3.567
OROS 288,288,23,9,7,2,1,2,2,0,0,0,0,0,0,0,18,5,0,0,0,3.743
OROS 388,388,24,6,9,5,3,1,0,0,0,0,0,0,0,0,20,4,0,0,0,3.808
OSAS 188,188,10,0,1,2,2,3,2,0,0,0,0,0,0,0,3,7,0,0,0,3.24
OSAS 388,388,43,1,16,7,10,6,2,0,0,0,0,1,0,0,24,18,0,1,0,3.519
OSBG 188,188,135,20,65,27,7,5,3,2,2,1,0,1,0,2,112,15,5,1,2,3.684
OSBG 288,288,19,1,6,7,2,1,0,1,0,1,0,0,0,0,14,3,2,0,0,3.553
OSBG 388,388,18,1,7,8,1,0,1,0,0,0,0,0,0,0,16,2,0,0,0,3.756
OSBG 488,488,58,0,19,19,11,5,3,1,0,0,0,0,0,0,38,19,1,0,0,3.586
OSEG 288,288,183,0,64,47,31,12,16,9,2,2,0,0,0,0,111,59,13,0,0,3.495
OSEG 388,388,139,0,49,48,19,6,14,2,1,0,0,0,0,0,97,39,3,0,0,3.588
OSIE 288,288,10,0,1,0,0,2,3,2,2,0,0,0,0,0,1,5,4,0,0,2.67
OSIE 388,388,1226,131,643,257,92,78,19,2,4,0,0,0,0,0,1031,189,6,0,0,3.792
OSIE 488,488,853,49,242,256,175,113,14,2,2,0,0,0,0,0,547,302,4,0,0,3.604
OSIT 388,388,14,0,6,4,2,2,0,0,0,0,0,0,0,0,10,4,0,0,0,3.671
OTRP 488,488,21,1,11,1,1,7,0,0,0,0,0,0,0,0,13,8,0,0,0,3.619
OVIC 488,488,229,36,91,43,33,26,0,0,0,0,0,0,0,0,170,59,0,0,0,3.729
OVIC 588,588,20,5,4,6,4,1,0,0,0,0,0,0,0,0,15,5,0,0,0,3.72
OVIE 488,488,102,0,11,32,27,25,7,0,0,0,0,0,0,0,43,59,0,0,0,3.386
OWAS 188,188,27,13,8,0,0,5,0,0,1,0,0,0,0,0,21,5,1,0,0,3.741
OXAF 388,388,96,10,29,10,3,30,4,0,5,0,0,1,0,4,49,37,5,1,4,3.278
OXAO 388,388,23,0,16,6,1,0,0,0,0,0,0,0,0,0,22,1,0,0,0,3.891
OXEU 188,188,214,1,44,86,45,23,7,3,3,2,0,0,0,0,131,75,8,0,0,3.509
OXEU 288,288,92,0,23,21,17,13,8,6,1,3,0,0,0,0,44,38,10,0,0,3.34
OXEU 388,388,962,68,410,274,129,60,9,5,4,1,0,0,0,2,752,198,10,0,2,3.718
OXEU 488,488,276,30,123,67,38,14,4,0,0,0,0,0,0,0,220,56,0,0,0,3.761
OXFA 188,188,41,2,12,12,3,7,4,0,0,0,0,1,0,0,26,14,0,1,0,3.49
OXFA 388,388,57,20,18,9,3,5,2,0,0,0,0,0,0,0,47,10,0,0,0,3.782
OXFA 488,488,358,52,141,89,32,26,5,3,3,1,0,2,0,4,282,63,7,2,4,3.673
OXLA 388,388,49,1,28,7,11,1,1,0,0,0,0,0,0,0,36,13,0,0,0,3.753
OXLA 488,488,11,1,5,3,2,0,0,0,0,0,0,0,0,0,9,2,0,0,0,3.791
OXMC 388,388,47,0,19,17,7,3,1,0,0,0,0,0,0,0,36,11,0,0,0,3.696
PD 101,101,951,75,156,153,159,174,84,46,44,25,6,10,8,11,384,417,115,24,11,3.179
PD 199,199,11,0,2,2,2,4,1,0,0,0,0,0,0,0,4,7,0,0,0,3.336
PD 223,223,475,68,122,116,49,59,24,9,11,7,1,2,0,7,306,132,27,3,7,3.475
PD 240,240,386,45,97,84,69,36,25,14,6,3,0,1,0,6,226,130,23,1,6,3.452
PD 301,301,429,23,110,103,68,55,30,12,7,11,0,1,0,9,236,153,30,1,9,3.368
PD 302,302,195,65,58,38,10,4,3,2,10,1,0,0,0,4,161,17,13,0,4,3.651
PD 323,323,390,95,70,81,40,42,20,6,11,8,1,3,0,13,246,102,25,4,13,3.398
PD 330,330,214,102,48,26,11,11,3,2,5,0,1,0,1,4,176,25,7,2,4,3.693
PD 340,340,395,88,119,97,43,27,7,6,3,1,0,2,1,1,304,77,10,3,1,3.678
PD 350,350,492,82,168,67,52,42,20,17,16,9,2,2,2,13,317,114,42,6,13,3.439
PD 360,360,41,5,13,12,3,2,3,3,0,0,0,0,0,0,30,8,3,0,0,3.593
PD 370,370,490,174,111,84,46,28,22,12,12,0,0,0,0,1,369,96,24,0,1,3.669
PD 399,399,195,38,52,40,27,15,8,3,4,2,0,0,0,6,130,50,9,0,6,3.497
PD 410,410,586,111,164,107,63,65,27,18,10,5,1,3,2,10,382,155,33,6,10,3.494
PD 430,430,316,66,80,68,34,22,15,8,6,7,1,1,0,8,214,71,21,2,8,3.478
PD 440,440,29,4,11,7,3,2,1,0,1,0,0,0,0,0,22,6,1,0,0,3.672
PD 483,483,399,77,139,60,56,33,17,6,5,1,1,0,0,4,276,106,12,1,4,3.615
PD 484,484,330,87,86,52,37,18,28,13,3,4,0,0,0,2,225,83,20,0,2,3.572
PD 485,485,338,51,112,70,26,36,16,7,13,4,0,1,0,2,233,78,24,1,2,3.544
PD 486,486,158,20,42,33,23,22,10,0,4,1,0,0,0,3,95,55,5,0,3,3.473
PD 487,487,126,32,32,27,16,14,1,2,0,1,0,0,0,1,91,31,3,0,1,3.648
PD 488,488,158,18,44,17,26,23,13,11,2,3,0,0,0,1,79,62,16,0,1,3.387
PD 510,510,26,0,9,7,8,1,1,0,0,0,0,0,0,0,16,10,0,0,0,3.615
PEF 340,340,232,41,86,38,20,22,11,5,5,1,0,2,0,1,165,53,11,2,1,3.601
PEF 342,342,10,0,4,3,0,2,0,0,1,0,0,0,0,0,7,2,1,0,0,3.51
PEF 344,344,1252,7,840,29,14,141,11,2,120,2,0,26,0,60,876,166,124,26,60,3.409
PEF 345,345,423,1,307,0,0,95,0,0,10,0,2,1,0,7,308,95,10,3,7,3.642
PEL 310,310,1553,600,335,247,143,88,63,23,16,15,2,1,3,17,1182,294,54,6,17,3.655
PEL 311,311,59,40,14,2,1,1,1,0,0,0,0,0,0,0,56,3,0,0,0,3.939
PEL 399,399,512,193,148,65,39,44,13,4,3,0,2,0,0,1,406,96,7,2,1,3.746
PEO 285,285,2996,1067,572,350,369,200,112,100,65,43,2,35,1,80,1989,681,208,38,80,3.485
PEO 411,411,29,14,5,3,0,4,1,1,0,0,0,0,0,1,22,5,1,0,1,3.59
PEO 412,412,71,22,13,11,4,5,3,5,1,1,0,2,0,4,46,12,7,2,4,3.299
PEO 413,413,36,10,9,6,4,3,3,1,0,0,0,0,0,0,25,10,1,0,0,3.633
PHIL 101,101,2952,129,498,510,460,513,363,176,111,55,11,22,11,93,1137,1336,342,44,93,3.115
PHIL 102,102,3558,329,981,595,422,511,295,113,97,62,16,29,7,101,1905,1228,272,52,101,3.31
PHIL 103,103,1564,52,312,300,213,228,145,70,68,48,19,19,13,77,664,586,186,51,77,3.054
PHIL 104,104,221,10,26,34,27,37,25,19,9,8,2,9,0,15,70,89,36,11,15,2.825
PHIL 110,110,3085,155,852,521,419,464,239,118,107,50,21,28,12,99,1528,1122,275,61,99,3.245
PHIL 120,120,1708,70,349,320,253,266,154,86,67,46,8,19,6,64,739,673,199,33,64,3.134
PHIL 123,123,574,22,105,107,86,89,55,34,27,14,6,6,3,20,234,230,75,15,20,3.093
PHIL 130,130,1810,115,495,413,266,226,110,58,45,27,4,12,1,38,1023,602,130,17,38,3.375
PHIL 135,135,209,48,41,27,28,19,18,5,4,4,2,1,1,11,116,65,13,4,11,3.275
PHIL 170,170,3566,68,788,797,579,523,305,129,131,68,24,32,11,111,1653,1407,328,67,111,3.203
PHIL 199,199,83,2,25,13,10,13,9,1,3,0,0,4,0,3,40,32,4,4,3,3.189
PHIL 211,211,659,12,124,110,112,105,90,32,24,8,5,3,4,30,246,307,64,12,30,3.075
PHIL 213,213,63,0,17,15,12,7,6,1,0,1,0,0,0,4,32,25,2,0,4,3.243
PHIL 216,216,631,17,130,118,117,111,51,25,21,12,2,1,1,25,265,279,58,4,25,3.178
PHIL 219,219,74,3,18,12,8,11,7,5,3,5,0,1,0,1,33,26,13,1,1,3.158
PHIL 220,220,390,9,90,91,60,49,42,16,12,4,2,1,0,14,190,151,32,3,14,3.237
PHIL 223,223,328,14,52,79,40,42,38,15,9,16,4,1,3,15,145,120,40,8,15,3.064
PHIL 225,225,558,63,162,78,47,50,52,27,26,17,3,7,2,24,303,149,70,12,24,3.207
PHIL 299,299,59,7,26,11,5,2,4,0,3,0,1,0,0,0,44,11,3,1,0,3.615
PHIL 307,307,614,8,126,117,97,98,65,36,16,10,0,4,4,33,251,260,62,8,33,3.09
PHIL 308,308,258,5,46,59,40,53,19,14,8,3,1,2,0,8,110,112,25,3,8,3.183
PHIL 309,309,389,27,106,62,37,54,37,15,8,15,2,6,0,20,195,128,38,8,20,3.162
PHIL 310,310,633,22,123,158,115,106,55,10,9,5,2,6,0,22,303,276,24,8,22,3.268
PHIL 311,311,676,27,200,104,95,97,58,30,14,19,2,5,2,23,331,250,63,9,23,3.243
PHIL 312,312,662,22,234,134,85,81,40,15,8,6,0,2,1,34,390,206,29,3,34,3.345
PHIL 315,315,577,13,163,115,95,72,48,17,18,9,4,4,0,19,291,215,44,8,19,3.272
PHIL 320,320,178,0,41,48,28,17,18,5,5,4,0,3,1,8,89,63,14,4,8,3.178
PHIL 322,322,73,1,22,7,10,15,5,4,1,2,0,0,0,6,30,30,7,0,6,3.068
PHIL 323,323,452,15,122,89,61,43,44,22,21,7,4,8,5,11,226,148,50,17,11,3.203
PHIL 325,325,257,19,57,37,23,36,27,17,17,11,2,4,0,7,113,86,45,6,7,3.098
PHIL 330,330,33,0,17,8,0,6,0,2,0,0,0,0,0,0,25,6,2,0,0,3.642
PHIL 331,331,103,3,52,19,7,5,6,3,2,3,0,0,0,3,74,18,8,0,3,3.501
PHIL 332,332,732,41,167,144,105,111,44,25,23,14,8,2,0,48,352,260,62,10,48,3.146
PHIL 335,335,1180,214,422,162,98,100,50,21,29,32,3,8,3,38,798,248,82,14,38,3.455
PHIL 339,339,123,7,26,21,13,13,7,7,4,4,2,4,2,13,54,33,15,8,13,2.841
PHIL 340,340,1378,55,606,225,154,133,74,47,26,22,1,10,3,22,886,361,95,14,22,3.479
PHIL 341,341,72,11,18,7,11,4,4,4,2,3,0,1,4,3,36,19,9,5,3,3.099
PHIL 342,342,331,26,130,57,30,35,21,12,3,6,2,0,2,7,213,86,21,4,7,3.454
PHIL 343,343,47,3,30,7,5,2,0,0,0,0,0,0,0,0,40,7,0,0,0,3.838
PHIL 344,344,185,3,49,44,25,22,16,6,10,2,2,4,0,2,96,63,18,6,2,3.277
PHIL 345,345,395,38,44,73,70,34,53,20,13,13,6,2,3,26,155,157,46,11,26,2.988
PHIL 350,350,89,1,17,16,17,17,10,2,0,2,1,3,2,1,34,44,4,6,1,3.135
PHIL 372,372,54,0,39,8,0,3,1,1,1,0,0,1,0,0,47,4,2,1,0,3.752
PHIL 399,399,69,1,36,12,8,8,1,3,0,0,0,0,0,0,49,17,3,0,0,3.658
PHIL 407,407,88,9,35,15,8,7,3,3,3,0,0,1,0,4,59,18,6,1,4,3.419
PHIL 410,410,32,4,8,10,6,1,1,0,0,1,0,0,0,1,22,8,1,0,1,3.506
PHIL 415,415,36,3,12,7,5,3,2,0,2,0,0,0,0,2,22,10,2,0,2,3.356
PHIL 420,420,90,3,24,20,18,7,10,1,2,2,1,0,0,2,47,35,5,1,2,3.338
PHIL 421,421,117,2,53,23,19,10,5,2,0,0,0,0,0,3,78,34,2,0,3,3.555
PHIL 423,423,14,0,3,0,1,1,1,1,1,2,0,0,0,4,3,3,4,0,4,2.05
PHIL 425,425,44,3,11,7,7,4,5,5,1,0,0,0,0,1,21,16,6,0,1,3.273
PHIL 426,426,10,1,3,2,2,1,1,0,0,0,0,0,0,0,6,4,0,0,0,3.57
PHIL 433,433,29,0,3,5,4,8,5,2,1,1,0,0,0,0,8,17,4,0,0,3.086
PHIL 443,443,138,0,48,45,20,10,7,2,1,2,0,0,0,3,93,37,5,0,3,3.503
PHIL 451,451,58,4,10,14,9,9,4,1,3,1,0,1,0,2,28,22,5,1,2,3.212
PHIL 452,452,112,19,41,21,7,14,2,0,2,1,0,0,0,5,81,23,3,0,5,3.517
PHIL 453,453,199,12,68,48,26,22,7,5,5,1,0,1,1,3,128,55,11,2,3,3.483
PHIL 463,463,522,25,130,111,93,57,37,21,14,10,4,2,1,17,266,187,45,7,17,3.275
PHIL 507,507,12,0,5,2,5,0,0,0,0,0,0,0,0,0,7,5,0,0,0,3.658
PHIL 526,526,14,3,7,3,0,1,0,0,0,0,0,0,0,0,13,1,0,0,0,3.864
PHIL 553,553,20,3,9,3,3,2,0,0,0,0,0,0,0,0,15,5,0,0,0,3.75
PHIL 563,563,10,2,4,2,2,0,0,0,0,0,0,0,0,0,8,2,0,0,0,3.8
PHIL 571,571,16,0,10,5,0,1,0,0,0,0,0,0,0,0,15,1,0,0,0,3.844
PHIL 572,572,11,2,2,5,1,1,0,0,0,0,0,0,0,0,9,2,0,0,0,3.709
PHIL 573,573,12,0,7,3,1,0,0,0,1,0,0,0,0,0,10,1,1,0,0,3.7
PHIL 607,607,131,8,58,41,22,2,0,0,0,0,0,0,0,0,107,24,0,0,0,3.773
PHIL 620,620,19,0,12,4,1,0,1,0,0,0,0,0,0,1,16,2,0,0,1,3.621
PHYS 101,101,2168,645,512,304,174,192,115,76,58,36,9,10,8,29,1461,481,170,27,29,3.502
PHYS 102,102,188,15,37,32,13,16,24,16,13,8,3,3,3,5,84,53,37,9,5,3.019
PHYS 152,152,1223,124,185,129,182,185,112,82,78,50,21,11,11,53,438,479,210,43,53,2.982
PHYS 153,153,1414,226,355,118,112,263,36,51,151,26,5,29,7,35,699,411,228,41,35,3.197
PHYS 155,155,507,110,104,67,65,58,21,25,27,7,2,4,9,8,281,144,59,15,8,3.324
PHYS 156M,156M,65,5,8,11,9,11,6,13,1,1,0,0,0,0,24,26,15,0,0,3.157
PHYS 161,161,650,58,108,76,64,94,61,38,35,26,6,40,5,39,242,219,99,51,39,2.855
PHYS 162,162,579,26,81,49,57,83,57,48,59,24,4,44,0,47,156,197,131,48,47,2.623
PHYS 171,171,233,22,26,27,24,34,21,23,13,13,3,14,1,12,75,79,49,18,12,2.787
PHYS 181,181,126,21,28,15,14,11,8,6,7,6,1,2,1,6,64,33,19,4,6,3.129
PHYS 201,201,6081,440,1104,673,632,1058,463,452,755,231,15,126,7,125,2217,2153,1438,148,125,3.004
PHYS 202,202,5429,215,1575,785,593,1081,329,270,337,112,17,46,6,63,2575,2003,719,69,63,3.262
PHYS 203,203,4577,575,1056,462,444,888,283,211,401,88,23,65,12,69,2093,1615,700,100,69,3.204
PHYS 204,204,1309,111,618,88,65,286,36,17,65,7,3,7,0,6,817,387,89,10,6,3.517
PHYS 205,205,1196,116,624,105,90,199,20,11,19,1,0,5,1,5,845,309,31,6,5,3.652
PHYS 206,206,1134,110,477,75,71,314,21,12,42,1,1,4,0,6,662,406,55,5,6,3.507
PHYS 251,251,914,67,189,124,79,120,86,57,66,45,10,32,5,34,380,285,168,47,34,2.98
PHYS 252,252,735,25,208,80,69,124,45,45,55,41,5,13,6,19,313,238,141,24,19,3.07
PHYS 253,253,561,31,122,80,52,101,35,32,50,19,5,13,4,17,233,188,101,22,17,3.04
PHYS 290,290,1103,90,537,127,67,106,44,24,29,22,3,11,4,39,754,217,75,18,39,3.449
PHYS 301,301,10,1,5,3,1,0,0,0,0,0,0,0,0,0,9,1,0,0,0,3.84
PHYS 351,351,383,24,68,46,43,55,46,29,15,25,4,13,1,14,138,144,69,18,14,2.944
PHYS 352,352,337,18,65,54,36,51,39,21,24,19,0,4,0,6,137,126,64,4,6,3.091
PHYS 353,353,326,30,58,37,28,43,26,34,24,16,2,8,2,18,125,97,74,12,18,2.902
PHYS 391,391,257,21,62,34,23,38,17,13,11,10,0,3,3,22,117,78,34,6,22,2.987
PHYS 399,399,21,1,6,4,1,2,2,2,1,1,1,0,0,0,11,5,4,1,0,3.195
PHYS 410,410,91,3,19,16,14,13,9,8,5,0,0,2,0,2,38,36,13,2,2,3.155
PHYS 411,411,137,15,29,21,18,16,11,9,4,2,2,3,0,7,65,45,15,5,7,3.128
PHYS 412,412,283,23,60,28,31,49,24,27,16,14,1,3,1,6,111,104,57,5,6,3.083
PHYS 413,413,244,28,50,30,31,40,28,12,14,7,0,1,0,3,108,99,33,1,3,3.235
PHYS 414,414,170,22,47,26,19,16,11,6,9,6,2,2,1,3,95,46,21,5,3,3.294
PHYS 415,415,133,11,36,26,19,12,11,4,7,5,0,0,0,2,73,42,16,0,2,3.341
PHYS 417,417,50,1,10,6,6,7,5,2,6,4,1,1,0,1,17,18,12,2,1,2.924
PHYS 421M,421M,10,0,2,1,0,2,1,0,0,1,0,0,0,3,3,3,1,0,3,2.21
PHYS 422,422,100,25,21,16,18,10,4,3,0,1,0,0,0,2,62,32,4,0,2,3.52
PHYS 424,424,22,5,0,1,3,3,1,2,2,1,1,2,0,1,6,7,5,3,1,2.677
PHYS 431,431,74,5,24,9,4,15,4,3,4,3,0,0,0,3,38,23,10,0,3,3.22
PHYS 432,432,145,29,43,20,10,14,5,3,7,8,0,1,0,5,92,29,18,1,5,3.352
PHYS 445,445,16,10,2,1,3,0,0,0,0,0,0,0,0,0,13,3,0,0,0,3.85
PHYS 481,481,40,5,9,3,4,8,3,2,4,1,0,0,0,1,17,15,7,0,1,3.168
PHYS 510,510,34,9,13,5,0,7,0,0,0,0,0,0,0,0,27,7,0,0,0,3.75
PHYS 581,581,386,27,98,80,105,59,15,2,0,0,0,0,0,0,205,179,2,0,0,3.535
PHYS 607,607,40,0,40,0,0,0,0,0,0,0,0,0,0,0,40,0,0,0,0,4.0
PHYS 610,610,528,51,180,78,100,81,31,2,3,0,0,0,0,2,309,212,5,0,2,3.56
PHYS 610L,610L,11,0,2,3,3,3,0,0,0,0,0,0,0,0,5,6,0,0,0,3.455
PHYS 611,611,120,21,48,17,10,15,3,0,2,0,0,0,0,4,86,28,2,0,4,3.575
PHYS 612,612,89,15,38,6,11,14,5,0,0,0,0,0,0,0,59,30,0,0,0,3.663
PHYS 613,613,109,13,42,19,15,13,5,0,2,0,0,0,0,0,74,33,2,0,0,3.636
PHYS 614,614,118,24,43,22,20,7,1,0,1,0,0,0,0,0,89,28,1,0,0,3.738
PHYS 622,622,127,19,40,16,17,24,9,0,2,0,0,0,0,0,75,50,2,0,0,3.556
PHYS 623,623,123,25,40,17,13,17,10,1,0,0,0,0,0,0,82,40,1,0,0,3.627
PHYS 626,626,99,7,57,26,5,3,1,0,0,0,0,0,0,0,90,9,0,0,0,3.842
PHYS 627,627,118,5,66,13,10,22,1,0,0,0,0,1,0,0,84,33,0,1,0,3.685
PHYS 628,628,62,0,15,11,7,26,2,0,0,0,0,1,0,0,26,35,0,1,0,3.358
PHYS 631,631,146,28,34,29,22,26,5,0,0,0,0,0,0,2,91,53,0,0,2,3.558
PHYS 632,632,117,25,29,25,23,13,2,0,0,0,0,0,0,0,79,38,0,0,0,3.665
PHYS 633,633,106,26,34,34,11,1,0,0,0,0,0,0,0,0,94,12,0,0,0,3.822
PHYS 634,634,30,4,10,4,6,4,1,0,1,0,0,0,0,0,18,11,1,0,0,3.577
PHYS 665,665,10,3,2,3,2,0,0,0,0,0,0,0,0,0,8,2,0,0,0,3.77
PHYS 666,666,10,3,2,2,3,0,0,0,0,0,0,0,0,0,7,3,0,0,0,3.73
PHYS 674,674,13,1,3,5,3,0,0,0,1,0,0,0,0,0,9,3,1,0,0,3.569
PHYS 677M,677M,109,2,24,22,18,31,10,2,0,0,0,0,0,0,48,59,2,0,0,3.389
PHYS 678M,678M,97,6,36,18,17,17,2,1,0,0,0,0,0,0,60,36,1,0,0,3.602
PHYS 679M,679M,48,4,9,11,15,8,1,0,0,0,0,0,0,0,24,24,0,0,0,3.519
PHYS 684,684,12,1,0,4,5,1,1,0,0,0,0,0,0,0,5,7,0,0,0,3.417
PORT 101,101,140,37,50,23,9,13,6,0,1,0,0,0,0,1,110,28,1,0,1,3.714
PORT 102,102,94,20,31,15,7,14,4,2,0,0,0,0,0,1,66,25,2,0,1,3.617
PORT 103,103,77,10,32,9,4,7,9,1,3,0,0,0,0,2,51,20,4,0,2,3.482
PORT 111,111,10,1,2,2,1,1,3,0,0,0,0,0,0,0,5,5,0,0,0,3.38
PORT 112,112,10,1,2,0,2,0,4,0,0,0,0,0,0,1,3,6,0,0,1,2.94
PORT 150,150,14,4,3,3,0,1,2,0,1,0,0,0,0,0,10,3,1,0,0,3.536
PORT 201,201,51,2,18,15,5,6,2,1,0,2,0,0,0,0,35,13,3,0,0,3.551
PORT 202,202,55,3,25,9,7,6,2,3,0,0,0,0,0,0,37,15,3,0,0,3.613
PORT 203,203,55,10,18,13,6,3,2,1,0,1,0,0,0,1,41,11,2,0,1,3.605
PORT 298,298,21,8,9,3,0,1,0,0,0,0,0,0,0,0,20,1,0,0,0,3.91
PPPM 101,101,490,7,89,166,97,46,33,21,9,8,2,0,0,12,262,176,38,2,12,3.322
PPPM 199,199,21,0,11,1,3,3,0,2,0,0,0,0,0,1,12,6,2,0,1,3.39
PPPM 201,201,2179,120,576,506,284,263,149,79,68,31,13,21,10,59,1202,696,178,44,59,3.304
PPPM 202,202,522,4,174,110,76,73,19,22,13,9,3,8,0,11,288,168,44,11,11,3.341
PPPM 205,205,2313,97,645,432,320,277,196,94,110,45,16,30,8,43,1174,793,249,54,43,3.265
PPPM 250,250,390,3,248,57,39,9,12,9,4,3,2,0,0,4,308,60,16,2,4,3.691
PPPM 280,280,1999,5,608,402,319,188,174,110,55,55,11,17,8,47,1015,681,220,36,47,3.261
PPPM 321,321,196,1,114,36,21,13,4,2,1,0,0,0,0,4,151,38,3,0,4,3.668
PPPM 325,325,467,49,150,94,54,52,20,13,15,11,1,1,2,5,293,126,39,4,5,3.457
PPPM 327,327,147,0,24,37,34,18,19,11,0,0,0,0,0,4,61,71,11,0,4,3.236
PPPM 331,331,1824,25,978,131,86,387,33,19,112,7,1,6,2,37,1134,506,138,9,37,3.464
PPPM 340,340,340,0,81,77,44,54,24,29,9,9,3,2,1,7,158,122,47,6,7,3.199
PPPM 360,360,221,0,98,59,23,14,8,5,2,5,0,2,0,5,157,45,12,2,5,3.51
PPPM 370,370,378,0,137,88,56,48,17,8,6,3,1,1,3,10,225,121,17,5,10,3.408
PPPM 399,399,605,20,283,86,71,47,33,27,13,10,3,2,0,10,389,151,50,5,10,3.48
PPPM 407,407,521,10,164,112,76,79,18,20,19,5,1,3,4,10,286,173,44,8,10,3.352
PPPM 408,408,485,18,253,33,32,99,3,8,22,1,1,0,0,15,304,134,31,1,15,3.468
PPPM 410,410,617,42,336,145,47,26,7,4,3,0,0,3,0,4,523,80,7,3,4,3.758
PPPM 410L,410L,22,2,8,5,3,2,1,0,0,0,0,0,0,1,15,6,0,0,1,3.505
PPPM 413,413,610,3,161,113,61,88,59,40,44,29,0,1,3,8,277,208,113,4,8,3.166
PPPM 415,415,1154,15,218,188,163,208,124,76,89,53,3,7,2,8,421,495,218,12,8,3.102
PPPM 418,418,371,37,209,46,51,16,4,2,0,1,0,0,1,4,292,71,3,1,4,3.742
PPPM 425,425,218,0,57,54,37,36,11,5,6,5,2,1,0,4,111,84,16,3,4,3.317
PPPM 426,426,16,0,7,5,2,0,0,0,1,1,0,0,0,0,12,2,2,0,0,3.55
PPPM 432,432,111,6,23,34,21,14,11,0,1,0,1,0,0,0,63,46,1,1,0,3.478
PPPM 434,434,607,15,281,107,80,55,27,13,11,3,0,2,0,13,403,162,27,2,13,3.527
PPPM 438,438,352,31,187,58,22,26,2,4,13,5,0,1,0,3,276,50,22,1,3,3.657
PPPM 440,440,220,19,52,37,32,29,16,9,11,0,0,1,0,14,108,77,20,1,14,3.184
PPPM 442,442,290,0,107,60,53,26,16,6,8,2,1,1,0,10,167,95,16,2,10,3.385
PPPM 443,443,471,21,122,100,68,52,33,26,24,11,1,3,2,8,243,153,61,6,8,3.277
PPPM 444,444,342,0,100,57,57,50,24,23,13,12,2,2,0,2,157,131,48,4,2,3.268
PPPM 445,445,962,38,404,232,102,68,37,26,15,9,6,3,1,21,674,207,50,10,21,3.517
PPPM 446,446,251,31,56,0,52,61,0,29,11,0,0,2,0,9,87,113,40,2,9,3.161
PPPM 452,452,29,2,9,6,5,3,1,1,0,0,1,0,0,1,17,9,1,1,1,3.379
PPPM 460,460,255,25,84,52,23,32,20,11,5,1,0,2,0,0,161,75,17,2,0,3.503
PPPM 465,465,81,1,24,13,14,12,0,6,8,1,1,0,0,1,38,26,15,1,1,3.248
PPPM 470,470,13,0,6,4,0,0,1,0,1,1,0,0,0,0,10,1,2,0,0,3.477
PPPM 472,472,25,1,17,4,2,1,0,0,0,0,0,0,0,0,22,3,0,0,0,3.856
PPPM 473,473,35,0,27,1,0,3,1,0,0,1,0,0,0,2,28,4,1,0,2,3.574
PPPM 480,480,535,0,177,169,83,52,33,8,5,2,0,3,2,1,346,168,15,5,1,3.53
PPPM 481,481,337,5,110,80,65,55,13,5,1,0,1,1,0,1,195,133,6,2,1,3.52
PPPM 484,484,375,8,67,62,84,51,33,22,27,16,1,0,2,2,137,168,65,3,2,3.155
PPPM 486,486,14,8,4,0,0,0,1,0,0,0,0,0,0,1,12,1,0,0,1,3.621
PPPM 487,487,50,2,21,13,7,1,2,1,3,0,0,0,0,0,36,10,4,0,0,3.598
PPPM 488,488,43,4,11,5,5,7,3,1,3,0,0,0,0,4,20,15,4,0,4,3.079
PPPM 494,494,607,53,220,138,87,51,20,13,7,10,3,0,1,4,411,158,30,4,4,3.562
PPPM 507,507,151,4,61,41,21,16,3,3,2,0,0,0,0,0,106,40,5,0,0,3.629
PPPM 508,508,14,0,7,0,0,1,0,0,0,0,0,1,0,5,7,1,0,1,5,2.286
PPPM 510,510,129,22,52,34,11,5,2,1,1,0,0,0,0,1,108,18,2,0,1,3.743
PPPM 518,518,11,4,7,0,0,0,0,0,0,0,0,0,0,0,11,0,0,0,0,4.0
PPPM 525,525,68,0,20,27,11,7,1,0,1,0,0,0,0,1,47,19,1,0,1,3.557
PPPM 526,526,61,1,23,10,20,3,3,0,0,0,0,1,0,0,34,26,0,1,0,3.559
PPPM 532,532,20,1,1,10,6,2,0,0,0,0,0,0,0,0,12,8,0,0,0,3.54
PPPM 534,534,51,4,23,11,12,1,0,0,0,0,0,0,0,0,38,13,0,0,0,3.751
PPPM 541,541,21,0,2,11,5,3,0,0,0,0,0,0,0,0,13,8,0,0,0,3.533
PPPM 548,548,45,0,21,20,4,0,0,0,0,0,0,0,0,0,41,4,0,0,0,3.804
PPPM 552,552,11,2,5,2,1,1,0,0,0,0,0,0,0,0,9,2,0,0,0,3.791
PPPM 565,565,76,2,48,14,5,1,1,2,1,0,0,0,0,2,64,7,3,0,2,3.692
PPPM 572,572,16,4,9,3,0,0,0,0,0,0,0,0,0,0,16,0,0,0,0,3.944
PPPM 581,581,247,3,100,74,44,14,7,2,0,1,0,0,0,2,177,65,3,0,2,3.636
PPPM 583,583,11,1,5,1,2,1,0,0,0,0,0,0,0,1,7,3,0,0,1,3.391
PPPM 586,586,118,24,44,24,15,8,1,1,0,1,0,0,0,0,92,24,2,0,0,3.737
PPPM 588,588,12,3,5,0,0,1,0,0,1,0,0,1,0,1,8,1,1,1,1,3.167
PPPM 607,607,11,0,4,3,2,1,0,0,0,0,0,0,0,1,7,3,0,0,1,3.336
PPPM 610,610,311,8,74,130,71,17,6,3,0,1,0,0,0,1,212,94,4,0,1,3.598
PPPM 611,611,128,0,25,62,36,5,0,0,0,0,0,0,0,0,87,41,0,0,0,3.619
PPPM 612,612,133,10,39,40,9,20,7,3,2,2,1,0,0,0,89,36,7,1,0,3.52
PPPM 613,613,156,1,53,42,30,26,1,2,0,0,0,1,0,0,96,57,2,1,0,3.569
PPPM 616,616,102,4,21,45,22,8,2,0,0,0,0,0,0,0,70,32,0,0,0,3.613
PPPM 617,617,164,2,34,56,43,16,10,0,0,0,0,1,0,2,92,69,0,1,2,3.47
PPPM 618,618,256,0,99,130,22,2,1,0,0,0,0,0,0,2,229,25,0,0,2,3.743
PPPM 620,620,147,0,53,60,25,9,0,0,0,0,0,0,0,0,113,34,0,0,0,3.697
PPPM 628,628,141,0,23,37,33,20,18,7,2,1,0,0,0,0,60,71,10,0,0,3.321
PPPM 629,629,208,2,41,97,55,11,1,1,0,0,0,0,0,0,140,67,1,0,0,3.608
PPPM 633,633,130,24,59,27,12,4,0,3,0,0,0,0,0,1,110,16,3,0,1,3.772
PPPM 636,636,142,0,38,28,27,32,11,5,1,0,0,0,0,0,66,70,6,0,0,3.408
PPPM 637,637,93,0,11,43,24,15,0,0,0,0,0,0,0,0,54,39,0,0,0,3.519
PPPM 638,638,52,0,21,24,4,3,0,0,0,0,0,0,0,0,45,7,0,0,0,3.75
PPPM 639,639,11,0,5,2,4,0,0,0,0,0,0,0,0,0,7,4,0,0,0,3.691
PPPM 640,640,16,0,10,2,3,1,0,0,0,0,0,0,0,0,12,4,0,0,0,3.769
PPPM 646,646,12,0,0,7,4,1,0,0,0,0,0,0,0,0,7,5,0,0,0,3.508
PPPM 656,656,276,5,101,52,38,33,24,6,5,10,0,1,0,1,158,95,21,1,1,3.433
PPPM 657,657,128,2,40,46,16,15,6,2,1,0,0,0,0,0,88,37,3,0,0,3.584
PPPM 680,680,287,0,112,106,52,4,6,3,1,1,0,0,0,2,218,62,5,0,2,3.661
PPPM 681,681,34,0,13,8,9,1,2,0,0,1,0,0,0,0,21,12,1,0,0,3.571
PPPM 684,684,264,15,75,53,47,41,17,4,5,2,0,0,0,5,143,105,11,0,5,3.419
PPPM 686,686,80,0,24,42,6,8,0,0,0,0,0,0,0,0,66,14,0,0,0,3.69
PPPM 688,688,15,0,9,6,0,0,0,0,0,0,0,0,0,0,15,0,0,0,0,3.88
PREV 610,610,28,12,9,2,3,1,0,1,0,0,0,0,0,0,23,4,1,0,0,3.807
PREV 631,631,120,59,43,11,2,5,0,0,0,0,0,0,0,0,113,7,0,0,0,3.919
PREV 633,633,97,7,50,28,5,5,1,0,1,0,0,0,0,0,85,11,1,0,0,3.792
PREV 634,634,78,46,28,4,0,0,0,0,0,0,0,0,0,0,78,0,0,0,0,3.985
PREV 635,635,32,8,14,3,2,0,2,1,1,0,0,0,0,1,25,4,2,0,1,3.606
PREV 640,640,38,13,14,5,4,1,0,0,0,0,0,1,0,0,32,5,0,1,0,3.782
PS 101,101,150,3,15,19,14,21,27,25,15,5,3,2,1,0,37,62,45,6,0,2.847
PS 102,102,2009,59,235,194,293,464,264,172,154,93,0,10,0,71,488,1021,419,10,71,2.906
PS 104,104,222,4,20,41,23,55,24,22,15,5,3,4,1,5,65,102,42,8,5,2.933
PS 106,106,2257,95,515,507,326,363,154,79,71,35,7,13,10,82,1117,843,185,30,82,3.238
PS 109,109,212,0,33,59,46,23,21,13,6,6,1,1,0,3,92,90,25,2,3,3.218
PS 111,111,3148,40,431,498,532,579,329,221,191,91,45,53,21,117,969,1440,503,119,117,2.947
PS 199,199,403,8,71,79,63,48,55,21,24,9,3,7,2,13,158,166,54,12,13,3.059
PS 201,201,3621,45,699,616,542,625,405,223,206,107,28,41,16,68,1360,1572,536,85,68,3.095
PS 203,203,44,0,9,6,8,7,6,3,1,2,0,1,0,1,15,21,6,1,1,3.07
PS 204,204,1112,21,232,212,146,165,128,48,46,54,7,13,11,29,465,439,148,31,29,3.096
PS 205,205,3221,51,460,428,414,558,481,255,241,138,36,32,13,114,939,1453,634,81,114,2.905
PS 206,206,558,70,109,103,60,63,50,32,18,9,8,2,5,29,282,173,59,15,29,3.154
PS 208,208,137,0,11,34,27,28,24,6,5,0,0,0,0,2,45,79,11,0,2,3.15
PS 210,210,648,6,65,175,99,86,58,33,48,17,8,9,9,35,246,243,98,26,35,2.931
PS 225,225,104,2,27,17,13,19,6,5,6,7,0,1,0,1,46,38,18,1,1,3.187
PS 230,230,213,9,109,38,16,23,2,0,6,0,0,2,0,8,156,41,6,2,8,3.539
PS 260,260,53,4,11,18,12,3,1,0,0,0,0,0,1,3,33,16,0,1,3,3.37
PS 275,275,2454,18,390,441,405,457,280,153,123,63,10,18,5,91,849,1142,339,33,91,3.043
PS 297,297,561,25,73,106,81,82,61,41,33,18,5,6,7,23,204,224,92,18,23,2.978
PS 302,302,304,2,61,60,44,61,31,17,11,3,0,2,1,11,123,136,31,3,11,3.141
PS 304,304,883,25,156,163,103,129,94,58,44,27,7,7,6,64,344,326,129,20,64,2.939
PS 308,308,748,46,172,147,101,100,62,28,34,21,8,6,1,22,365,263,83,15,22,3.211
PS 309,309,226,19,29,36,34,61,20,8,12,4,0,0,0,3,84,115,24,0,3,3.202
PS 310,310,473,3,68,67,90,81,54,43,35,13,1,3,0,15,138,225,91,4,15,2.987
PS 311,311,355,18,37,51,77,69,36,12,17,10,5,3,3,17,106,182,39,11,17,2.978
PS 312,312,289,11,42,67,55,35,29,9,10,4,2,1,4,20,120,119,23,7,20,3.04
PS 316,316,299,5,19,80,66,50,43,15,7,2,3,0,3,6,104,159,24,6,6,3.123
PS 319,319,264,63,64,46,21,16,15,2,10,4,1,3,2,17,173,52,16,6,17,3.307
PS 320,320,218,6,34,45,27,33,35,13,15,6,0,0,0,4,85,95,34,0,4,3.116
PS 321,321,247,2,28,39,24,62,41,9,26,2,2,4,3,5,69,127,37,9,5,2.935
PS 324,324,676,44,114,87,78,120,81,39,46,25,7,6,3,26,245,279,110,16,26,3.005
PS 326,326,603,9,107,94,76,121,76,43,37,9,6,3,3,19,210,273,89,12,19,3.038
PS 330,330,841,88,150,88,85,99,60,60,69,25,22,19,14,62,326,244,154,55,62,2.845
PS 337,337,527,16,51,78,80,93,75,44,39,25,4,8,3,11,145,248,108,15,11,2.92
PS 340,340,1058,1,96,108,126,244,186,122,94,33,9,7,3,29,205,556,249,19,29,2.82
PS 342,342,557,15,72,98,100,104,62,44,26,8,2,5,4,17,185,266,78,11,17,3.047
PS 345,345,223,4,22,49,54,34,26,12,10,6,2,2,2,0,75,114,28,6,0,3.137
PS 346,346,476,13,45,66,58,95,88,51,37,11,2,1,0,9,124,241,99,3,9,2.949
PS 347,347,422,16,62,58,48,51,46,33,41,32,14,14,0,7,136,145,106,28,7,2.859
PS 348,348,1130,20,219,220,176,166,110,75,50,41,13,9,6,25,459,452,166,28,25,3.113
PS 349,349,1244,92,435,160,163,211,47,34,43,20,2,7,2,28,687,421,97,11,28,3.382
PS 350,350,1907,75,698,310,227,255,106,71,74,26,13,5,5,42,1083,588,171,23,42,3.367
PS 351,351,212,13,118,54,15,9,2,1,0,0,0,0,0,0,185,26,1,0,0,3.811
PS 352,352,801,96,211,120,96,136,40,23,36,26,0,6,2,9,427,272,85,8,9,3.347
PS 355,355,422,10,168,63,43,88,9,9,21,8,0,0,0,3,241,140,38,0,3,3.44
PS 367,367,422,14,64,36,43,102,58,36,38,11,0,0,0,20,114,203,85,0,20,2.908
PS 368,368,219,6,45,57,40,34,12,7,8,2,0,1,0,7,108,86,17,1,7,3.278
PS 369,369,133,5,11,13,20,19,21,22,6,4,6,0,1,5,29,60,32,7,5,2.78
PS 371,371,430,7,72,75,80,81,47,21,6,11,2,8,5,15,154,208,38,15,15,3.071
PS 372,372,532,25,163,117,64,52,30,26,12,8,2,2,3,28,305,146,46,7,28,3.265
PS 374,374,39,0,7,4,5,8,2,4,6,1,0,1,0,1,11,15,11,1,1,2.887
PS 375,375,320,36,98,30,38,39,27,22,12,6,0,4,0,8,164,104,40,4,8,3.285
PS 378,378,408,20,82,69,69,59,34,25,14,13,0,3,4,16,171,162,52,7,16,3.121
PS 380,380,440,39,58,56,58,68,43,33,28,12,9,8,1,27,153,169,73,18,27,2.908
PS 384,384,136,11,10,16,31,25,27,5,4,3,0,0,0,4,37,83,12,0,4,3.074
PS 386,386,643,18,107,113,68,115,88,47,39,18,6,8,0,16,238,271,104,14,16,3.044
PS 387,387,371,37,101,56,53,48,22,8,21,5,0,12,0,8,194,123,34,12,8,3.284
PS 390,390,251,0,75,44,46,32,14,12,6,1,3,1,2,15,119,92,19,6,15,3.171
PS 391,391,54,0,3,10,10,14,3,3,2,2,1,0,0,6,13,27,7,1,6,2.735
PS 399,399,1086,22,259,218,163,163,112,54,27,18,4,3,6,37,499,438,99,13,37,3.205
PS 407,407,19,0,6,5,3,0,3,1,0,0,0,0,0,1,11,6,1,0,1,3.305
PS 410,410,521,11,118,115,76,69,58,24,12,17,1,4,3,13,244,203,53,8,13,3.208
PS 420,420,47,1,4,3,3,15,6,6,3,4,0,0,0,2,8,24,13,0,2,2.74
PS 430,430,24,0,2,2,5,8,2,0,1,2,0,1,1,0,4,15,3,2,0,2.85
PS 431,431,35,1,4,5,6,6,4,5,0,1,1,0,0,2,10,16,6,1,2,2.903
PS 432,432,32,0,3,10,5,5,5,2,0,0,0,0,0,2,13,15,2,0,2,3.081
PS 433,433,226,19,83,40,25,15,16,8,4,4,2,2,0,8,142,56,16,4,8,3.383
PS 440,440,372,23,41,59,58,60,53,31,23,8,1,2,1,12,123,171,62,4,12,3.021
PS 445,445,15,1,3,2,2,3,2,0,0,1,1,0,0,0,6,7,1,1,0,3.16
PS 449,449,542,11,178,140,71,72,24,7,16,9,1,1,1,11,329,167,32,3,11,3.423
PS 455,455,309,0,35,26,32,74,42,48,21,11,2,2,0,16,61,148,80,4,16,2.76
PS 458,458,159,23,37,27,15,12,7,5,6,7,0,0,3,17,87,34,18,3,17,3.03
PS 460,460,70,4,2,15,3,10,13,3,4,13,1,0,1,1,21,26,20,2,1,2.764
PS 465,465,77,6,27,13,13,7,0,3,0,0,0,0,2,6,46,20,3,2,6,3.277
PS 466,466,132,1,19,31,18,29,12,6,5,1,0,0,0,10,51,59,12,0,10,3.023
PS 467,467,575,46,141,93,64,107,48,25,24,12,0,4,2,9,280,219,61,6,9,3.279
PS 468,468,170,4,24,15,24,27,19,16,17,6,7,7,1,3,43,70,39,15,3,2.805
PS 470,470,474,29,96,80,72,88,53,23,16,9,0,0,0,8,205,213,48,0,8,3.251
PS 471,471,87,0,13,9,11,20,12,7,5,2,0,4,2,2,22,43,14,6,2,2.861
PS 472,472,167,2,28,28,23,35,14,10,17,7,1,0,0,2,58,72,34,1,2,3.069
PS 475,475,192,3,43,33,26,34,18,13,6,5,0,1,1,9,79,78,24,2,9,3.097
PS 477,477,211,12,25,29,26,32,29,25,12,5,0,0,0,16,66,87,42,0,16,2.869
PS 478,478,23,0,5,7,6,4,0,1,0,0,0,0,0,0,12,10,1,0,0,3.478
PS 479,479,233,16,43,45,42,36,24,6,4,11,0,0,0,6,104,102,21,0,6,3.238
PS 480,480,157,2,42,32,26,27,11,1,6,2,0,0,0,8,76,64,9,0,8,3.239
PS 484,484,256,5,54,55,35,51,28,6,4,6,1,0,0,11,114,114,16,1,11,3.191
PS 485,485,370,18,73,55,45,72,37,25,16,15,0,2,1,11,146,154,56,3,11,3.107
PS 491,491,217,8,78,46,35,26,8,1,4,0,1,1,0,9,132,69,5,2,9,3.419
PS 495,495,234,25,41,34,28,38,14,7,13,5,2,3,2,22,100,80,25,7,22,2.956
PS 545,545,10,0,4,4,2,0,0,0,0,0,0,0,0,0,8,2,0,0,0,3.74
PS 607,607,25,0,13,11,1,0,0,0,0,0,0,0,0,0,24,1,0,0,0,3.84
PS 612,612,31,0,17,12,2,0,0,0,0,0,0,0,0,0,29,2,0,0,0,3.839
PS 613,613,15,0,5,8,1,0,0,0,0,0,0,0,0,1,13,1,0,0,1,3.527
PS 626,626,14,0,6,5,2,0,0,0,0,0,0,0,0,1,11,2,0,0,1,3.507
PS 628,628,18,0,10,4,4,0,0,0,0,0,0,0,0,0,14,4,0,0,0,3.778
PSY 199,199,21,0,5,3,6,4,2,0,0,0,0,0,0,1,8,12,0,0,1,3.252
PSY 201,201,12846,541,1951,1411,1343,2550,1243,879,1389,498,221,316,102,402,3903,5136,2766,639,402,2.876
PSY 201Z,201Z,1427,69,199,126,142,193,146,119,186,71,39,56,11,70,394,481,376,106,70,2.706
PSY 202,202,12258,98,1987,1990,1703,2050,1308,899,841,443,176,199,102,462,4075,5061,2183,477,462,2.937
PSY 202Z,202Z,1245,1,326,219,170,176,94,63,55,38,24,21,10,48,546,440,156,55,48,3.084
PSY 301,301,7247,251,1941,1075,873,1093,547,429,426,236,51,84,35,206,3267,2513,1091,170,206,3.146
PSY 302,302,5346,269,1217,677,591,810,469,334,440,223,61,83,35,137,2163,1870,997,179,137,3.051
PSY 303,303,3926,206,992,627,584,643,246,162,179,84,25,24,9,145,1825,1473,425,58,145,3.201
PSY 304,304,2974,261,731,136,146,840,120,91,402,66,30,74,18,59,1128,1106,559,122,59,3.042
PSY 305,305,4306,153,1124,378,471,884,267,249,433,104,54,62,30,97,1655,1622,786,146,97,3.066
PSY 306,306,3914,70,1038,652,604,640,322,217,162,78,27,22,14,68,1760,1566,457,63,68,3.232
PSY 307,307,3212,74,738,453,493,499,326,240,161,98,30,26,12,62,1265,1318,499,68,62,3.126
PSY 308,308,4641,175,1222,686,482,988,270,188,330,84,28,59,19,110,2083,1740,602,106,110,3.179
PSY 309,309,4077,311,1022,744,537,570,292,194,191,85,29,28,11,63,2077,1399,470,68,63,3.287
PSY 330,330,415,16,79,65,54,77,41,26,23,11,3,11,4,5,160,172,60,18,5,3.091
PSY 348,348,831,42,138,110,97,135,87,62,56,58,2,25,3,16,290,319,176,30,16,2.972
PSY 366,366,1771,82,471,289,236,239,124,106,83,61,19,16,5,40,842,599,250,40,40,3.201
PSY 376,376,481,6,70,69,65,94,50,32,43,14,7,16,4,11,145,209,89,27,11,2.915
PSY 380,380,526,47,128,68,50,99,49,33,23,8,0,2,3,16,243,198,64,5,16,3.204
PSY 383,383,1329,107,235,171,174,204,151,101,86,66,9,12,1,12,513,529,253,22,12,3.112
PSY 388,388,340,10,87,53,47,61,29,20,11,10,4,2,0,6,150,137,41,6,6,3.214
PSY 399,399,1227,41,254,220,163,162,131,65,74,37,10,11,3,56,515,456,176,24,56,3.063
PSY 406,406,16,7,8,1,0,0,0,0,0,0,0,0,0,0,16,0,0,0,0,3.981
PSY 407,407,495,43,152,53,50,80,29,16,17,6,2,6,1,40,248,159,39,9,40,3.131
PSY 410,410,1810,248,606,308,172,184,75,48,77,24,9,13,4,42,1162,431,149,26,42,3.431
PSY 412,412,99,6,48,16,9,8,5,1,3,0,0,0,0,3,70,22,4,0,3,3.542
PSY 420,420,455,4,122,50,45,79,43,28,59,6,1,11,0,7,176,167,93,12,7,3.067
PSY 422,422,98,5,12,24,19,16,5,5,4,5,1,1,0,1,41,40,14,2,1,3.177
PSY 433,433,1469,51,446,131,172,342,75,75,98,39,12,10,3,15,628,589,212,25,15,3.221
PSY 435,435,196,3,32,6,22,68,14,15,26,4,2,1,0,3,41,104,45,3,3,2.926
PSY 436,436,252,1,51,36,26,56,15,16,28,6,0,6,0,11,88,97,50,6,11,2.954
PSY 438,438,560,20,114,49,55,119,52,39,67,21,8,7,1,8,183,226,127,16,8,2.989
PSY 439,439,112,26,45,10,5,7,3,2,4,4,1,1,0,4,81,15,10,2,4,3.467
PSY 440,440,70,5,18,1,12,18,2,7,3,0,2,0,0,2,24,32,10,2,2,3.134
PSY 445,445,173,25,16,30,19,27,24,8,15,5,0,2,0,2,71,70,28,2,2,3.135
PSY 449,449,672,21,168,118,95,104,60,42,32,21,0,6,0,5,307,259,95,6,5,3.248
PSY 450,450,763,23,274,129,90,101,50,31,24,23,4,5,1,8,426,241,78,10,8,3.368
PSY 456,456,191,6,38,30,24,25,24,15,13,11,2,2,0,1,74,73,39,4,1,3.088
PSY 457,457,504,24,120,73,80,95,49,20,26,8,0,1,0,8,217,224,54,1,8,3.254
PSY 458,458,460,21,79,66,76,101,43,24,38,10,1,0,0,1,166,220,72,1,1,3.182
PSY 459,459,1215,19,135,186,223,222,180,104,55,64,1,4,5,17,340,625,223,10,17,3.011
PSY 460,460,128,36,24,37,4,8,7,1,5,2,0,0,0,4,97,19,8,0,4,3.505
PSY 468,468,564,25,100,62,70,130,50,35,52,18,1,7,2,12,187,250,105,10,12,3.032
PSY 469,469,134,1,14,16,20,31,18,17,8,7,1,0,1,0,31,69,32,2,0,2.954
PSY 471,471,61,1,4,6,10,12,13,9,2,4,0,0,0,0,11,35,15,0,0,2.915
PSY 472,472,790,94,322,88,59,116,40,20,28,7,1,4,0,11,504,215,55,5,11,3.493
PSY 473,473,1065,61,311,116,73,229,49,44,109,25,10,19,1,18,488,351,178,30,18,3.166
PSY 475,475,766,68,223,39,84,182,15,38,69,3,15,18,0,12,330,281,110,33,12,3.185
PSY 476,476,50,7,9,12,8,8,4,1,1,0,0,0,0,0,28,20,2,0,0,3.478
PSY 478,478,604,21,205,57,53,151,24,21,42,6,5,4,0,15,283,228,69,9,15,3.246
PSY 479,479,360,3,43,58,52,64,62,23,32,16,3,3,0,1,104,178,71,6,1,3.002
PSY 480,480,1178,197,295,164,117,149,103,48,49,25,6,14,1,10,656,369,122,21,10,3.361
PSY 607,607,376,147,157,41,17,4,1,3,4,1,0,0,0,1,345,22,8,0,1,3.87
PSY 610,610,131,11,65,32,21,2,0,0,0,0,0,0,0,0,108,23,0,0,0,3.799
PSY 611,611,174,19,85,30,17,17,3,1,1,0,0,0,0,1,134,37,2,0,1,3.716
PSY 612,612,103,4,57,8,10,14,4,0,4,0,0,1,0,1,69,28,4,1,1,3.577
PSY 613,613,133,33,77,15,3,3,2,0,0,0,0,0,0,0,125,8,0,0,0,3.908
PSY 615,615,18,12,6,0,0,0,0,0,0,0,0,0,0,0,18,0,0,0,0,4.0
PSY 616,616,18,11,7,0,0,0,0,0,0,0,0,0,0,0,18,0,0,0,0,4.0
PSY 618,618,19,7,6,4,1,0,0,0,0,0,0,0,0,1,17,1,0,0,1,3.689
PSY 619,619,20,8,10,0,1,0,0,1,0,0,0,0,0,0,18,1,1,0,0,3.88
PSY 621,621,16,3,7,0,3,3,0,0,0,0,0,0,0,0,10,6,0,0,0,3.681
PSY 630,630,20,2,11,3,1,1,2,0,0,0,0,0,0,0,16,4,0,0,0,3.74
PSY 631,631,19,13,0,3,1,0,0,1,0,1,0,0,0,0,16,1,2,0,0,3.705
PSY 632,632,19,12,4,2,0,0,0,0,0,0,1,0,0,0,18,0,0,1,0,3.826
PSY 672,672,24,7,15,1,0,0,0,0,0,0,0,0,0,1,23,0,0,0,1,3.821
REES 408,408,12,0,5,4,1,1,1,0,0,0,0,0,0,0,9,3,0,0,0,3.65
REL 101,101,896,11,126,215,199,168,85,34,19,14,1,1,0,23,352,452,67,2,23,3.21
REL 102,102,815,66,119,133,96,102,89,44,45,45,11,6,9,50,318,287,134,26,50,2.932
REL 199,199,33,2,7,2,0,10,3,0,5,2,1,0,0,1,11,13,7,1,1,2.915
REL 211,211,226,3,44,46,35,31,32,8,4,9,1,1,1,11,93,98,21,3,11,3.088
REL 222,222,458,4,72,92,75,44,54,32,20,13,6,17,7,22,168,173,65,30,22,2.915
REL 223,223,379,14,64,73,36,57,38,30,12,15,4,14,8,14,151,131,57,26,14,2.949
REL 233,233,418,13,175,76,54,35,20,15,11,1,2,1,0,15,264,109,27,3,15,3.426
REL 302,302,242,12,66,83,34,24,8,5,1,2,0,2,0,5,161,66,8,2,5,3.487
REL 303,303,283,14,41,41,26,66,26,21,26,9,2,2,1,8,96,118,56,5,8,2.992
REL 304,304,43,0,19,11,7,4,1,0,0,0,0,1,0,0,30,12,0,1,0,3.616
REL 317,317,302,42,55,46,25,39,25,18,17,10,2,3,2,18,143,89,45,7,18,3.062
REL 318,318,26,0,7,4,3,6,2,3,1,0,0,0,0,0,11,11,4,0,0,3.269
REL 321,321,108,2,17,11,10,14,10,15,9,9,4,2,0,5,30,34,33,6,5,2.719
REL 322,322,110,4,24,17,6,13,16,6,7,3,6,4,1,3,45,35,16,11,3,2.93
REL 323,323,71,5,8,14,12,14,10,4,0,2,2,0,0,0,27,36,6,2,0,3.206
REL 324,324,64,2,14,6,8,6,4,6,5,2,1,3,3,4,22,18,13,7,4,2.734
REL 325,325,39,3,5,5,5,5,6,0,4,1,2,0,0,3,13,16,5,2,3,2.833
REL 335,335,88,2,19,15,14,15,7,6,0,0,1,0,1,8,36,36,6,2,8,3.016
REL 353,353,375,0,27,180,114,35,7,0,0,0,0,0,0,12,207,156,0,0,12,3.398
REL 355,355,172,7,39,28,36,25,13,6,7,0,1,0,0,10,74,74,13,1,10,3.172
REL 357,357,193,1,17,52,36,53,16,4,6,3,0,0,1,4,70,105,13,1,4,3.173
REL 359,359,144,1,14,29,31,29,23,4,3,3,1,1,1,4,44,83,10,3,4,3.069
REL 399,399,53,2,16,18,6,3,2,3,2,1,0,0,0,0,36,11,6,0,0,3.498
REL 407,407,12,0,4,4,4,0,0,0,0,0,0,0,0,0,8,4,0,0,0,3.667
REL 410,410,22,0,9,9,0,2,0,1,0,0,0,0,0,1,18,2,1,0,1,3.527
REL 411,411,10,0,3,0,1,4,1,1,0,0,0,0,0,0,3,6,1,0,0,3.23
REL 414,414,24,4,9,5,1,3,0,0,2,0,0,0,0,0,18,4,2,0,0,3.617
REL 432,432,13,1,2,5,3,2,0,0,0,0,0,0,0,0,8,5,0,0,0,3.569
REL 444,444,29,0,5,11,9,2,0,0,0,0,0,0,0,2,16,11,0,0,2,3.324
RL 151,151,60,3,3,7,12,15,9,6,1,0,0,1,0,3,13,36,7,1,3,2.927
RL 399,399,14,7,3,0,2,1,1,0,0,0,0,0,0,0,10,4,0,0,0,3.736
RL 407,407,134,5,49,26,25,13,3,3,2,1,0,0,1,6,80,41,6,1,6,3.396
RL 507,507,10,1,4,4,1,0,0,0,0,0,0,0,0,0,9,1,0,0,0,3.81
RL 607,607,15,4,9,2,0,0,0,0,0,0,0,0,0,0,15,0,0,0,0,3.96
RL 608,608,10,1,4,2,2,1,0,0,0,0,0,0,0,0,7,3,0,0,0,3.7
RL 623,623,24,0,12,8,2,2,0,0,0,0,0,0,0,0,20,4,0,0,0,3.758
RUSS 101,101,280,38,97,42,14,29,16,16,3,7,1,4,2,11,177,59,26,7,11,3.333
RUSS 102,102,163,28,42,26,17,16,12,6,7,7,1,0,0,1,96,45,20,1,1,3.397
RUSS 103,103,158,23,51,30,13,10,9,4,6,10,0,0,0,2,104,32,20,0,2,3.433
RUSS 201,201,111,11,32,23,13,3,12,4,9,3,0,0,1,0,66,28,16,1,0,3.373
RUSS 202,202,107,6,30,21,11,7,5,6,9,12,0,0,0,0,57,23,27,0,0,3.221
RUSS 203,203,79,3,21,14,5,5,10,2,7,11,0,1,0,0,38,20,20,1,0,3.096
RUSS 204,204,276,57,85,46,35,25,12,5,2,3,0,2,1,3,188,72,10,3,3,3.567
RUSS 205,205,161,5,57,42,29,13,5,0,0,0,0,0,0,10,104,47,0,0,10,3.426
RUSS 206,206,89,4,49,25,4,2,1,1,1,0,0,1,0,1,78,7,2,1,1,3.727
RUSS 240,240,164,18,72,31,11,15,4,4,5,3,0,0,0,1,121,30,12,0,1,3.604
RUSS 309,309,29,15,13,1,0,0,0,0,0,0,0,0,0,0,29,0,0,0,0,3.99
RUSS 316,316,18,0,7,3,2,2,2,1,1,0,0,0,0,0,10,6,2,0,0,3.411
RUSS 317,317,10,0,3,3,3,1,0,0,0,0,0,0,0,0,6,4,0,0,0,3.6
RUSS 334,334,72,7,24,20,7,6,0,1,1,0,1,0,1,4,51,13,2,2,4,3.408
RUSS 335,335,32,3,18,7,1,1,1,0,0,0,0,0,0,1,28,3,0,0,1,3.716
RUSS 351,351,51,2,17,16,6,4,1,0,2,0,0,0,0,3,35,11,2,0,3,3.406
RUSS 360,360,20,0,10,6,0,3,0,1,0,0,0,0,0,0,16,3,1,0,0,3.675
RUSS 410,410,10,0,1,3,0,4,1,0,1,0,0,0,0,0,4,5,1,0,0,3.18
SAPP 407,407,3306,432,1050,438,406,359,178,133,127,67,23,25,6,62,1920,943,327,54,62,3.381
SBUS 199,199,494,2,25,63,73,83,114,42,42,16,5,8,6,15,90,270,100,19,15,2.764
SBUS 250,250,2396,22,296,378,427,549,304,159,134,53,22,27,2,23,696,1280,346,51,23,3.059
SBUS 250N,250N,21,2,6,3,3,3,3,0,1,0,0,0,0,0,11,9,1,0,0,3.433
SBUS 255,255,429,8,30,52,72,96,59,38,21,15,8,8,4,18,90,227,74,20,18,2.81
SBUS 410,410,55,0,10,24,10,5,3,3,0,0,0,0,0,0,34,18,3,0,0,3.487
SBUS 450,450,1397,35,164,351,359,299,114,48,19,3,1,2,0,2,550,772,70,3,2,3.322
SBUS 452,452,1128,4,67,153,195,309,245,83,44,21,3,3,0,1,224,749,148,6,1,3.017
SBUS 453,453,789,4,38,162,189,245,108,26,12,2,1,0,0,2,204,542,40,1,2,3.176
SBUS 455,455,472,1,51,71,85,171,62,19,10,1,1,0,0,0,123,318,30,1,0,3.174
SBUS 456,456,1405,9,82,243,303,368,224,80,37,27,6,3,2,21,334,895,144,11,21,3.052
SBUS 606,606,65,7,24,19,6,7,2,0,0,0,0,0,0,0,50,15,0,0,0,3.7
SBUS 607,607,180,21,41,32,24,45,11,3,3,0,0,0,0,0,94,80,6,0,0,3.462
SBUS 609,609,111,5,52,37,13,3,1,0,0,0,0,0,0,0,94,17,0,0,0,3.779
SBUS 610,610,335,27,89,100,72,41,6,0,0,0,0,0,0,0,216,119,0,0,0,3.614
SBUS 645,645,336,2,65,128,88,39,7,2,3,1,0,1,0,0,195,134,6,1,0,3.515
SBUS 650,650,233,0,36,71,73,42,8,2,1,0,0,0,0,0,107,123,3,0,0,3.441
SBUS 652,652,249,3,37,68,72,44,18,6,0,0,0,1,0,0,108,134,6,1,0,3.392
SBUS 653,653,487,80,148,74,73,66,27,3,15,1,0,0,0,0,302,166,19,0,0,3.565
SBUS 655,655,283,2,82,58,75,38,24,4,0,0,0,0,0,0,142,137,4,0,0,3.484
SCAN 199,199,10,3,3,3,1,0,0,0,0,0,0,0,0,0,9,1,0,0,0,3.84
SCAN 220M,220M,10,1,2,1,2,2,1,0,1,0,0,0,0,0,4,5,1,0,0,3.3
SCAN 251,251,304,5,69,62,59,48,28,16,8,3,0,1,0,5,136,135,27,1,5,3.285
SCAN 259,259,456,32,98,95,83,73,24,17,8,3,1,0,1,21,225,180,28,2,21,3.271
SCAN 315,315,183,15,52,36,21,24,12,5,7,3,3,0,0,5,103,57,15,3,5,3.33
SCAN 316,316,160,38,48,21,16,13,6,6,5,3,0,1,1,2,107,35,14,2,2,3.502
SCAN 317,317,93,4,21,20,17,16,5,2,2,1,0,1,0,4,45,38,5,1,4,3.257
SCAN 325,325,202,21,65,53,20,18,8,6,4,2,1,0,1,3,139,46,12,2,3,3.509
SCAN 341,341,64,1,14,13,15,10,4,1,1,0,0,0,0,5,28,29,2,0,5,3.167
SCAN 343,343,119,11,36,27,15,12,9,2,5,0,0,0,0,2,74,36,7,0,2,3.465
SCAN 344,344,120,3,46,34,18,12,3,0,1,0,0,0,0,3,83,33,1,0,3,3.561
SCAN 345M,345M,9,2,4,2,0,0,0,0,0,0,0,1,0,0,8,0,0,1,0,3.6
SCAN 351,351,35,3,7,11,5,2,5,1,0,0,0,0,0,1,21,12,1,0,1,3.4
SCAN 353,353,103,12,24,23,16,13,6,3,2,3,0,0,0,1,59,35,8,0,1,3.428
SCAN 354,354,48,9,8,7,5,6,8,2,0,0,0,0,0,3,24,19,2,0,3,3.221
SOC 199,199,352,56,156,43,27,23,16,5,7,8,1,2,0,8,255,66,20,3,8,3.553
SOC 204,204,13317,1136,4599,2231,1545,1577,658,400,307,178,64,100,58,464,7966,3780,885,222,464,3.369
SOC 207,207,8038,366,1772,1237,1067,1295,736,477,425,190,100,88,39,246,3375,3098,1092,227,246,3.115
SOC 280,280,325,12,165,72,36,18,7,6,1,2,1,0,0,5,249,61,9,1,5,3.651
SOC 301,301,1583,115,341,194,174,288,115,87,121,35,23,22,5,63,650,577,243,50,63,3.062
SOC 304,304,1921,191,565,328,209,232,102,71,54,34,15,18,5,97,1084,543,159,38,97,3.263
SOC 310,310,2731,233,911,420,272,316,182,92,114,50,17,19,12,93,1564,770,256,48,93,3.311
SOC 311,311,3939,307,695,486,381,636,383,235,281,172,51,85,40,187,1488,1400,688,176,187,2.94
SOC 312,312,1683,67,405,205,177,267,94,93,135,70,16,24,7,123,677,538,298,47,123,2.934
SOC 313,313,1593,172,510,216,160,198,92,75,51,32,12,10,4,61,898,450,158,26,61,3.299
SOC 317,317,1406,168,389,200,150,213,69,43,63,28,7,16,8,52,757,432,134,31,52,3.266
SOC 328,328,1282,134,315,201,196,173,88,67,35,26,8,6,6,27,650,457,128,20,27,3.301
SOC 330,330,1406,201,305,203,141,193,107,65,70,36,21,8,6,50,709,441,171,35,50,3.2
SOC 335,335,49,2,6,6,9,8,4,3,6,1,1,1,1,1,14,21,10,3,1,2.904
SOC 345,345,2220,283,570,279,203,312,147,81,111,53,20,43,12,106,1132,662,245,75,106,3.163
SOC 346,346,1366,142,308,206,175,207,99,70,75,29,7,12,3,33,656,481,174,22,33,3.23
SOC 347,347,181,25,41,20,14,33,16,7,12,3,2,1,1,6,86,63,22,4,6,3.182
SOC 355,355,2563,231,730,497,362,282,152,97,69,27,4,29,6,77,1458,796,193,39,77,3.347
SOC 370,370,841,30,123,133,100,154,84,43,47,30,16,17,7,57,286,338,120,40,57,2.865
SOC 380,380,2657,184,914,525,309,260,149,84,75,47,13,12,9,76,1623,718,206,34,76,3.385
SOC 385,385,944,127,347,129,62,109,40,24,34,16,7,9,4,36,603,211,74,20,36,3.373
SOC 399,399,1209,131,340,188,110,195,64,33,64,15,2,14,4,49,659,369,112,20,49,3.267
SOC 407,407,37,3,12,10,0,3,3,2,2,1,0,0,0,1,25,6,5,0,1,3.362
SOC 408,408,29,0,6,3,2,4,1,1,5,1,2,0,0,4,9,7,7,2,4,2.517
SOC 410,410,1092,125,324,163,127,126,76,36,22,30,7,8,0,48,612,329,88,15,48,3.293
SOC 416,416,946,146,343,129,88,104,29,26,22,17,1,6,3,32,618,221,65,10,32,3.442
SOC 420,420,66,3,16,10,8,20,4,1,2,0,0,1,0,1,29,32,3,1,1,3.295
SOC 425,425,87,13,20,10,5,12,10,1,4,5,1,1,0,5,43,27,10,2,5,3.099
SOC 442,442,174,44,35,17,19,23,12,5,8,1,0,1,0,9,96,54,14,1,9,3.294
SOC 445,445,474,66,117,70,60,67,43,11,15,8,0,1,0,16,253,170,34,1,16,3.325
SOC 446,446,180,18,32,25,30,23,16,10,11,3,0,1,0,11,75,69,24,1,11,3.082
SOC 447,447,162,18,67,16,18,21,6,4,4,0,0,0,0,8,101,45,8,0,8,3.426
SOC 450,450,50,3,18,7,7,8,3,1,1,1,0,0,0,1,28,18,3,0,1,3.422
SOC 451,451,148,0,6,20,19,23,34,23,9,9,2,0,0,3,26,76,41,2,3,2.772
SOC 452,452,240,29,30,31,42,39,22,18,7,10,0,2,1,9,90,103,35,3,9,3.087
SOC 455,455,452,74,145,66,39,40,34,8,10,9,5,2,1,19,285,113,27,8,19,3.371
SOC 456,456,147,8,61,39,14,10,6,2,1,1,0,0,0,5,108,30,4,0,5,3.544
SOC 457,457,553,61,220,86,35,63,29,8,19,9,1,3,0,19,367,127,36,4,19,3.438
SOC 458,458,90,21,41,12,4,2,3,4,0,0,1,0,0,2,74,9,4,1,2,3.669
SOC 459,459,117,21,27,9,10,17,7,2,7,4,0,5,0,8,57,34,13,5,8,3.065
SOC 464,464,112,15,30,21,14,19,4,3,1,1,0,0,0,4,66,37,5,0,4,3.413
SOC 465,465,171,21,85,21,7,14,6,6,2,2,0,1,0,6,127,27,10,1,6,3.539
SOC 467,467,59,7,5,9,7,12,9,0,4,6,0,0,0,0,21,28,10,0,0,3.1
SOC 475,475,214,34,52,20,32,22,10,7,8,8,0,5,3,13,106,64,23,8,13,3.128
SOC 480,480,70,0,16,9,14,10,7,5,4,2,0,2,0,1,25,31,11,2,1,3.104
SOC 484,484,747,97,311,111,80,64,27,12,15,14,1,3,1,11,519,171,41,5,11,3.558
SOC 491,491,37,0,26,4,2,2,1,0,0,1,0,0,0,1,30,5,1,0,1,3.67
SOC 613,613,15,6,6,2,0,0,1,0,0,0,0,0,0,0,14,1,0,0,0,3.873
SOC 616,616,10,4,4,1,0,1,0,0,0,0,0,0,0,0,9,1,0,0,0,3.87
SOC 617,617,23,10,7,2,3,1,0,0,0,0,0,0,0,0,19,4,0,0,0,3.839
SOC 644,644,13,7,4,0,0,1,0,0,0,1,0,0,0,0,11,1,1,0,0,3.746
SOC 664,664,14,7,6,1,0,0,0,0,0,0,0,0,0,0,14,0,0,0,0,3.979
SPAN 101,101,3800,86,537,724,400,677,461,194,314,183,37,66,32,89,1347,1538,691,135,89,2.971
SPAN 102,102,3135,100,469,555,336,572,440,161,232,142,24,35,16,53,1124,1348,535,75,53,3.029
SPAN 103,103,2665,118,504,498,282,463,286,140,178,108,15,19,18,36,1120,1031,426,52,36,3.128
SPAN 111,111,1175,36,210,247,118,230,123,50,80,40,11,10,2,18,493,471,170,23,18,3.13
SPAN 112,112,953,37,199,217,96,163,89,28,61,35,0,11,8,9,453,348,124,19,9,3.206
SPAN 150,150,246,16,49,45,32,35,24,10,12,3,1,3,1,15,110,91,25,5,15,3.085
SPAN 199,199,12,1,4,2,2,0,0,1,0,1,0,0,0,1,7,2,2,0,1,3.167
SPAN 201,201,5077,182,1078,1109,502,893,498,201,288,174,15,51,20,66,2369,1893,663,86,66,3.199
SPAN 202,202,4793,290,1249,984,472,733,452,158,220,138,14,22,15,46,2523,1657,516,51,46,3.31
SPAN 203,203,4624,382,1402,1030,433,687,299,106,146,77,4,10,5,43,2814,1419,329,19,43,3.445
SPAN 218,218,630,85,164,118,71,82,33,21,24,11,1,4,3,13,367,186,56,8,13,3.372
SPAN 228,228,521,64,150,106,52,62,27,15,16,9,1,7,2,10,320,141,40,10,10,3.398
SPAN 238,238,43,0,3,11,7,3,4,4,3,3,1,0,1,3,14,14,10,2,3,2.742
SPAN 248,248,17,11,4,0,2,0,0,0,0,0,0,0,0,0,15,2,0,0,0,3.918
SPAN 299,299,45,1,15,13,2,4,3,1,2,3,0,0,0,1,29,9,6,0,1,3.338
SPAN 301,301,1691,161,617,335,153,223,75,29,38,28,1,7,3,21,1113,451,95,11,21,3.506
SPAN 303,303,1539,87,536,356,175,219,73,35,30,14,2,5,0,7,979,467,79,7,7,3.517
SPAN 305,305,1635,105,578,348,165,196,101,30,50,26,0,12,3,21,1031,462,106,15,21,3.457
SPAN 307,307,373,55,155,80,32,28,13,3,4,2,0,0,0,1,290,73,9,0,1,3.697
SPAN 308,308,2218,357,712,424,191,243,104,46,55,32,5,8,3,38,1493,538,133,16,38,3.504
SPAN 311,311,439,59,165,86,44,31,14,8,17,3,1,1,1,9,310,89,28,3,9,3.532
SPAN 312,312,738,62,282,185,76,57,17,16,15,2,0,3,0,23,529,150,33,3,23,3.525
SPAN 320,320,1245,89,359,283,160,187,67,24,35,23,1,2,0,15,731,414,82,3,15,3.435
SPAN 322,322,839,75,242,167,83,90,75,40,20,29,3,2,1,12,484,248,89,6,12,3.361
SPAN 324,324,618,25,250,141,68,62,29,8,8,13,4,0,0,10,416,159,29,4,10,3.515
SPAN 341,341,233,14,56,65,39,33,10,7,5,1,1,0,0,2,135,82,13,1,2,3.452
SPAN 342,342,530,53,166,130,64,44,34,15,7,7,0,3,0,7,349,142,29,3,7,3.501
SPAN 343,343,632,17,199,176,69,95,35,15,8,5,1,1,2,9,392,199,28,4,9,3.457
SPAN 344,344,971,100,263,232,113,125,59,23,23,10,3,3,0,17,595,297,56,6,17,3.44
SPAN 348,348,755,183,315,135,47,19,17,4,4,5,2,2,0,22,633,83,13,4,22,3.682
SPAN 350,350,250,13,80,66,25,41,10,4,5,0,0,0,0,6,159,76,9,0,6,3.472
SPAN 351,351,211,13,77,46,32,22,10,3,4,0,1,1,0,2,136,64,7,2,2,3.536
SPAN 353,353,427,35,119,122,52,40,16,17,5,6,1,3,1,10,276,108,28,5,10,3.434
SPAN 355,355,67,11,29,16,4,1,4,0,1,0,0,1,0,0,56,9,1,1,0,3.719
SPAN 399,399,260,42,86,57,22,22,10,5,3,3,6,0,0,4,185,54,11,6,4,3.534
SPAN 407,407,396,57,136,98,47,31,10,3,3,2,1,0,0,8,291,88,8,1,8,3.604
SPAN 410,410,174,35,77,38,15,5,2,0,2,0,0,0,0,0,150,22,2,0,0,3.807
SPAN 420,420,251,28,94,42,21,19,15,7,8,8,0,2,1,6,164,55,23,3,6,3.421
SPAN 424,424,54,0,14,21,5,8,4,2,0,0,0,0,0,0,35,17,2,0,0,3.511
SPAN 425,425,146,14,55,39,15,9,5,4,1,2,0,0,0,2,108,29,7,0,2,3.595
SPAN 428,428,180,32,84,27,18,10,5,1,0,1,0,1,0,1,143,33,2,1,1,3.732
SPAN 437,437,13,1,3,2,5,1,1,0,0,0,0,0,0,0,6,7,0,0,0,3.508
SPAN 448,448,17,0,6,7,3,1,0,0,0,0,0,0,0,0,13,4,0,0,0,3.694
SPAN 450,450,10,3,1,1,1,3,0,0,0,0,0,0,0,1,5,4,0,0,1,3.2
SPAN 451,451,9,1,1,2,2,0,1,1,1,0,0,0,0,0,4,3,2,0,0,3.222
SPAN 480,480,35,5,12,9,5,2,1,1,0,0,0,0,0,0,26,8,1,0,0,3.68
SPAN 490,490,239,43,94,42,30,10,3,3,5,2,0,0,0,7,179,43,10,0,7,3.602
SPAN 690,690,10,4,4,2,0,0,0,0,0,0,0,0,0,0,10,0,0,0,0,3.94
SPD 510,510,17,1,6,7,3,0,0,0,0,0,0,0,0,0,14,3,0,0,0,3.753
SPD 510L,510L,19,5,12,0,1,1,0,0,0,0,0,0,0,0,17,2,0,0,0,3.911
SPD 515,515,23,2,11,5,3,1,1,0,0,0,0,0,0,0,18,5,0,0,0,3.743
SPD 525,525,59,3,25,11,11,7,2,0,0,0,0,0,0,0,39,20,0,0,0,3.651
SPD 601,601,29,0,6,6,4,5,3,0,5,0,0,0,0,0,12,12,5,0,0,3.19
SPD 606,606,9,0,5,1,0,2,1,0,0,0,0,0,0,0,6,3,0,0,0,3.6
SPD 610,610,226,50,48,61,37,26,1,3,0,0,0,0,0,0,159,64,3,0,0,3.661
SPD 645,645,29,3,10,9,4,2,1,0,0,0,0,0,0,0,22,7,0,0,0,3.697
SPD 650,650,85,12,29,23,10,6,0,0,1,3,0,0,0,1,64,16,4,0,1,3.614
SPD 684,684,106,0,33,32,14,18,7,2,0,0,0,0,0,0,65,39,2,0,0,3.529
SPD 685,685,90,0,15,11,29,22,7,5,0,0,0,0,1,0,26,58,5,1,0,3.261
SPD 686,686,89,17,18,20,12,17,5,0,0,0,0,0,0,0,55,34,0,0,0,3.574
SPD 687,687,55,3,9,19,11,11,1,1,0,0,0,0,0,0,31,23,1,0,0,3.502
SPD 688,688,68,1,14,17,12,14,7,2,0,0,0,0,0,1,32,33,2,0,1,3.353
SPD 689,689,65,10,16,10,13,12,4,0,0,0,0,0,0,0,36,29,0,0,0,3.549
SPED 199,199,124,44,20,20,6,10,6,3,2,1,1,0,1,10,84,22,6,2,10,3.311
SPED 407,407,42,16,12,9,1,2,1,1,0,0,0,0,0,0,37,4,1,0,0,3.8
SPED 410,410,50,12,25,0,3,6,0,0,2,0,0,0,0,2,37,9,2,0,2,3.598
SPED 411,411,3180,55,1802,319,218,392,99,45,118,28,11,26,10,57,2176,709,191,47,57,3.524
SPED 412,412,60,10,33,6,3,6,1,0,1,0,0,0,0,0,49,10,1,0,0,3.78
SPED 415,415,30,6,17,2,1,4,0,0,0,0,0,0,0,0,25,5,0,0,0,3.823
SPED 418,418,22,5,9,3,1,1,0,0,2,0,0,0,0,1,17,2,2,0,1,3.518
SPED 426,426,782,223,308,49,32,94,15,12,18,4,1,7,0,19,580,141,34,8,19,3.596
SPED 428,428,10,1,3,2,0,2,1,0,1,0,0,0,0,0,6,3,1,0,0,3.41
SPED 431,431,120,20,46,8,15,20,4,1,3,2,0,0,0,1,74,39,6,0,1,3.547
SPED 432,432,217,19,134,31,8,18,2,0,2,1,0,0,0,2,184,28,3,0,2,3.771
SPED 436,436,12,2,5,0,0,4,0,0,1,0,0,0,0,0,7,4,1,0,0,3.5
SPED 440,440,13,0,6,3,1,3,0,0,0,0,0,0,0,0,9,4,0,0,0,3.646
SPED 510,510,27,12,12,2,1,0,0,0,0,0,0,0,0,0,26,1,0,0,0,3.952
SPED 511,511,473,136,254,36,12,23,5,0,3,1,0,0,0,3,426,40,4,0,3,3.854
SPED 515,515,72,37,33,0,0,2,0,0,0,0,0,0,0,0,70,2,0,0,0,3.972
SPED 518,518,17,2,8,2,2,2,1,0,0,0,0,0,0,0,12,5,0,0,0,3.688
SPED 522,522,77,19,31,6,2,14,4,0,1,0,0,0,0,0,56,20,1,0,0,3.683
SPED 526,526,126,54,45,3,8,8,0,0,5,0,0,0,0,3,102,16,5,0,3,3.71
SPED 528,528,149,94,29,11,5,5,1,0,1,0,0,0,1,2,134,11,1,1,2,3.823
SPED 536,536,92,43,30,8,2,6,1,2,0,0,0,0,0,0,81,9,2,0,0,3.842
SPED 540,540,184,25,109,19,10,13,0,1,3,0,0,1,0,3,153,23,4,1,3,3.737
SPED 541,541,56,10,19,11,5,8,3,0,0,0,0,0,0,0,40,16,0,0,0,3.666
SPED 542,542,34,11,13,7,1,2,0,0,0,0,0,0,0,0,31,3,0,0,0,3.859
SPED 570,570,35,6,18,4,2,1,2,0,2,0,0,0,0,0,28,5,2,0,0,3.709
SPED 571,571,34,14,11,6,1,0,2,0,0,0,0,0,0,0,31,3,0,0,0,3.85
SPED 572,572,28,19,3,4,1,0,0,1,0,0,0,0,0,0,26,1,1,0,0,3.871
SPED 573,573,32,7,16,2,2,3,0,0,2,0,0,0,0,0,25,5,2,0,0,3.719
SPED 606,606,19,12,4,2,0,1,0,0,0,0,0,0,0,0,18,1,0,0,0,3.916
SPED 610,610,127,41,42,8,9,14,6,3,0,1,0,3,0,0,91,29,4,3,0,3.631
SPED 620,620,13,1,5,5,1,1,0,0,0,0,0,0,0,0,11,2,0,0,0,3.754
SPED 628,628,132,36,51,22,13,8,1,0,0,0,0,1,0,0,109,22,0,1,0,3.788
SPED 632,632,26,13,11,0,2,0,0,0,0,0,0,0,0,0,24,2,0,0,0,3.946
SPED 633,633,19,0,13,0,0,6,0,0,0,0,0,0,0,0,13,6,0,0,0,3.684
SPED 660,660,248,56,151,11,7,22,1,0,0,0,0,0,0,0,218,30,0,0,0,3.873
SPED 670,670,19,2,10,2,1,3,0,0,1,0,0,0,0,0,14,4,1,0,0,3.668
SPED 671,671,20,13,2,3,1,1,0,0,0,0,0,0,0,0,18,2,0,0,0,3.87
SPED 676,676,34,9,11,5,5,1,3,0,0,0,0,0,0,0,25,9,0,0,0,3.709
SPED 677,677,17,3,5,5,3,0,0,0,1,0,0,0,0,0,13,3,1,0,0,3.671
SPED 678,678,33,19,5,4,2,1,2,0,0,0,0,0,0,0,28,5,0,0,0,3.812
SPED 679,679,20,10,3,3,1,1,0,0,2,0,0,0,0,0,16,2,2,0,0,3.67
SPED 680,680,54,11,22,13,4,3,1,0,0,0,0,0,0,0,46,8,0,0,0,3.796
SPED 681,681,13,6,6,1,0,0,0,0,0,0,0,0,0,0,13,0,0,0,0,3.977
SPED 682,682,62,6,21,15,11,7,2,0,0,0,0,0,0,0,42,20,0,0,0,3.648
SPED 683,683,70,11,30,23,3,3,0,0,0,0,0,0,0,0,64,6,0,0,0,3.829
SPED 684,684,40,0,19,3,14,4,0,0,0,0,0,0,0,0,22,18,0,0,0,3.632
SPED 685,685,40,0,14,8,11,5,2,0,0,0,0,0,0,0,22,18,0,0,0,3.557
SPED 686,686,53,12,17,13,9,0,2,0,0,0,0,0,0,0,42,11,0,0,0,3.758
SPED 687,687,42,0,22,11,3,4,2,0,0,0,0,0,0,0,33,9,0,0,0,3.714
SPED 689,689,15,0,11,4,0,0,0,0,0,0,0,0,0,0,15,0,0,0,0,3.92
SPM 601,601,357,46,183,22,13,64,1,6,19,0,0,2,0,1,251,78,25,2,1,3.61
SPM 606,606,688,248,224,112,41,27,19,8,6,1,0,1,0,1,584,87,15,1,1,3.784
SPM 607,607,246,12,77,97,37,22,1,0,0,0,0,0,0,0,186,60,0,0,0,3.682
SPM 610,610,1949,302,681,451,241,202,51,13,4,3,0,0,0,1,1434,494,20,0,1,3.685
SPM 624,624,302,118,142,38,3,1,0,0,0,0,0,0,0,0,298,4,0,0,0,3.952
SPM 627,627,384,27,127,136,49,42,3,0,0,0,0,0,0,0,290,94,0,0,0,3.685
SPM 631M,631M,185,36,84,31,10,17,5,0,1,0,0,1,0,0,151,32,1,1,0,3.758
SPM 637,637,392,0,40,137,104,69,26,9,5,2,0,0,0,0,177,199,16,0,0,3.371
SPM 640,640,329,42,86,73,40,65,18,0,4,0,0,0,0,1,201,123,4,0,1,3.543
SPM 653,653,175,2,25,6,41,86,14,1,0,0,0,0,0,0,33,141,1,0,0,3.221
SPSY 511,511,20,4,12,1,1,1,1,0,0,0,0,0,0,0,17,3,0,0,0,3.835
SPSY 610,610,26,12,11,1,0,2,0,0,0,0,0,0,0,0,24,2,0,0,0,3.912
SPSY 617,617,14,6,7,0,1,0,0,0,0,0,0,0,0,0,13,1,0,0,0,3.95
SPSY 630,630,27,11,14,1,1,0,0,0,0,0,0,0,0,0,26,1,0,0,0,3.963
SPSY 632,632,48,11,22,9,2,2,2,0,0,0,0,0,0,0,42,6,0,0,0,3.819
SPSY 650,650,226,78,112,25,6,4,1,0,0,0,0,0,0,0,215,11,0,0,0,3.925
SPSY 651,651,103,50,40,11,2,0,0,0,0,0,0,0,0,0,101,2,0,0,0,3.954
SPSY 652,652,121,63,37,11,3,3,4,0,0,0,0,0,0,0,111,10,0,0,0,3.888
SPSY 661,661,13,6,6,1,0,0,0,0,0,0,0,0,0,0,13,0,0,0,0,3.977
SPSY 663,663,14,7,7,0,0,0,0,0,0,0,0,0,0,0,14,0,0,0,0,4.0
SPSY 671,671,39,12,17,4,3,2,1,0,0,0,0,0,0,0,33,6,0,0,0,3.831
SPSY 672,672,112,34,64,9,1,4,0,0,0,0,0,0,0,0,107,5,0,0,0,3.934
SPSY 699,699,23,8,13,1,0,1,0,0,0,0,0,0,0,0,22,1,0,0,0,3.943
STAT 243Z,243Z,4621,154,882,554,426,787,343,278,446,201,50,208,25,267,1590,1556,925,283,267,2.824
SWAH 101,101,139,26,33,33,12,9,9,7,4,3,1,0,1,1,92,30,14,2,1,3.455
SWAH 102,102,71,9,15,6,11,9,7,4,4,4,1,0,0,1,30,27,12,1,1,3.179
SWAH 103,103,51,12,4,9,8,6,2,5,3,2,0,0,0,0,25,16,10,0,0,3.294
SWAH 201,201,54,5,7,13,10,8,6,2,1,1,0,0,0,1,25,24,4,0,1,3.289
SWAH 202,202,43,1,9,10,11,6,0,2,3,0,1,0,0,0,20,17,5,1,0,3.33
SWAH 203,203,33,8,6,7,5,0,2,2,1,2,0,0,0,0,21,7,5,0,0,3.448
SWED 101,101,143,26,30,28,14,17,7,5,6,7,1,0,1,1,84,38,18,2,1,3.364
SWED 102,102,131,22,28,17,12,17,13,4,6,11,0,0,0,1,67,42,21,0,1,3.271
SWED 103,103,113,20,22,14,9,22,6,4,6,5,1,0,1,3,56,37,15,2,3,3.216
SWED 201,201,52,7,11,11,11,3,0,4,1,2,0,0,0,2,29,14,7,0,2,3.319
SWED 202,202,57,3,11,15,2,14,2,1,6,1,0,0,0,2,29,18,8,0,2,3.184
SWED 203,203,52,7,15,6,4,7,6,6,0,1,0,0,0,0,28,17,7,0,0,3.387
TA 210,210,66,0,40,7,4,8,2,0,2,1,0,0,0,2,47,14,3,0,2,3.548
TA 211,211,360,75,105,52,36,29,18,13,11,3,1,3,0,14,232,83,27,4,14,3.411
TA 212,212,234,9,106,32,18,31,10,11,7,2,0,1,0,7,147,59,20,1,7,3.425
TA 250,250,704,30,292,150,66,67,30,22,21,6,1,5,5,9,472,163,49,11,9,3.488
TA 251,251,168,7,70,44,14,9,9,4,5,5,0,1,0,0,121,32,14,1,0,3.554
TA 252,252,120,5,58,33,9,9,0,0,2,0,0,0,1,3,96,18,2,1,3,3.629
TA 271,271,685,23,302,169,49,37,29,22,24,8,5,7,1,9,494,115,54,13,9,3.508
TA 364,364,17,1,7,3,1,1,1,2,0,0,0,0,0,1,11,3,2,0,1,3.335
TA 367,367,376,7,162,73,25,41,23,7,11,4,0,2,4,17,242,89,22,6,17,3.36
TA 368,368,344,5,132,68,40,44,17,9,15,2,1,3,5,3,205,101,26,9,3,3.405
TA 369,369,347,35,104,94,25,28,23,11,10,3,0,3,1,10,233,76,24,4,10,3.419
TA 410,410,11,0,5,2,2,1,0,0,0,0,0,0,0,1,7,3,0,0,1,3.364
TA 411,411,75,2,24,10,6,11,5,3,11,0,1,2,0,0,36,22,14,3,0,3.193
TA 412,412,61,3,22,7,6,9,1,2,4,2,0,1,0,4,32,16,8,1,4,3.154
TA 413,413,14,0,5,0,0,7,1,0,1,0,0,0,0,0,5,8,1,0,0,3.264
TA 416,416,21,0,5,5,2,6,1,2,0,0,0,0,0,0,10,9,2,0,0,3.352
TA 418,418,36,2,9,5,3,6,2,1,6,1,0,1,0,0,16,11,8,1,0,3.133
TA 419,419,13,1,2,3,3,2,0,0,1,1,0,0,0,0,6,5,2,0,0,3.285
TA 441,441,15,0,9,3,1,2,0,0,0,0,0,0,0,0,12,3,0,0,0,3.76
TA 445,445,86,4,35,13,6,11,5,6,3,0,1,0,0,2,52,22,9,1,2,3.39
TA 452,452,153,1,78,40,8,17,5,1,1,1,0,1,0,0,119,30,3,1,0,3.673
TA 467,467,25,0,7,4,3,1,0,2,6,0,0,1,0,1,11,4,8,1,1,2.932
TA 470,470,116,9,44,32,5,10,9,4,0,1,0,0,0,2,85,24,5,0,2,3.553
TA 471,471,115,4,23,23,11,19,10,5,9,3,2,1,0,5,50,40,17,3,5,3.057
TA 472,472,229,55,63,41,13,24,15,5,3,1,1,2,1,5,159,52,9,4,5,3.503
TA 490,490,69,12,20,19,4,6,3,0,1,0,0,0,1,3,51,13,1,1,3,3.483
TLC 101,101,164,5,44,25,27,10,15,8,7,3,2,4,5,9,74,52,18,11,9,3.023
TLC 199,199,40,0,10,4,6,8,4,1,7,0,0,0,0,0,14,18,8,0,0,3.142
UGST 101,101,25,1,7,2,3,3,2,0,2,2,0,1,0,2,10,8,4,1,2,2.884
UGST 111,111,459,106,256,26,16,19,8,2,15,3,0,3,0,5,388,43,20,3,5,3.744
UGST 112,112,1858,473,756,188,120,115,66,25,43,23,4,14,2,29,1417,301,91,20,29,3.624
UGST 113,113,118,47,53,4,1,6,1,0,5,0,0,0,0,1,104,8,5,0,1,3.803
UGST 199,199,125,23,13,15,13,12,12,8,2,3,0,4,6,14,51,37,13,10,14,2.772
UGST 407,407,52,21,19,5,2,2,2,0,1,0,0,0,0,0,45,6,1,0,0,3.817
UGST 408,408,18,4,1,0,3,3,1,2,2,1,0,0,0,1,5,7,5,0,1,2.883
WGS 101,101,4962,563,1214,973,671,611,343,154,141,93,35,37,16,111,2750,1625,388,88,111,3.339
WGS 199,199,217,49,42,41,27,24,14,4,8,2,0,0,1,5,132,65,14,1,5,3.428
WGS 201,201,728,61,122,150,93,109,53,35,34,10,15,9,10,27,333,255,79,34,27,3.111
WGS 221,221,799,69,197,135,98,126,53,23,23,28,4,14,2,27,401,277,74,20,27,3.223
WGS 250,250,475,26,119,88,72,63,31,22,15,12,8,3,3,13,233,166,49,14,13,3.226
WGS 251,251,304,54,107,26,26,25,15,11,14,5,2,2,0,17,187,66,30,4,17,3.315
WGS 261,261,316,34,51,76,38,36,34,10,14,11,1,2,3,6,161,108,35,6,6,3.233
WGS 303,303,559,20,67,130,90,103,54,30,19,9,2,3,2,30,217,247,58,7,30,3.059
WGS 315,315,384,15,122,139,64,23,5,1,2,2,0,0,0,11,276,92,5,0,11,3.557
WGS 321,321,753,37,171,148,105,105,67,34,21,18,6,7,2,32,356,277,73,15,32,3.173
WGS 322,322,74,9,27,26,4,4,1,0,1,1,0,0,0,1,62,9,2,0,1,3.673
WGS 331,331,283,41,114,36,30,29,14,4,4,1,0,0,3,7,191,73,9,3,7,3.527
WGS 341,341,592,57,179,119,62,71,45,14,15,7,1,1,0,21,355,178,36,2,21,3.378
WGS 350,350,131,1,32,30,21,12,11,5,5,1,0,1,1,11,63,44,11,2,11,3.076
WGS 351,351,471,67,183,64,38,56,23,4,10,3,1,2,1,19,314,117,17,4,19,3.462
WGS 352,352,111,0,2,44,14,18,16,8,0,3,0,1,0,5,46,48,11,1,5,3.051
WGS 361,361,561,38,121,104,88,70,48,23,20,19,3,6,1,20,263,206,62,10,20,3.185
WGS 399,399,289,65,80,35,36,38,12,3,4,4,1,1,0,10,180,86,11,2,10,3.456
WGS 407,407,22,3,4,6,3,3,2,0,1,0,0,0,0,0,13,8,1,0,0,3.477
WGS 410,410,98,3,34,23,19,10,2,3,0,0,1,0,0,3,60,31,3,1,3,3.463
WGS 411,411,100,8,48,19,7,6,4,3,3,1,0,0,0,1,75,17,7,0,1,3.608
WGS 421,421,42,10,24,3,2,2,0,0,0,0,0,0,0,1,37,4,0,0,1,3.802
WGS 422,422,245,37,75,40,32,25,13,4,9,4,0,0,0,6,152,70,17,0,6,3.452
WGS 432,432,58,13,14,7,10,6,2,2,2,0,1,0,0,1,34,18,4,1,1,3.452
WGS 450,450,68,7,21,9,4,9,6,0,3,1,1,2,0,5,37,19,4,3,5,3.128
WGS 451,451,83,11,37,17,2,7,1,3,1,3,0,0,0,1,65,10,7,0,1,3.605
WR 121,121,20690,1616,5578,3941,2735,2827,1432,709,617,384,79,109,65,598,11135,6994,1710,253,598,3.311
WR 121Z,121Z,5680,1191,1739,886,438,494,245,134,145,117,19,24,19,229,3816,1177,396,62,229,3.424
WR 122,122,17659,1394,5233,3439,2222,2263,1128,493,500,336,51,94,45,461,10066,5613,1329,190,461,3.358
WR 122Z,122Z,6770,1586,2137,970,516,564,270,127,203,138,20,20,17,202,4693,1350,468,57,202,3.485
WR 123,123,9808,894,2740,1891,1214,1354,578,261,265,182,26,41,23,339,5525,3146,708,90,339,3.333
WR 320,320,835,106,249,175,111,85,36,20,11,10,0,2,3,27,530,232,41,5,27,3.443
WR 321,321,644,58,199,133,66,78,41,12,21,19,3,2,0,12,390,185,52,5,12,3.401
WR 423,423,34,3,11,8,9,2,0,0,0,0,0,0,0,1,22,11,0,0,1,3.568
WR 510,510,14,0,7,4,2,1,0,0,0,0,0,0,0,0,11,3,0,0,0,3.743
